station_code,station_name,hop_number,cascaded_delay,path,num_trains_affected
HWH,HOWRAH JN,0,60.0,HWH,44
KGY,KULGACHIA,1,48.0,HWH → KGY,28
JDB,JAGDALPUR,1,48.0,HWH → JDB,4
DNHL,DHANIAKHALI,1,48.0,HWH → DNHL,14
BSBP,BIR SHIBPUR,1,48.0,HWH → BSBP,19
GOL,GOILKERA,1,48.0,HWH → GOL,8
JPR,JAKPUR,1,48.0,HWH → JPR,29
JJKR,JAJPUR KEONJHAR ROAD,1,48.0,HWH → JJKR,14
CKW,CHALKHOA,1,48.0,HWH → CKW,9
KTES,KATNI SOUTH,1,48.0,HWH → KTES,33
GGTA,GHORAGHATA,1,48.0,HWH → GGTA,15
TPKR,TIKIAPARA,1,48.0,HWH → TPKR,14
ADST,ADI SAPTAGRAM,1,48.0,HWH → ADST,6
LLH,LILUAH,1,48.0,HWH → LLH,9
AZA,AZARA,1,48.0,HWH → AZA,6
BZL,BELANAGAR,1,48.0,HWH → BZL,13
MGPI,MANGARPATTI HALT,1,48.0,HWH → MGPI,3
GTS,GHATSILA,1,48.0,HWH → GTS,8
SLRA,SARALA,1,48.0,HWH → SLRA,13
MURI,MURI,1,48.0,HWH → MURI,16
KWKC,KHERWA KOCHA,1,48.0,HWH → KWKC,8
SLF,SILLI,2,38.4,HWH → MURI → SLF,6
THO,TULIN,2,38.4,HWH → MURI → THO,6
BLNG,BARLANGA,2,38.4,HWH → MURI → BLNG,7
TPQ,Topokal,2,38.4,HWH → JDB → TPQ,2
SKS,SALEKASA,2,38.4,HWH → KGY → SKS,10
SBPD,SAMBALPUR ROAD,2,38.4,HWH → SLRA → SBPD,27
NMP,NIMPURA,2,38.4,HWH → KGY → NMP,15
VKD,BAKHRABAD,2,38.4,HWH → KGY → VKD,18
BMD,BHIMADOLU,2,38.4,HWH → KGY → BMD,11
NRG,NERGUNDI,2,38.4,HWH → SLRA → NRG,26
JSGR,JHARSUGUDA ROAD,2,38.4,HWH → SLRA → JSGR,11
PVD,PEDDAVADIAPUDI,2,38.4,HWH → KGY → PVD,14
NKX,NAKTISEMRA,2,38.4,HWH → JDB → NKX,4
DKM,DIKOM,2,38.4,HWH → CKW → DKM,12
BOP,BHOGPUR,2,38.4,HWH → BSBP → BOP,22
NALR,NALPUR,2,38.4,HWH → BSBP → NALR,17
KIG,KOLAGHAT GOODS,2,38.4,HWH → BSBP → KIG,19
NGRD,NILGIRI ROAD,2,38.4,HWH → BSBP → NGRD,14
JAT,JAMMU TAWI,2,38.4,HWH → DNHL → JAT,21
AGT,AGTHORI,2,38.4,HWH → DNHL → AGT,13
MDKU,MODUKURU,2,38.4,HWH → BSBP → MDKU,18
CEL,CHEBROL,2,38.4,HWH → BSBP → CEL,13
SWR,SONUA,2,38.4,HWH → GOL → SWR,10
DRWN,DEROWAN P. HALT,2,38.4,HWH → GOL → DRWN,10
TUX,TUNIA,2,38.4,HWH → GOL → TUX,9
BUDR,BAUDPUR,2,38.4,HWH → BSBP → BUDR,14
SPRN,SALEMPUR HALT,2,38.4,HWH → MGPI → SPRN,4
DVM,DALBHUMGARH,2,38.4,HWH → GTS → DVM,6
GUD,GALUDIH,2,38.4,HWH → GTS → GUD,9
BLRG,BALASIRING,2,38.4,HWH → KWKC → BLRG,10
JON,JONHA,2,38.4,HWH → KWKC → JON,12
ROU,ROURKELA,2,38.4,HWH → MURI → ROU,17
BRKP,BARKIPONA,2,38.4,HWH → MURI → BRKP,7
KSX,KOTSHILA,2,38.4,HWH → MURI → KSX,12
ILO,ILLOO,2,38.4,HWH → MURI → ILO,11
SKAR,SAKARIYA,2,38.4,HWH → KTES → SKAR,10
TSKG,TINSUKIA GOODS,2,38.4,HWH → CKW → TSKG,6
DBRT,DIBRUGARH TOWN,2,38.4,HWH → CKW → DBRT,3
CHC,CHANCHAI,2,38.4,HWH → DNHL → CHC,11
SLG,SIMLAGARH,2,38.4,HWH → ADST → SLG,5
BDC,BANDEL JN,2,38.4,HWH → ADST → BDC,12
MUG,MAGRA,2,38.4,HWH → ADST → MUG,5
CDAE,CHANDANPUR,2,38.4,HWH → DNHL → CDAE,11
KAN,KHANA JN,2,38.4,HWH → DNHL → KAN,20
BNGN,BONGAIGAON,2,38.4,HWH → DNHL → BNGN,18
NLV,NALBARI,2,38.4,HWH → DNHL → NLV,14
KTE,KATNI,2,38.4,HWH → KTES → KTE,22
MDRR,MADHAVNAGAR ROA,2,38.4,HWH → KTES → MDRR,14
ETF,ITARSI F CABIN,2,38.4,HWH → KTES → ETF,8
SNRL,SANSARTALI,2,38.4,HWH → SLRA → SNRL,10
SSN,SASON,2,38.4,HWH → SLRA → SSN,11
LHL,LAHOAL,2,38.4,HWH → CKW → LHL,9
NBR,NAMBURU,2,38.4,HWH → JPR → NBR,8
ASB,ASANBONI,2,38.4,HWH → JPR → ASB,14
SAL,SALWA,2,38.4,HWH → JPR → SAL,10
VTM,VETAPALEMU,2,38.4,HWH → JPR → VTM,13
KLX,KOLAKALUR,2,38.4,HWH → JPR → KLX,13
MJGP,MAJHGAWAN PHATA,2,38.4,HWH → KTES → MJGP,14
CHDX,CHHADA,2,38.4,HWH → KTES → CHDX,9
JUH,JUJHARPUR,2,38.4,HWH → KTES → JUH,10
ITMA,ITARSI MARSHALING YARD,2,38.4,HWH → KTES → ITMA,8
EDA,ITWAN DUNDAILA,2,38.4,HWH → KTES → EDA,12
BMRN,BHIMRANA,2,38.4,HWH → GGTA → BMRN,9
MOU,MANOHARPUR,2,38.4,HWH → GGTA → MOU,12
ADRA,ADRA JN,2,38.4,HWH → GGTA → ADRA,10
ULB,ULUBARIA,2,38.4,HWH → GGTA → ULB,18
MXW,MAHADEV SAL,2,38.4,HWH → GOL → MXW,17
MKTP,MUKETASHWAR,2,38.4,HWH → JJKR → MKTP,15
RDU,RADHAMOHANPUR,2,38.4,HWH → JJKR → RDU,19
NDLS,NEW DELHI,2,38.4,HWH → JJKR → NDLS,24
KHF,KHANTAPARA,2,38.4,HWH → JJKR → KHF,20
ULD,ACHALDA,2,38.4,HWH → JJKR → ULD,14
KRIH,KORAI HALT,2,38.4,HWH → JJKR → KRIH,15
SORO,SORO,2,38.4,HWH → GGTA → SORO,11
BZN,BAGNAN,2,38.4,HWH → GGTA → BZN,22
DTE,DEULTI,2,38.4,HWH → GGTA → DTE,21
HWHG,HOWRAH GOODS,2,38.4,HWH → TPKR → HWHG,15
ROP,RUPSA JN,2,38.4,HWH → TPKR → ROP,11
ARD,AMARDA ROAD,2,38.4,HWH → TPKR → ARD,17
DSNR,DASHNAGAR,2,38.4,HWH → TPKR → DSNR,9
LEK,LAKHAKHERA,2,38.4,HWH → KTES → LEK,8
JNP,JAGAN NATHAPUR,2,38.4,HWH → GGTA → JNP,12
CHBT,CHAKARBHATHA,2,38.4,HWH → JPR → CHBT,13
BMAE,BELMURI,2,38.4,HWH → DNHL → BMAE,18
SBPY,SAMBALPUR CITY,2,38.4,HWH → SLRA → SBPY,14
DGB,DINDU GOPALA PURAM HALT,2,38.4,HWH → JPR → DGB,19
MFP,MUZAFFARPUR JN,2,38.4,HWH → GGTA → MFP,22
SZZ,SABIRA,2,38.4,HWH → JPR → SZZ,10
YAD,YEULKHED,2,38.4,HWH → JPR → YAD,7
GVN,GODAVARI,2,38.4,HWH → JPR → GVN,8
CND,CHANDUR,2,38.4,HWH → JPR → CND,10
BBM,BARABHUM,2,38.4,HWH → JPR → BBM,6
MPD,MADPUR,2,38.4,HWH → JPR → MPD,18
KGP,KHARAGPUR JN,2,38.4,HWH → JPR → KGP,26
KPL,KANTAKAPALLE,2,38.4,HWH → JPR → KPL,18
ROB,ROBERTSON,2,38.4,HWH → KGY → ROB,13
KAOT,KAOTHA,2,38.4,HWH → KGY → KAOT,9
JPQ,JHAPANDANGA,2,38.4,HWH → DNHL → JPQ,6
SHBC,SIBAICHANDI,2,38.4,HWH → LLH → SHBC,8
MRZA,MIRZA,2,38.4,HWH → AZA → MRZA,6
KYQ,KAMAKHYA,2,38.4,HWH → AZA → KYQ,26
BLY,BALLY,2,38.4,HWH → BZL → BLY,14
DKAE,DANKUNI,2,38.4,HWH → BZL → DKAE,12
ADL,ANDUL,2,38.4,HWH → BZL → ADL,15
CCRL,CC RLY LINK CAB,2,38.4,HWH → BZL → CCRL,8
SMCK,SHYAM CHAK,2,38.4,HWH → BZL → SMCK,17
JKPR,JAKHAPURA,2,38.4,HWH → JJKR → JKPR,20
CAP,CHATRAPUR,2,38.4,HWH → KGY → CAP,19
ANCR,ANCHURI,2,38.4,HWH → KGY → ANCR,6
AJNI,AJNI,2,38.4,HWH → KGY → AJNI,15
BEQ,BELUR,2,38.4,HWH → LLH → BEQ,7
ANV,ANNAVARAM,2,38.4,HWH → KGY → ANV,11
CJN,CHHATNA,3,30.7,HWH → KGY → ANCR → CJN,5
NZD,NUZVID,3,30.7,HWH → KGY → CAP → NZD,13
BQA,BANKURA,3,30.7,HWH → KGY → ANCR → BQA,7
TPF,TARAPITH ROAD,3,30.7,HWH → KGY → ANCR → TPF,11
KIS,KAPILAS ROAD,3,30.7,HWH → SLRA → NRG → KIS,13
MACR,MANGULI CHOWDWAR,3,30.7,HWH → SLRA → NRG → MACR,10
SQQ,SALAGAON,3,30.7,HWH → SLRA → NRG → SQQ,6
CHAR,CHARMAL,3,30.7,HWH → SLRA → NRG → CHAR,12
SPT,SOMPETA,3,30.7,HWH → KGY → CAP → SPT,17
WFD,WHITEFIELD,3,30.7,HWH → KGY → CAP → WFD,11
CLKA,CHILKA,3,30.7,HWH → KGY → CAP → CLKA,24
CAPC,CHATRAPUR COURT,3,30.7,HWH → KGY → CAP → CAPC,15
JER,JALESWAR,3,30.7,HWH → BSBP → BOP → JER,11
BBAE,BAIDYABATI,3,30.7,HWH → BSBP → BOP → BBAE,5
SUA,SARDIHA,3,30.7,HWH → KGY → NMP → SUA,10
DNL,DHANOLI,3,30.7,HWH → KGY → SKS → DNL,8
DKS,DAREKASA,3,30.7,HWH → KGY → SKS → DKS,6
SVPM,S VENKTESWRPALM,3,30.7,HWH → KGY → PVD → SVPM,10
SLO,SAMALKOT JN,3,30.7,HWH → KGY → PVD → SLO,14
TVT,TIRUVOTTIYUR,3,30.7,HWH → KGY → PVD → TVT,14
SSPN,SATYA SAI P NILAYAM,3,30.7,HWH → BSBP → KIG → SSPN,10
TKPL,TIKIRAPAL HALT,3,30.7,HWH → BSBP → KIG → TKPL,12
BLS,BALASORE,3,30.7,HWH → BSBP → NGRD → BLS,10
TTPT,TALCHER THERMAL,3,30.7,HWH → SLRA → NRG → TTPT,12
KOJ,KOKRAJHAR,3,30.7,HWH → KGY → VKD → KOJ,20
BLDA,BELDA,3,30.7,HWH → KGY → VKD → BLDA,18
NYA,NARAYANGARH,3,30.7,HWH → KGY → VKD → NYA,12
BEH,BAGDIHI,3,30.7,HWH → KGY → NMP → BEH,8
RLJC,RLJC,3,30.7,HWH → KGY → NMP → RLJC,13
CSY,COSSYE,3,30.7,HWH → KGY → NMP → CSY,8
KATB,KHATKURA,3,30.7,HWH → KGY → NMP → KATB,14
KPD,KATPADI JN,3,30.7,HWH → DNHL → BMAE → KPD,23
ERN,ERNAKULAM TOWN,3,30.7,HWH → DNHL → BMAE → ERN,16
MSAE,MASAGRAM,3,30.7,HWH → DNHL → BMAE → MSAE,16
MANE,MANESWAR,3,30.7,HWH → SLRA → SBPY → MANE,5
CSTM,MUMBAI CST,3,30.7,HWH → BSBP → KIG → CSTM,21
KRPB,KORAPUT B CABIN B.H.,3,30.7,HWH → SLRA → SNRL → KRPB,5
CLVR,CHILUVUR,3,30.7,HWH → KGY → PVD → CLVR,12
KRL,KOTARLIA,3,30.7,HWH → KGY → ROB → KRL,8
PKE,PIMPAR KHED,3,30.7,HWH → KGY → ROB → PKE,15
BEF,BHUPDEOPUR,3,30.7,HWH → KGY → ROB → BEF,6
KHS,KHARSIA,3,30.7,HWH → KGY → ROB → KHS,6
PLO,PULGAON JN,3,30.7,HWH → KGY → KAOT → PLO,9
BSL,BHUSAVAL JN,3,30.7,HWH → KGY → KAOT → BSL,28
GNVR,GONDWANAVISAPUR,3,30.7,HWH → KGY → ANV → GNVR,23
YP,ERRUPALEM,3,30.7,HWH → KGY → ANV → YP,18
DWP,DWARAPUDI,3,30.7,HWH → KGY → ANV → DWP,13
JSRY,JHARSUGUDA R YARD,3,30.7,HWH → SLRA → JSGR → JSRY,20
MNGD,MUNIGUDA,3,30.7,HWH → SLRA → SNRL → MNGD,8
SHM,KOLKATA SHALIMAR,3,30.7,HWH → BSBP → NALR → SHM,6
AMP,AHMADPUR JN,3,30.7,HWH → BSBP → NALR → AMP,7
SLJR,SALGA JHARI,3,30.7,HWH → JPR → ASB → SLJR,10
BIA,BHILAI,3,30.7,HWH → JPR → SAL → BIA,9
DAE,DAHEGAON,3,30.7,HWH → JPR → SAL → DAE,15
DBEC,DEVBALODA CHARODA,3,30.7,HWH → JPR → SAL → DBEC,15
KNHN,KANTHAN JN,3,30.7,HWH → JPR → SAL → KNHN,11
CHCR,CHACHER,3,30.7,HWH → JPR → SAL → CHCR,7
PEL,POLIREDDIPALEM,3,30.7,HWH → JPR → VTM → PEL,17
KRV,KARAVADI,3,30.7,HWH → JPR → VTM → KRV,17
KAQ,KOLANUKONDA,3,30.7,HWH → JPR → VTM → KAQ,14
PBL,PATHSALA,3,30.7,HWH → KGY → VKD → PBL,11
NDO,NIDUBROLU,3,30.7,HWH → BSBP → MDKU → NDO,20
KBH,KHANDBAARA,3,30.7,HWH → BSBP → CEL → KBH,8
IPPM,IPURUPALEM,3,30.7,HWH → BSBP → CEL → IPPM,16
BPY,BADAMPUDI,3,30.7,HWH → BSBP → CEL → BPY,10
HVM,HAMSAVARAM,3,30.7,HWH → BSBP → CEL → HVM,13
TUNI,TUNI,3,30.7,HWH → BSBP → CEL → TUNI,12
NVC,NAGALWANCHA,3,30.7,HWH → JPR → KLX → NVC,10
DIG,DUGGIRALA,3,30.7,HWH → JPR → KLX → DIG,11
PDU,PONDURU,3,30.7,HWH → JPR → DGB → PDU,17
KBM,KOTABOMMALI,3,30.7,HWH → JPR → DGB → KBM,16
NWP,NAUPADA JN,3,30.7,HWH → JPR → DGB → NWP,18
AKT,AKALTARA,3,30.7,HWH → JPR → CHBT → AKT,8
KPLL,KOTTA PANDILA PALLI,3,30.7,HWH → JPR → VTM → KPLL,13
TNGM,TONDALAGOPAVARAM,3,30.7,HWH → BSBP → MDKU → TNGM,15
KVDU,KADAVAKUDURU,3,30.7,HWH → BSBP → MDKU → KVDU,13
CJM,CHINNA GANJAM,3,30.7,HWH → BSBP → MDKU → CJM,15
KZJT,KAZIPET TOWN,3,30.7,HWH → BSBP → MDKU → KZJT,18
INK,INTAKANNE,3,30.7,HWH → BSBP → MDKU → INK,16
VRVL,VIRAVALLI,3,30.7,HWH → BSBP → MDKU → VRVL,19
RVD,RAVIKAMPADU,3,30.7,HWH → KGY → ANV → RVD,10
TMPM,TIMMAPURAM,3,30.7,HWH → KGY → ANV → TMPM,11
CCD,CHICHONDA,3,30.7,HWH → KGY → AJNI → CCD,10
SNI,SINDI,3,30.7,HWH → KGY → AJNI → SNI,31
KRI,KHAPTI,3,30.7,HWH → KGY → AJNI → KRI,13
NGP,NAGPUR,3,30.7,HWH → KGY → AJNI → NGP,16
MBC,MAHANANDA BGE,3,30.7,HWH → BSBP → NALR → MBC,8
KKRM,KAIKORAM,3,30.7,HWH → BSBP → CEL → KKRM,11
VGT,UNGUTURU,3,30.7,HWH → BSBP → CEL → VGT,11
BHNE,BHONE,3,30.7,HWH → GOL → SWR → BHNE,12
LPH,LOTAPAHAR,3,30.7,HWH → GOL → SWR → LPH,12
NGN,NANDGAON,3,30.7,HWH → GOL → DRWN → NGN,14
BRM,BARABAMBO,3,30.7,HWH → GOL → TUX → BRM,10
BUL,BHALULATA,3,30.7,HWH → GOL → MXW → BUL,9
PNPL,PANPALI,3,30.7,HWH → GOL → MXW → PNPL,9
HSL,HISVAHAL,3,30.7,HWH → GOL → MXW → HSL,13
DEL,DENDULURU,3,30.7,HWH → BSBP → BOP → DEL,12
ARGL,ARGUL,3,30.7,HWH → BSBP → BUDR → ARGL,18
KPLD,KAPALI ROAD,3,30.7,HWH → BSBP → BUDR → KPLD,10
GALA,GUNADALA,3,30.7,HWH → BSBP → CEL → GALA,11
DBRG,DIBRUGARH,3,30.7,HWH → CKW → LHL → DBRG,11
CHB,CHABUA,3,30.7,HWH → CKW → LHL → CHB,13
CFG,CHAKITING,3,30.7,HWH → CKW → LHL → CFG,13
KRMD,Kuarmunda,3,30.7,HWH → MURI → ROU → KRMD,4
BZR,BISRA,3,30.7,HWH → MURI → ROU → BZR,11
ACAB,A-CABIN BONDAMUNDA,3,30.7,HWH → MURI → ROU → ACAB,21
ORGA,ORGA,3,30.7,HWH → MURI → ROU → ORGA,10
NXN,NUAGAON,3,30.7,HWH → MURI → ROU → NXN,13
ERSC,ERNAKULAM JN. C,3,30.7,HWH → MURI → ROU → ERSC,18
KRBA,Korba,3,30.7,HWH → JPR → CHBT → KRBA,5
TLO,TALANDU,3,30.7,HWH → ADST → MUG → TLO,5
HYG,HOOGHLY GHAT,3,30.7,HWH → ADST → BDC → HYG,6
ITR,ITWARI,3,30.7,HWH → DNHL → CDAE → ITR,10
CNA,CHANDERIYA,3,30.7,HWH → DNHL → CDAE → CNA,7
TNW,THAPAR NAGAR,3,30.7,HWH → DNHL → CDAE → TNW,5
MMU,MUGMA,3,30.7,HWH → DNHL → KAN → MMU,9
CAR,CHUNAR,3,30.7,HWH → DNHL → KAN → CAR,15
SDLE,SWADINPUR,3,30.7,HWH → DNHL → KAN → SDLE,7
INCI,ISHAN CHANDI HALT,3,30.7,HWH → DNHL → KAN → INCI,12
TRAN,TORANG,3,30.7,HWH → MURI → ILO → TRAN,7
CTQ,CHETAR,3,30.7,HWH → MURI → BLNG → CTQ,5
WDM,WYNDHAMGANJ,3,30.7,HWH → MURI → BLNG → WDM,8
SND,SONDIMRA,3,30.7,HWH → MURI → BLNG → SND,5
JAA,JHALIDA,3,30.7,HWH → MURI → THO → JAA,9
DNT,DANTAN,3,30.7,HWH → DNHL → CDAE → DNT,13
BFQ,BENDI,3,30.7,HWH → MURI → BRKP → BFQ,5
LTMD,LATEMDA,3,30.7,HWH → MURI → BRKP → LTMD,9
MAEL,MAEL,3,30.7,HWH → MURI → BRKP → MAEL,7
BBDA,BARBENDA (RNC DIVISION),3,30.7,HWH → MURI → KSX → BBDA,2
DHN,DHANBAD JN,3,30.7,HWH → MURI → KSX → DHN,11
GUG,GARH JAIPUR,3,30.7,HWH → MURI → KSX → GUG,5
DRGU,DAMRU GHUTU,3,30.7,HWH → MURI → KSX → DRGU,6
GRE,GOLA ROAD,3,30.7,HWH → MURI → ILO → GRE,6
BKDR,BEGUN KUDAR,3,30.7,HWH → MURI → ILO → BKDR,12
BLRI,BELARI HALT,3,30.7,HWH → MGPI → SPRN → BLRI,12
KKPR,KOKPARA,3,30.7,HWH → GTS → DVM → KKPR,9
SPGN,SRIPURIA GAON,3,30.7,HWH → CKW → TSKG → SPGN,11
VKH,VIKHRAN ROAD,3,30.7,HWH → GTS → GUD → VKH,10
LS,LASALGAON,3,30.7,HWH → GTS → GUD → LS,10
HTE,HATIA,3,30.7,HWH → KWKC → BLRG → HTE,21
LOM,LODHMA,3,30.7,HWH → KWKC → BLRG → LOM,6
GAG,GANGAGHAT,3,30.7,HWH → KWKC → JON → GAG,11
KOLE,KOLE,3,30.7,HWH → KWKC → JON → KOLE,6
KITA,KITA,3,30.7,HWH → MURI → SLF → KITA,12
BDXX,Bade Arapur,3,30.7,HWH → JDB → TPQ → BDXX,2
AGZ,AMAGURA,3,30.7,HWH → JDB → NKX → AGZ,4
PNT,PANITOLA,3,30.7,HWH → CKW → DKM → PNT,13
RNY,RANGIYA JN,3,30.7,HWH → CKW → DKM → RNY,13
MUGN,MAHUTGAON,3,30.7,HWH → CKW → DKM → MUGN,12
CHLK,CHAVALKHEDE,3,30.7,HWH → GTS → GUD → CHLK,8
JTL,JHAPATER DHAL,3,30.7,HWH → DNHL → KAN → JTL,7
PWS,PHULWARI SHARIF,3,30.7,HWH → DNHL → KAN → PWS,9
KVD,KHURMABAD ROAD,3,30.7,HWH → DNHL → KAN → KVD,6
KANL,KANL,3,30.7,HWH → DNHL → KAN → KANL,9
TIT,TALIT,3,30.7,HWH → DNHL → KAN → TIT,8
GLI,GALSI,3,30.7,HWH → DNHL → KAN → GLI,11
MQJ,MARADAM HALT,3,30.7,HWH → SLRA → SNRL → MQJ,6
JUJA,JUJUMURA,3,30.7,HWH → SLRA → SBPD → JUJA,6
RVH,RAIPUR R-V BLOCK,3,30.7,HWH → SLRA → SBPD → RVH,6
RAIR,RAIRAKHOL,3,30.7,HWH → SLRA → SBPD → RAIR,7
RGL,RENGALI,3,30.7,HWH → SLRA → SBPD → RGL,8
RNC,RANCHI,3,30.7,HWH → MURI → SLF → RNC,10
ANGL,ANGUL,3,30.7,HWH → SLRA → SBPD → ANGL,9
JSG,JHARSUGUDA JN,3,30.7,HWH → SLRA → JSGR → JSG,17
LATI,LATIA CABIN,3,30.7,HWH → SLRA → JSGR → LATI,13
BXQ,BRUNDAMAL,3,30.7,HWH → SLRA → JSGR → BXQ,8
KTCH,KAITHALKUCHI,3,30.7,HWH → DNHL → NLV → KTCH,14
DLDE,DALDALI,3,30.7,HWH → DNHL → AGT → DLDE,15
AHL,AJHARAIL,3,30.7,HWH → DNHL → AGT → AHL,18
CGS,CHANGSARI,3,30.7,HWH → DNHL → AGT → CGS,12
HWR,HATWAR,3,30.7,HWH → DNHL → CHC → HWR,11
KQU,KAMARKUNDU,3,30.7,HWH → DNHL → CHC → KQU,18
CVV,CHERUVU MADHAVARAM,3,30.7,HWH → KGY → BMD → CVV,15
STPT,SITAMPET,3,30.7,HWH → KGY → BMD → STPT,9
SBP,SAMBALPUR,3,30.7,HWH → SLRA → SBPD → SBP,21
GMZ,GUMANI HAT,3,30.7,HWH → DNHL → BNGN → GMZ,9
TIHU,TIHU,3,30.7,HWH → DNHL → BNGN → TIHU,14
DMZ,DUMDANGI,3,30.7,HWH → DNHL → BNGN → DMZ,13
GDX,GHOKSADANGA,3,30.7,HWH → DNHL → BNGN → GDX,16
BSGN,BASUGAON,3,30.7,HWH → DNHL → BNGN → BSGN,18
FLK,FALAKATA,3,30.7,HWH → DNHL → BNGN → FLK,15
CPQ,CHAPRAKATA,3,30.7,HWH → DNHL → BNGN → CPQ,17
CROA,CHAUTARA,3,30.7,HWH → DNHL → NLV → CROA,11
BJF,BIJNI,3,30.7,HWH → DNHL → NLV → BJF,22
GOE,GHOGRAPUR,3,30.7,HWH → DNHL → NLV → GOE,11
PDA,PUNDOOAH,3,30.7,HWH → ADST → SLG → PDA,5
BCGM,BAINCHIGRAM,3,30.7,HWH → ADST → SLG → BCGM,5
JRAE,JAUGRAM,3,30.7,HWH → DNHL → JPQ → JRAE,6
HGY,HOOGHLY,3,30.7,HWH → ADST → BDC → HGY,6
KOAA,KOLKATA CHITPUR,3,30.7,HWH → ADST → BDC → KOAA,26
BSAE,BANSH BARIA,3,30.7,HWH → ADST → BDC → BSAE,4
PRAE,PALLA ROAD,3,30.7,HWH → DNHL → CHC → PRAE,8
BZO,BARSOLA,3,30.7,HWH → DNHL → JAT → BZO,7
GHGL,GHAGWAL,3,30.7,HWH → DNHL → JAT → GHGL,9
GCAB,GCAB,3,30.7,HWH → DNHL → JAT → GCAB,12
BJU,BARAUNI JN,3,30.7,HWH → DNHL → JAT → BJU,15
OSHI,OSHI,3,30.7,HWH → DNHL → JAT → OSHI,8
BLA,BAJALTA,3,30.7,HWH → DNHL → JAT → BLA,6
BBMN,BARI BRAHMAN,3,30.7,HWH → DNHL → JAT → BBMN,8
NBAE,NABAGRAM,3,30.7,HWH → DNHL → JPQ → NBAE,13
KNHP,KANHAIPUR,3,30.7,HWH → ADST → BDC → KNHP,8
DPU,DIPHU,3,30.7,HWH → AZA → MRZA → DPU,11
MTHP,MITHAPUR,3,30.7,HWH → GGTA → BMRN → MTHP,7
MGTD,MEGHPUR TITODI,3,30.7,HWH → GGTA → BMRN → MGTD,6
TATA,TATANAGAR JN,3,30.7,HWH → GGTA → MOU → TATA,17
BPHB,BHILAI POWER HOUSE,3,30.7,HWH → GGTA → MOU → BPHB,9
BNDM,BONDAMUNDA,3,30.7,HWH → GGTA → MOU → BNDM,25
PST,POSOTIA,3,30.7,HWH → GGTA → MOU → PST,12
JRA,JARAIKELA,3,30.7,HWH → GGTA → MOU → JRA,11
SNJL,SANJALI,3,30.7,HWH → GGTA → MFP → SNJL,11
SBTA,SABARMATI A CABIN,3,30.7,HWH → GGTA → MFP → SBTA,17
GJH,GOLDINGANJ,3,30.7,HWH → GGTA → MFP → GJH,9
NKJ,NEW KATNI JN,3,30.7,HWH → KTES → KTE → NKJ,11
BBL,BALRAI,3,30.7,HWH → JJKR → ULD → BBL,10
KKB,KARAK BEL,3,30.7,HWH → KTES → KTE → KKB,8
PTWA,PATWARA,3,30.7,HWH → KTES → KTE → PTWA,14
BGHI,BAGAHAI ROAD,3,30.7,HWH → KTES → SKAR → BGHI,7
HNM,HINAUTARAMBAN,3,30.7,HWH → KTES → SKAR → HNM,8
DWJN,DIVA JN. CABIN,3,30.7,HWH → GGTA → MFP → DWJN,13
RD,RAM DAYALU NAGAR,3,30.7,HWH → GGTA → MFP → RD,9
NRPA,NARAYANPUR ANANT,3,30.7,HWH → GGTA → MFP → NRPA,8
BUTA,BHADUTALA,3,30.7,HWH → GGTA → ADRA → BUTA,7
JOC,JOYCHANDI PAHAR,3,30.7,HWH → GGTA → ADRA → JOC,6
MYX,METYAL SOHAR,3,30.7,HWH → GGTA → ADRA → MYX,6
SNKR,Sanka,3,30.7,HWH → GGTA → ADRA → SNKR,4
GRB,GARHDHRUBESWAR,3,30.7,HWH → GGTA → ADRA → GRB,6
NYN,NAINI,3,30.7,HWH → KTES → KTE → NYN,22
JLW,JHALWARA,3,30.7,HWH → KTES → MDRR → JLW,7
SHR,SIHORA ROAD,3,30.7,HWH → KTES → MDRR → SHR,8
BSLX,BSLX,3,30.7,HWH → KTES → KTE → BSLX,11
NWR,NIWAR,3,30.7,HWH → KTES → KTE → NWR,9
KMT,KHAMMAM,3,30.7,HWH → KTES → KTE → KMT,9
CKN,CHINTA KANI,3,30.7,HWH → KTES → KTE → CKN,9
SEL,SANKRALL,3,30.7,HWH → BZL → ADL → SEL,14
MKB,MANKATHA,3,30.7,HWH → BZL → DKAE → MKB,7
MBE,MIRZAPUR BANKIPUR,3,30.7,HWH → BZL → DKAE → MBE,11
CCLW,CCLINK-WEST,3,30.7,HWH → BZL → DKAE → CCLW,6
RCD,RAJCHANDRAPUR,3,30.7,HWH → BZL → DKAE → RCD,6
PBZ,PORABAZAR,3,30.7,HWH → BZL → BLY → PBZ,15
KXL,KAMARBANDHA ALI,3,30.7,HWH → AZA → MRZA → KXL,11
SLHA,SALHANA,3,30.7,HWH → KTES → LEK → SLHA,7
BBAR,BARA,3,30.7,HWH → KTES → LEK → BBAR,8
KMZ,KATNI MURWARA,3,30.7,HWH → KTES → MJGP → KMZ,11
HDU,HARDUA,3,30.7,HWH → KTES → MJGP → HDU,7
GTY,GOLA PATI,3,30.7,HWH → KTES → MJGP → GTY,8
BUH,BURHAR,3,30.7,HWH → KTES → CHDX → BUH,6
CORD,BILASPUR CHORD CABIN,3,30.7,HWH → KTES → CHDX → CORD,7
JHP,JUHJARPUR,3,30.7,HWH → KTES → JUH → JHP,4
ETB,ITARSI B CABIN,3,30.7,HWH → KTES → JUH → ETB,6
NBQ,NEW BONGAIGAON,3,30.7,HWH → AZA → KYQ → NBQ,24
GHY,GUWAHATI,3,30.7,HWH → AZA → KYQ → GHY,31
DSR,DHANSIRI,3,30.7,HWH → AZA → KYQ → DSR,10
AMJ,Amin Gaon,3,30.7,HWH → AZA → KYQ → AMJ,4
KTKD,KATANGI KHURD,3,30.7,HWH → KTES → LEK → KTKD,8
GOGH,GOSSAIGAON HAT,3,30.7,HWH → TPKR → ROP → GOGH,12
NMBR,N MAYURBHANJ ROAD,3,30.7,HWH → TPKR → ROP → NMBR,9
HIP,HALDIPADA,3,30.7,HWH → TPKR → ROP → HIP,11
DUSI,DUSI,3,30.7,HWH → TPKR → ARD → DUSI,15
AGV,ANGUA,3,30.7,HWH → TPKR → ARD → AGV,13
CNT,CONTAI ROAD,3,30.7,HWH → TPKR → ARD → CNT,21
BMGM,BRAHMANAGUDEM,3,30.7,HWH → GGTA → ULB → BMGM,10
DRTP,DASHARATHPUR,3,30.7,HWH → GGTA → ULB → DRTP,9
FLR,PHULESWAR,3,30.7,HWH → GGTA → ULB → FLR,10
CTC,CUTTACK,3,30.7,HWH → GGTA → JNP → CTC,21
TIU,TILARU,3,30.7,HWH → GGTA → JNP → TIU,12
VVN,VIKRAVANDI,3,30.7,HWH → GGTA → JNP → VVN,5
DUAN,DUAN,3,30.7,HWH → GGTA → ULB → DUAN,17
MDSE,MADHU SUDANPUR,3,30.7,HWH → GGTA → DTE → MDSE,13
NDGJ,NANDAHGANJA,3,30.7,HWH → GGTA → DTE → NDGJ,16
MCA,MECHEDA,3,30.7,HWH → GGTA → DTE → MCA,20
BAM,BRAHMAPUR,3,30.7,HWH → GGTA → DTE → BAM,12
BPE,BENAPUR,3,30.7,HWH → GGTA → DTE → BPE,14
QGT,KOLAGHAT,3,30.7,HWH → TPKR → HWHG → QGT,4
BYY,BYREE,3,30.7,HWH → TPKR → ARD → BYY,18
KPXR,KAIPADA ROAD,3,30.7,HWH → TPKR → ARD → KPXR,13
RGT,RAJGHAT HALT,3,30.7,HWH → TPKR → ARD → RGT,15
BTS,BASTA,3,30.7,HWH → TPKR → ARD → BTS,14
BWN,BARDDHAMAN JN,3,30.7,HWH → TPKR → DSNR → BWN,13
GBRA,GOBRA,3,30.7,HWH → TPKR → DSNR → GBRA,7
PPO,PANPOSH,3,30.7,HWH → MURI → ROU → PPO,9
RMJ,RAMRAJATALA,3,30.7,HWH → TPKR → DSNR → RMJ,12
TBAE,TRIBENI,3,30.7,HWH → GGTA → ULB → TBAE,5
ET,ITARSI JN,3,30.7,HWH → KTES → ITMA → ET,21
MJG,MAJHAGAWAN,3,30.7,HWH → KTES → EDA → MJG,12
TKYR,TIKARIA,3,30.7,HWH → KTES → EDA → TKYR,17
OHAN,OHANCABIN,3,30.7,HWH → KTES → EDA → OHAN,4
LKJN,LINK JN. CABIN,3,30.7,HWH → KTES → EDA → LKJN,23
VVA,VARVALA,3,30.7,HWH → GGTA → BMRN → VVA,10
KSVM,KESAVARAM,3,30.7,HWH → GGTA → JNP → KSVM,14
NRSP,NARASIMHAPURA,3,30.7,HWH → GGTA → JNP → NRSP,17
BNBR,BAHANAGA BAZAR,3,30.7,HWH → GGTA → SORO → BNBR,10
GMDN,GIRIMAIDAN,3,30.7,HWH → GGTA → BZN → GMDN,6
JEN,JENAPUR,3,30.7,HWH → GGTA → BZN → JEN,13
TKH,Thakurtola,3,30.7,HWH → TPKR → ROP → TKH,4
CGA,CHENGEL,3,30.7,HWH → GGTA → BZN → CGA,9
LTT,LOKMANYA TILAK TERM,3,30.7,HWH → GGTA → BZN → LTT,36
HYB,HYDERABAD DECCAN,3,30.7,HWH → GGTA → DTE → HYB,5
DDNI,DUDHNOI,3,30.7,HWH → GGTA → DTE → DDNI,7
UMNR,UMESHNAGAR,3,30.7,HWH → GGTA → MFP → UMNR,11
CPY,CHAPRAMARI,3,30.7,HWH → GGTA → MFP → CPY,13
TBT,TALBAHAT,3,30.7,HWH → GGTA → MFP → TBT,12
BHBT,BLOCK HUT BASANTPUR,3,30.7,HWH → GGTA → MFP → BHBT,10
CPR,CHHAPRA,3,30.7,HWH → GGTA → MFP → CPR,17
KVC,KAPARPURA,3,30.7,HWH → GGTA → MFP → KVC,5
PKEO,PANSKURA EAST OUTER,3,30.7,HWH → TPKR → HWHG → PKEO,12
HJN,HOWRAH JN. CABIN,3,30.7,HWH → TPKR → HWHG → HJN,24
SYAE,LILUAH (SORTING YARD),3,30.7,HWH → TPKR → HWHG → SYAE,13
THS,THANSIT,3,30.7,HWH → GGTA → BZN → THS,28
GII,GIDNI,3,30.7,HWH → JPR → KGP → GII,10
BWT,BANGARAPET,3,30.7,HWH → JPR → KPL → BWT,13
LOGH,LOTTEGOLLAHALLI,3,30.7,HWH → JPR → KPL → LOGH,13
BBPM,BALABHADRAPURAM,3,30.7,HWH → JPR → KPL → BBPM,9
ALM,ALAMANDA,3,30.7,HWH → JPR → KPL → ALM,16
KTV,KOTTAVALASA,3,30.7,HWH → JPR → KPL → KTV,15
MS,CHENNAI EGMORE,3,30.7,HWH → JJKR → MKTP → MS,19
NKP,NIRAKARPUR,3,30.7,HWH → JJKR → MKTP → NKP,13
BBS,BHUBANESWAR,3,30.7,HWH → JPR → SZZ → BBS,16
HRE,HIRODIH,3,30.7,HWH → JPR → SZZ → HRE,8
MKO,MARKONA,3,30.7,HWH → JPR → SZZ → MKO,8
AK,AKOLA JN,3,30.7,HWH → JPR → YAD → AK,12
MIG,MIDGHAT,3,30.7,HWH → KTES → ETF → MIG,4
NI,NAYDONGRI,3,30.7,HWH → JPR → YAD → NI,17
HIJ,HIJILLI,3,30.7,HWH → JJKR → RDU → HIJ,20
VSU,BISHNUPUR,3,30.7,HWH → JJKR → RDU → VSU,6
HAUR,HAUR,3,30.7,HWH → JJKR → RDU → HAUR,20
TPTY,TIRUPATI MAIN,3,30.7,HWH → JJKR → RDU → TPTY,13
BBSN,BHUBANESWAR NEW,3,30.7,HWH → JJKR → NDLS → BBSN,23
SLOR,SELOO ROAD,3,30.7,HWH → JJKR → NDLS → SLOR,19
SNN,SONEGAON,3,30.7,HWH → JJKR → NDLS → SNN,12
DHO,DHAULPUR,3,30.7,HWH → JJKR → NDLS → DHO,18
BMGN,BAMUNI GAON,3,30.7,HWH → JJKR → NDLS → BMGN,17
NKG,NARKALDENGA COACHING YARD,3,30.7,HWH → JJKR → NDLS → NKG,7
TVC,TRIVANDRUM CENTRAL,3,30.7,HWH → JPR → MPD → TVC,23
PBR,PORBANDAR,3,30.7,HWH → JPR → MPD → PBR,5
BGN,BORGAON,3,30.7,HWH → JPR → YAD → BGN,10
BSP,BILASPUR JN,3,30.7,HWH → JPR → CHBT → BSP,13
BYL,BELHA,3,30.7,HWH → JPR → CHBT → BYL,10
DPH,DADHAPARA,3,30.7,HWH → JPR → CHBT → DPH,8
PDKN,PEDAKAKANI HALT,3,30.7,HWH → JPR → NBR → PDKN,9
MAG,MANGALAGIRI,3,30.7,HWH → JPR → NBR → MAG,8
GNT,GUNTUR JN,3,30.7,HWH → JPR → NBR → GNT,8
GVDP,GVDP,3,30.7,HWH → JPR → ASB → GVDP,18
MMV,MAHALI MARUP,3,30.7,HWH → JPR → ASB → MMV,10
RHE,RAKHA MINES,3,30.7,HWH → JPR → ASB → RHE,12
TGP,TULJAPUR,3,30.7,HWH → JPR → GVN → TGP,29
KDM,KESAMUDRAM,3,30.7,HWH → JPR → GVN → KDM,15
KVR,KOVVUR,3,30.7,HWH → JPR → GVN → KVR,10
BVA,BAURIA JN,3,30.7,HWH → JPR → KGP → BVA,11
BRBS,BIRBANS,3,30.7,HWH → JPR → CND → BRBS,6
MLR,MALKHED,3,30.7,HWH → JPR → CND → MLR,10
DIP,DIPORE,3,30.7,HWH → JPR → CND → DIP,7
AUBR,ANUGRAHA NARAYAN ROAD,3,30.7,HWH → JPR → BBM → AUBR,9
URMA,URMA,3,30.7,HWH → JPR → BBM → URMA,5
BRMD,BIRAMDIH,3,30.7,HWH → JPR → BBM → BRMD,5
JAQ,JANDRAPETA,3,30.7,HWH → JPR → VTM → JAQ,17
CU,CHAGALLU,3,30.7,HWH → JPR → KLX → CU,12
TMC,TALAMANCHI,3,30.7,HWH → JPR → KLX → TMC,11
PUA,PULLA,3,30.7,HWH → JPR → KLX → PUA,13
VAT,VATLUR,3,30.7,HWH → JPR → KLX → VAT,11
TSR,TSUNDURU,3,30.7,HWH → JPR → KLX → TSR,19
KSO,KHEMASULI,3,30.7,HWH → JPR → KGP → KSO,11
RJY,RAJAMUNDRY,3,30.7,HWH → JPR → GVN → RJY,11
MRGM,MAURIGRAM,3,30.7,HWH → BZL → ADL → MRGM,16
SMBL,SIMBHOOLI,3,30.7,HWH → JJKR → NDLS → SMBL,11
DSB,DELHI SADAR BAZAR,3,30.7,HWH → JJKR → NDLS → DSB,12
CSB,SHIVAJI BRIDGE,3,30.7,HWH → JJKR → NDLS → CSB,13
BRAG,BARANG,3,30.7,HWH → JJKR → KHF → BRAG,24
MZZ,MANJURI ROAD,3,30.7,HWH → JJKR → KHF → MZZ,11
ABB,ABADA,3,30.7,HWH → JJKR → KHF → ABB,18
PSAE,PURBASTHALI,3,30.7,HWH → BZL → BLY → PSAE,5
UPA,UTTARPARA,3,30.7,HWH → BZL → BLY → UPA,5
KHN,KHANYAN,3,30.7,HWH → BZL → BLY → KHN,5
GRAE,GURAP,3,30.7,HWH → BZL → BLY → GRAE,8
BCK,BALICHAK,3,30.7,HWH → BZL → BLY → BCK,14
APQ,ADITPARA,3,30.7,HWH → JPR → MPD → APQ,4
DDGJ,DEEDARGANJ,3,30.7,HWH → AZA → KYQ → DDGJ,12
PTLD,PATILADAHA,3,30.7,HWH → AZA → KYQ → PTLD,23
NOQ,NEW ALIPURDAUR,3,30.7,HWH → AZA → KYQ → NOQ,15
SJRR,SAJHERPAR,3,30.7,HWH → AZA → KYQ → SJRR,11
PATA,PATA,3,30.7,HWH → JJKR → ULD → PATA,9
GBK,GOPALPUR BALKDA,3,30.7,HWH → JJKR → KRIH → GBK,16
RTN,RETANG,3,30.7,HWH → JJKR → KRIH → RTN,16
BTV,BAITARANI ROAD,3,30.7,HWH → JJKR → KRIH → BTV,15
SKND,Sukinda Road,3,30.7,HWH → JJKR → JKPR → SKND,4
KAPG,KALUPARA GHAT,3,30.7,HWH → JJKR → JKPR → KAPG,15
CGON,CHAYGAON,3,30.7,HWH → AZA → MRZA → CGON,9
CRAE,CHERAGRAM BH.,3,30.7,HWH → LLH → SHBC → CRAE,17
HIH,HAJIGARH,3,30.7,HWH → LLH → SHBC → HIH,9
SICY,SHAHEED ISHWAR CHOWDHARY HALT,3,30.7,HWH → AZA → KYQ → SICY,9
TEL,TENALI JN,3,30.7,HWH → JPR → MPD → TEL,29
KKQ,KALAIKUNDA,3,30.7,HWH → JPR → MPD → KKQ,15
JGM,JHARGRAM,3,30.7,HWH → JPR → KGP → JGM,12
SJDR,SRI JHADESHWAR,3,30.7,HWH → JJKR → KHF → SJDR,16
PNPN,PANPANA,3,30.7,HWH → JJKR → KHF → PNPN,16
JJK,JHINJHAK,3,30.7,HWH → JJKR → ULD → JJK,7
RURA,RURA,3,30.7,HWH → JJKR → ULD → RURA,9
HDA,HIRNODA,3,30.7,HWH → JJKR → ULD → HDA,11
RMW,ROSHAN MAU,3,30.7,HWH → JJKR → ULD → RMW,11
SKQ,SIKANDARPUR,3,30.7,HWH → JJKR → ULD → SKQ,9
NGMP,NEW GARH MADHOPUR,3,30.7,HWH → JJKR → ULD → NGMP,11
GHSR,GHASARA HALT,3,30.7,HWH → JJKR → ULD → GHSR,15
BALU,BALUGAON,3,30.7,HWH → BZL → ADL → BALU,20
SRC,SANTRAGACHI JN,3,30.7,HWH → JJKR → MKTP → SRC,16
GTA,GOLANTHRA,3,30.7,HWH → JJKR → MKTP → GTA,13
BSDP,BHUSANDPUR,3,30.7,HWH → JJKR → MKTP → BSDP,15
JMG,JAMGA,3,30.7,HWH → JJKR → RDU → JMG,10
NASP,NARASINGAPALLI,3,30.7,HWH → JJKR → RDU → NASP,16
ODB,OODLABARI,3,30.7,HWH → JJKR → JKPR → ODB,5
KNPR,KENDRAPARA ROAD,3,30.7,HWH → JJKR → JKPR → KNPR,25
GAM,GANJAM,3,30.7,HWH → JJKR → JKPR → GAM,16
BRMI,BRAHMANI PH,3,30.7,HWH → JJKR → JKPR → BRMI,19
KPM,KUMARAPURAM,3,30.7,HWH → BZL → SMCK → KPM,16
BHC,BHADRAKH,3,30.7,HWH → BZL → SMCK → BHC,14
KGK,KANKURGACHHI ROAD,3,30.7,HWH → BZL → CCRL → KGK,6
NPMR,NARAYAN PAKURIA,3,30.7,HWH → BZL → ADL → NPMR,21
HCM,HARISHCHANDRAPURAM,3,30.7,HWH → JJKR → MKTP → HCM,14
BNRD,BALANGIR ROAD,4,24.6,HWH → MURI → ROU → NXN → BNRD,8
KSE,KOSAD,4,24.6,HWH → GTS → GUD → VKH → KSE,11
BRTK,BHORTEX,4,24.6,HWH → GTS → GUD → VKH → BRTK,10
PDP,PADSE,4,24.6,HWH → GTS → GUD → VKH → PDP,10
DDE,DONDAICHA,4,24.6,HWH → GTS → GUD → VKH → DDE,10
BRKA,BARKAKANA,4,24.6,HWH → KWKC → BLRG → HTE → BRKA,10
BSPK,BISPUR,4,24.6,HWH → MURI → ROU → NXN → BSPK,12
KTKU,KOTTEKAD,4,24.6,HWH → MURI → ROU → ERSC → KTKU,10
BPZA,BHARATHAPUZHA H,4,24.6,HWH → MURI → ROU → ERSC → BPZA,10
KMND,KUMENDI,4,24.6,HWH → MURI → BRKP → BFQ → KMND,5
LTHR,LATEHAR,4,24.6,HWH → MURI → BRKP → BFQ → LTHR,6
HNSL,HASLANG P.H.,4,24.6,HWH → MURI → BRKP → LTMD → HNSL,6
BKKI,BAKARKUDI,4,24.6,HWH → MURI → BRKP → LTMD → BKKI,4
RMT,RAMGARH CANT,4,24.6,HWH → MURI → BRKP → MAEL → RMT,8
KDS,KASUNDA JN,4,24.6,HWH → MURI → KSX → DHN → KDS,4
DOKM,DOKRA HALT,4,24.6,HWH → MURI → KSX → DHN → DOKM,4
BHN,BHULI,4,24.6,HWH → MURI → KSX → DHN → BHN,6
CAS,CHAS ROAD,4,24.6,HWH → MURI → KSX → GUG → CAS,4
PNW,PUNDHAG,4,24.6,HWH → MURI → KSX → DRGU → PNW,6
BKSN,BKSC NORTH CABIN,4,24.6,HWH → MURI → ILO → BKDR → BKSN,12
BKCA,BOKARO STEEL CITY A CABIN,4,24.6,HWH → MURI → ILO → BKDR → BKCA,6
TUL,TIRALDIH,4,24.6,HWH → MURI → ILO → TRAN → TUL,7
JRG,Jugpura,4,24.6,HWH → TPKR → ROP → TKH → JRG,4
GIMC,GANDHIDHAM CABIN,4,24.6,HWH → TPKR → ROP → GOGH → GIMC,10
KCF,KALCHINI,4,24.6,HWH → TPKR → ROP → GOGH → KCF,7
GBY,GUABARI,4,24.6,HWH → TPKR → ROP → GOGH → GBY,9
FKM,FAKIRAGRAM JN,4,24.6,HWH → TPKR → ROP → GOGH → FKM,29
SRPB,SRIRAMPUR ASSAM,4,24.6,HWH → TPKR → ROP → GOGH → SRPB,12
KTJI,KATHA JORI,4,24.6,HWH → TPKR → ROP → HIP → KTJI,12
JPI,JHADUPUDI,4,24.6,HWH → TPKR → ROP → HIP → JPI,15
RGX,Raghunathbari,4,24.6,HWH → TPKR → ARD → DUSI → RGX,5
CHE,SRIKAKULAM ROAD,4,24.6,HWH → TPKR → ARD → DUSI → CHE,12
JOQ,JORAI,4,24.6,HWH → TPKR → ARD → AGV → JOQ,13
NYP,NAYADUPETA,4,24.6,HWH → TPKR → ARD → CNT → NYP,14
BAV,BARUVA,4,24.6,HWH → TPKR → ARD → BYY → BAV,15
LGTR,LINGARAJ TEMPLE ROAD,4,24.6,HWH → TPKR → ARD → BYY → LGTR,16
DNM,DHANMANDAL,4,24.6,HWH → TPKR → ARD → BYY → DNM,12
BRTG,BARITHENGARH,4,24.6,HWH → TPKR → ARD → BYY → BRTG,15
KRNI,KRISHNAI,4,24.6,HWH → GGTA → DTE → DDNI → KRNI,4
PKA,PRADHANKHUNTA,4,24.6,HWH → GGTA → DTE → MDSE → PKA,10
SLB,SALBONI,4,24.6,HWH → GGTA → DTE → NDGJ → SLB,7
PUNE,PUNE JN,4,24.6,HWH → GGTA → DTE → MCA → PUNE,22
BNB,BANSTOLA,4,24.6,HWH → GGTA → DTE → MCA → BNB,9
RMM,RAMESWARAM,4,24.6,HWH → GGTA → DTE → BAM → RMM,5
SLRD,SURLA ROAD,4,24.6,HWH → GGTA → DTE → BAM → SLRD,9
PDT,PENDURTI,4,24.6,HWH → GGTA → DTE → BAM → PDT,20
NSI,NIKURSINI,4,24.6,HWH → GGTA → DTE → BPE → NSI,13
UDL,ANDAL JN,4,24.6,HWH → GGTA → DTE → BPE → UDL,18
KAMG,KAMAKHYAGURI,4,24.6,HWH → GGTA → DTE → BPE → KAMG,19
KHAI,KHIRAI,4,24.6,HWH → TPKR → HWHG → PKEO → KHAI,16
IPRA,IPRA,4,24.6,HWH → TPKR → HWHG → SYAE → IPRA,6
BLYC,BLYC,4,24.6,HWH → TPKR → HWHG → SYAE → BLYC,6
LLHW,LLHW,4,24.6,HWH → TPKR → HWHG → SYAE → LLHW,4
KQLS,KAMARKUNDU,4,24.6,HWH → TPKR → HWHG → SYAE → KQLS,12
PURI,PURI,4,24.6,HWH → GGTA → BZN → LTT → PURI,15
PPTA,PATLIPUTRA,4,24.6,HWH → GGTA → BZN → LTT → PPTA,6
MSOD,MASODHA,4,24.6,HWH → GGTA → BZN → LTT → MSOD,7
KSP,KISHANPUR,4,24.6,HWH → GGTA → BZN → LTT → KSP,17
DBG,DARBHANGA JN,4,24.6,HWH → GGTA → BZN → LTT → DBG,14
TKVR,TAPPA KHAJURIAY,4,24.6,HWH → GGTA → BZN → LTT → TKVR,8
GOX,GOBINDPUR DUGLI,4,24.6,HWH → GGTA → BZN → LTT → GOX,8
NMO,NEDI MOLLYANUR,4,24.6,HWH → GGTA → BZN → LTT → NMO,11
ULNR,ULHASNAGAR,4,24.6,HWH → GGTA → BZN → LTT → ULNR,9
CLA,KURLA JN,4,24.6,HWH → GGTA → BZN → LTT → CLA,6
VVH,VIDYAVIHAR,4,24.6,HWH → GGTA → BZN → LTT → VVH,9
RXL,RAXAUL JN,4,24.6,HWH → GGTA → DTE → HYB → RXL,11
LAC,LACHHIPURA,4,24.6,HWH → GGTA → DTE → HYB → LAC,3
LKPL,LAKDIKAPUL,4,24.6,HWH → GGTA → DTE → HYB → LKPL,4
RGJI,RANGJULI,4,24.6,HWH → GGTA → DTE → DDNI → RGJI,7
AMGA,AMJONGA,4,24.6,HWH → GGTA → DTE → DDNI → AMGA,9
GKL,GOKULPUR,4,24.6,HWH → GGTA → BZN → GMDN → GKL,6
KLMG,KALAMBOLI GOODS,4,24.6,HWH → GGTA → BZN → THS → KLMG,17
ATG,ATGAON,4,24.6,HWH → GGTA → BZN → THS → ATG,16
KE,KHARDI,4,24.6,HWH → GGTA → BZN → THS → KE,13
OMB,OOMBERMALI,4,24.6,HWH → GGTA → BZN → THS → OMB,8
DLPR,DAYALPUR,4,24.6,HWH → GGTA → BZN → LTT → DLPR,6
TZH,TAKAZHI,4,24.6,HWH → GGTA → BZN → LTT → TZH,9
KDV,KHADAVLI,4,24.6,HWH → GGTA → BZN → LTT → KDV,12
MSDH,MASNADIH,4,24.6,HWH → GGTA → BZN → LTT → MSDH,7
BRY,BAREILLY,4,24.6,HWH → GGTA → BZN → LTT → BRY,7
SCY,SACHIWALAY HALT,4,24.6,HWH → GGTA → BZN → LTT → SCY,13
NAND,NANDIKUR,4,24.6,HWH → GGTA → BZN → LTT → NAND,8
MPY,MURARPUR,4,24.6,HWH → GGTA → BZN → LTT → MPY,11
ERSD,ERNAKULAM D CABIN,4,24.6,HWH → GGTA → BZN → LTT → ERSD,12
KEI,KASHI,4,24.6,HWH → GGTA → BZN → LTT → KEI,14
BSBY,VARANASI YARD,4,24.6,HWH → GGTA → BZN → LTT → BSBY,19
KJU,KUNTIGHAT,4,24.6,HWH → GGTA → ULB → TBAE → KJU,5
PPM,PHIRANGIPURAM,4,24.6,HWH → GGTA → ULB → BMGM → PPM,6
BVC,BHAVNAGAR TERMINUS,4,24.6,HWH → GGTA → ULB → BMGM → BVC,5
NDD,NIDADAVOLU JN,4,24.6,HWH → GGTA → ULB → BMGM → NDD,12
SRB,SAROBAG,4,24.6,HWH → GGTA → ULB → DRTP → SRB,11
JMP,JAMALPUR JN,4,24.6,HWH → GGTA → ULB → DRTP → JMP,11
DRH,DHARHARA,4,24.6,HWH → GGTA → ULB → DRTP → DRH,7
BFM,BHALUI,4,24.6,HWH → GGTA → ULB → DRTP → BFM,8
MTND,Mattagajpur,4,24.6,HWH → GGTA → JNP → CTC → MTND,4
RJGR,RAJTHAGARH,4,24.6,HWH → GGTA → JNP → CTC → RJGR,10
RMZ,ROUTHPURAM HALT,4,24.6,HWH → GGTA → JNP → TIU → RMZ,13
ULM,URLAM,4,24.6,HWH → GGTA → JNP → TIU → ULM,14
PEI,PERANI,4,24.6,HWH → GGTA → JNP → VVN → PEI,5
MYP,MUNDILYAMPAKKAM,4,24.6,HWH → GGTA → JNP → VVN → MYP,6
KCC,KRISHNA CANAL,4,24.6,HWH → GGTA → JNP → KSVM → KCC,20
KYM,KADIYAN,4,24.6,HWH → GGTA → JNP → KSVM → KYM,12
DCTL,DOMBIVLI CTL,4,24.6,HWH → GGTA → MFP → DWJN → DCTL,9
HJP,HAJIPUR JN,4,24.6,HWH → GGTA → MFP → RD → HJP,13
VBH,VISHNUPUR BATHUA HALT,4,24.6,HWH → GGTA → MFP → RD → VBH,18
TUR,TURKI,4,24.6,HWH → GGTA → MFP → RD → TUR,7
RXR,RANGAPAHAR,4,24.6,HWH → GGTA → MFP → NRPA → RXR,8
BNPT,BENNIPATTI PIRAPUR,4,24.6,HWH → GGTA → MFP → NRPA → BNPT,14
SLT,SILAUT,4,24.6,HWH → GGTA → MFP → NRPA → SLT,5
ERS,ERNAKULAM JN,4,24.6,HWH → GGTA → ADRA → BUTA → ERS,25
CRJ,CHITTARANJAN,4,24.6,HWH → GGTA → ADRA → BUTA → CRJ,7
MDN,MIDNAPORE,4,24.6,HWH → GGTA → ADRA → BUTA → MDN,6
GSL,GODAPIASAL,4,24.6,HWH → GGTA → ADRA → BUTA → GSL,8
BERO,BERO,4,24.6,HWH → GGTA → ADRA → JOC → BERO,9
IBL,INDRABIL,4,24.6,HWH → GGTA → ADRA → MYX → IBL,7
RUI,Rukni,4,24.6,HWH → GGTA → ADRA → SNKR → RUI,4
ANR,ANARA,4,24.6,HWH → GGTA → ADRA → GRB → ANR,5
BYPY,BAIYYAPPANAHALLI YARD CABIN,4,24.6,HWH → GGTA → ULB → DUAN → BYPY,15
BAO,BANMOR,4,24.6,HWH → GGTA → MFP → TBT → BAO,11
BET,BARETH,4,24.6,HWH → GGTA → MFP → TBT → BET,15
BJA,BIJROTHA,4,24.6,HWH → GGTA → MFP → TBT → BJA,13
MZX,MATATILA,4,24.6,HWH → GGTA → MFP → TBT → MZX,9
PTKC,PATHANKOT CANTT,4,24.6,HWH → GGTA → MFP → BHBT → PTKC,4
KGG,KHAGARIA JN,4,24.6,HWH → GGTA → MFP → CPR → KGG,15
AHLR,AHALYAPUR,4,24.6,HWH → GGTA → MFP → CPR → AHLR,8
CI,CHHAPRA KACHERI,4,24.6,HWH → GGTA → MFP → CPR → CI,14
HPO,HASANPUR ROAD,4,24.6,HWH → GGTA → MFP → CPR → HPO,11
BCA,BACHWARA JN,4,24.6,HWH → GGTA → MFP → CPR → BCA,11
KPS,KOPA SAMHOTA,4,24.6,HWH → GGTA → MFP → CPR → KPS,8
GTST,GAUTAMSTHAN,4,24.6,HWH → GGTA → MFP → CPR → GTST,10
CAI,CHANPATIA,4,24.6,HWH → GGTA → MFP → KVC → CAI,6
KTI,KANTI,4,24.6,HWH → GGTA → MFP → KVC → KTI,6
DTVL,DATIVLI,4,24.6,HWH → GGTA → MFP → DWJN → DTVL,10
JITE,JITE,4,24.6,HWH → GGTA → MFP → DWJN → JITE,14
BRGY,VADODARA D CABIN,4,24.6,HWH → GGTA → MFP → SNJL → BRGY,14
ADI,AHMEDABAD JN,4,24.6,HWH → GGTA → MFP → SBTA → ADI,23
SBT,SABARMATI JN,4,24.6,HWH → GGTA → MFP → SBTA → SBT,17
SBTF,SABARMATI F CABIN,4,24.6,HWH → GGTA → MFP → SBTA → SBTF,12
SBIC,SABARMATI BRIDGE,4,24.6,HWH → GGTA → MFP → SBTA → SBIC,12
KKF,KANKARIA,4,24.6,HWH → GGTA → MFP → SBTA → KKF,13
DRI,DUMRI JUARA,4,24.6,HWH → GGTA → MFP → GJH → DRI,9
KGFR,KATHGHAR RIGHT BANK,4,24.6,HWH → GGTA → MFP → UMNR → KGFR,12
SKJ,SAHIBPUR KAMAL JN,4,24.6,HWH → GGTA → MFP → UMNR → SKJ,9
GFAE,GARIFA,4,24.6,HWH → GGTA → MFP → CPY → GFAE,6
ULR,ULTADANGA ROAD,4,24.6,HWH → GGTA → MFP → CPY → ULR,11
PTKR,PATIPUKUR,4,24.6,HWH → GGTA → MFP → CPY → PTKR,8
TALA,TALLA,4,24.6,HWH → GGTA → MFP → CPY → TALA,4
GTNR,GOMATI NAGAR,4,24.6,HWH → GGTA → MFP → TBT → GTNR,8
BINA,BINA JN,4,24.6,HWH → GGTA → MFP → TBT → BINA,19
SANK,SANK,4,24.6,HWH → GGTA → MFP → TBT → SANK,14
HM,HADMATIYA JN,4,24.6,HWH → GGTA → BMRN → MGTD → HM,16
HLD,Haludpukur,4,24.6,HWH → GGTA → MOU → TATA → HLD,2
BKSC,BOKARO STEEL CITY,4,24.6,HWH → GGTA → MOU → TATA → BKSC,9
ALLP,ALLEPPEY,4,24.6,HWH → GGTA → MOU → TATA → ALLP,12
ADTP,ADITYAPUR,4,24.6,HWH → GGTA → MOU → TATA → ADTP,11
KRAR,KHARIAR ROAD,4,24.6,HWH → GGTA → MOU → BPHB → KRAR,5
BQR,BHILAI NAGAR,4,24.6,HWH → GGTA → MOU → BPHB → BQR,9
BGKA,BANGURKELA,4,24.6,HWH → GGTA → MOU → BNDM → BGKA,10
DMF,Dumerta,4,24.6,HWH → GGTA → MOU → BNDM → DMF,4
KCAB,K-CABIN BONDAMUNDA,4,24.6,HWH → GGTA → MOU → BNDM → KCAB,10
LNKC,LINK C-CABIN,4,24.6,HWH → GGTA → MOU → BNDM → LNKC,10
GMH,GAMHARIA,4,24.6,HWH → GGTA → MOU → JRA → GMH,11
PAO,PANOLI,4,24.6,HWH → GGTA → MFP → SNJL → PAO,14
AKV,ANKLESHWAR JN,4,24.6,HWH → GGTA → MFP → SNJL → AKV,11
BAWD,BHADWAD,4,24.6,HWH → GGTA → MFP → SNJL → BAWD,10
GNST,GANDHI SMRITI,4,24.6,HWH → GGTA → MFP → SNJL → GNST,6
KYT,KAILAHAT,4,24.6,HWH → KTES → EDA → TKYR → KYT,11
MKD,MARKUNDI,4,24.6,HWH → KTES → EDA → TKYR → MKD,15
MGRR,MAGARPUR,4,24.6,HWH → KTES → EDA → OHAN → MGRR,7
THW,THARWAI,4,24.6,HWH → KTES → EDA → LKJN → THW,12
IDGJ,IRADATGANJ,4,24.6,HWH → KTES → EDA → LKJN → IDGJ,15
COI,CHEOKI,4,24.6,HWH → KTES → EDA → LKJN → COI,15
PMPR,PAMPORE,4,24.6,HWH → KTES → EDA → LKJN → PMPR,14
KCN,KARCHANA,4,24.6,HWH → KTES → EDA → LKJN → KCN,16
NEWC,NEW WEST CABIN,4,24.6,HWH → KTES → EDA → LKJN → NEWC,14
JEP,JEONATHPUR,4,24.6,HWH → KTES → EDA → LKJN → JEP,18
PFMA,PFMA,4,24.6,HWH → KTES → EDA → LKJN → PFMA,4
BRWH,BAHERWA HALT,4,24.6,HWH → KTES → EDA → LKJN → BRWH,4
KRGA,KURANGA,4,24.6,HWH → GGTA → BMRN → VVA → KRGA,9
DWK,DWARKA,4,24.6,HWH → GGTA → BMRN → VVA → DWK,8
HAPA,HAPA,4,24.6,HWH → GGTA → BMRN → MTHP → HAPA,12
OKHA,OKHA,4,24.6,HWH → GGTA → BMRN → MTHP → OKHA,9
CABN,BHILAI CABIN,4,24.6,HWH → KTES → CHDX → CORD → CABN,10
KSLA,KESLA,4,24.6,HWH → KTES → JUH → JHP → KSLA,4
CKKD,CHARKHERA KHURD,4,24.6,HWH → KTES → JUH → ETB → CKKD,11
SOR,SONAGIR,4,24.6,HWH → KTES → ITMA → ET → SOR,10
BPA,BELAMPALLI,4,24.6,HWH → KTES → ITMA → ET → BPA,12
RV,RAVER,4,24.6,HWH → KTES → ITMA → ET → RV,8
JLN,JAKHALAUN,4,24.6,HWH → KTES → ITMA → ET → JLN,15
DOH,DHODRA MOHAR,4,24.6,HWH → KTES → ITMA → ET → DOH,16
NSZ,BHOPAL NISHATPURA,4,24.6,HWH → KTES → ITMA → ET → NSZ,8
KRTH,KIRATGARH,4,24.6,HWH → KTES → ITMA → ET → KRTH,16
GRO,GURRA,4,24.6,HWH → KTES → ITMA → ET → GRO,6
DRA,DULARIA,4,24.6,HWH → KTES → ITMA → ET → DRA,7
PRKD,POWERKHEDA,4,24.6,HWH → KTES → ITMA → ET → PRKD,9
JTW,JAITWAR,4,24.6,HWH → KTES → EDA → MJG → JTW,9
CTHR,CHITAHRA,4,24.6,HWH → KTES → EDA → MJG → CTHR,6
PRG,PRAYAG,4,24.6,HWH → KTES → EDA → TKYR → PRG,8
TZR,TURKI ROAD,4,24.6,HWH → KTES → SKAR → BGHI → TZR,8
KMA,KAIMA,4,24.6,HWH → KTES → SKAR → HNM → KMA,6
REWA,REWA,4,24.6,HWH → KTES → SKAR → HNM → REWA,9
KHBJ,KHANNA BANJARI,4,24.6,HWH → KTES → LEK → SLHA → KHBJ,5
PWK,PIPARIYA KALAN,4,24.6,HWH → KTES → LEK → SLHA → PWK,4
VST,BIJAYSOTA,4,24.6,HWH → KTES → LEK → BBAR → VST,7
CTJ,CHHATAINI,4,24.6,HWH → KTES → LEK → BBAR → CTJ,6
MZHL,MAJHAOLI,4,24.6,HWH → KTES → LEK → BBAR → MZHL,8
VYK,VILAYATKALAN RD,4,24.6,HWH → KTES → MJGP → KMZ → VYK,5
PTHD,PATOHAN,4,24.6,HWH → KTES → MJGP → HDU → PTHD,5
GEA,GHATERA,4,24.6,HWH → KTES → MJGP → GTY → GEA,6
SAO,SAGONI,4,24.6,HWH → KTES → MJGP → GTY → SAO,6
MAKR,MALKHERI,4,24.6,HWH → KTES → MJGP → GTY → MAKR,15
SDL,SHAHDOL,4,24.6,HWH → KTES → CHDX → BUH → SDL,6
SNGP,SINGHPUR,4,24.6,HWH → KTES → CHDX → BUH → SNGP,7
AAL,AMLAI,4,24.6,HWH → KTES → CHDX → BUH → AAL,5
AXR,ALLURU ROAD,4,24.6,HWH → KTES → KTE → CKN → AXR,15
PNDP,PANDILLAPALLI,4,24.6,HWH → KTES → KTE → CKN → PNDP,7
SNS,SASNI,4,24.6,HWH → KTES → KTE → NYN → SNS,8
HZD,HAZARIBAGH ROAD,4,24.6,HWH → KTES → KTE → NYN → HZD,15
MJA,MEJA ROAD,4,24.6,HWH → KTES → KTE → NYN → MJA,10
BGTA,BAGRA TAWA,4,24.6,HWH → KTES → KTE → NYN → BGTA,10
DGO,DURGAUTI,4,24.6,HWH → KTES → KTE → NYN → DGO,5
BRI,BHIRINGI,4,24.6,HWH → KTES → KTE → KKB → BRI,11
MTY,MULTAI,4,24.6,HWH → KTES → KTE → KKB → MTY,10
BELD,BELKHERA,4,24.6,HWH → KTES → KTE → KKB → BELD,5
SRID,SHRIDHAM,4,24.6,HWH → KTES → KTE → KKB → SRID,11
KSWR,KALMESHWAR,4,24.6,HWH → KTES → KTE → PTWA → KSWR,13
ALD,ALLAHABAD JN,4,24.6,HWH → KTES → KTE → PTWA → ALD,27
MLMG,MALLEMADUGU,4,24.6,HWH → KTES → KTE → PTWA → MLMG,11
JKE,JUKEHI,4,24.6,HWH → KTES → KTE → PTWA → JKE,8
STA,SATNA,4,24.6,HWH → KTES → SKAR → BGHI → STA,13
BWND,BWND,4,24.6,HWH → LLH → SHBC → CRAE → BWND,4
TBB,TILBHITA,4,24.6,HWH → LLH → SHBC → CRAE → TBB,14
RPMY,RPMY,4,24.6,HWH → LLH → SHBC → CRAE → RPMY,9
KIUL,KIUL JN,4,24.6,HWH → LLH → SHBC → HIH → KIUL,13
CHQ,CHOKA,4,24.6,HWH → KTES → ETF → MIG → CHQ,4
RPD,RUPAUND,4,24.6,HWH → KTES → MDRR → JLW → RPD,5
GSPR,GOSALPUR,4,24.6,HWH → KTES → MDRR → SHR → GSPR,7
DDCE,DUNDI,4,24.6,HWH → KTES → MDRR → SHR → DDCE,9
MMRB,MANMAD B CABIN,4,24.6,HWH → KTES → KTE → BSLX → MMRB,6
AAK,ANKAI KILA,4,24.6,HWH → KTES → KTE → BSLX → AAK,16
PI,PADLI,4,24.6,HWH → KTES → KTE → BSLX → PI,14
BSGS,BSGS,4,24.6,HWH → KTES → KTE → BSLX → BSGS,6
GIL,GAISAL,4,24.6,HWH → KTES → KTE → NWR → GIL,12
SNRR,SANSARPUR,4,24.6,HWH → KTES → KTE → NWR → SNRR,8
BMT,BEGAMPET,4,24.6,HWH → KTES → KTE → KMT → BMT,13
HATI,HATI,4,24.6,HWH → KTES → KTE → KMT → HATI,8
JERD,JENAPUR PH,4,24.6,HWH → AZA → KYQ → GHY → JERD,14
NCB,NEW COOCH BEHAR,4,24.6,HWH → AZA → KYQ → GHY → NCB,21
ABFC,AMBARI FALAKATA,4,24.6,HWH → AZA → KYQ → GHY → ABFC,14
DSBP,DELHI SHAHDARA B PANEL,4,24.6,HWH → AZA → KYQ → GHY → DSBP,13
MWC,MANDAWALI CHANDER VIHAR,4,24.6,HWH → AZA → KYQ → GHY → MWC,11
CATA,CHHATA ASCHAURA,4,24.6,HWH → AZA → KYQ → GHY → CATA,11
NNGE,NARANGI,4,24.6,HWH → AZA → KYQ → GHY → NNGE,7
KMDR,KARIMUDDIN PUR,4,24.6,HWH → AZA → KYQ → DSR → KMDR,9
CSA,CHAUSA,4,24.6,HWH → AZA → KYQ → DSR → CSA,13
MXN,MARIANI JN,4,24.6,HWH → AZA → MRZA → KXL → MXN,12
SZR,SARUPATHAR,4,24.6,HWH → AZA → MRZA → KXL → SZR,7
LPTA,LONGPATIA,4,24.6,HWH → AZA → MRZA → KXL → LPTA,9
FKG,FURKATING JN,4,24.6,HWH → AZA → MRZA → KXL → FKG,10
LCT,LANGCHOLIET,4,24.6,HWH → AZA → MRZA → DPU → LCT,8
NLN,NAILALUNG,4,24.6,HWH → AZA → MRZA → DPU → NLN,8
BOKO,BOKO,4,24.6,HWH → AZA → MRZA → CGON → BOKO,9
BDAG,BONIDANGA,4,24.6,HWH → AZA → KYQ → PTLD → BDAG,12
SPQ,SORUPETA,4,24.6,HWH → AZA → KYQ → PTLD → SPQ,11
SBE,SORBHOG JN,4,24.6,HWH → AZA → KYQ → PTLD → SBE,15
KKRH,KARAHIA,4,24.6,HWH → AZA → KYQ → NOQ → KKRH,16
SLKX,SALAKATI,4,24.6,HWH → AZA → KYQ → NOQ → SLKX,13
SGWF,WHITE FIELD SATELLITE,4,24.6,HWH → AZA → KYQ → NOQ → SGWF,27
SMTA,SAMUKTALA ROAD,4,24.6,HWH → AZA → KYQ → NOQ → SMTA,20
NBS,NEW BANESWAR,4,24.6,HWH → AZA → KYQ → SJRR → NBS,26
PQZ,PUNDIBARI,4,24.6,HWH → AZA → KYQ → SJRR → PQZ,10
TGE,THEKERAGURI,4,24.6,HWH → AZA → KYQ → NBQ → TGE,8
AIPP,ATTIPPATTU PUDU NAGAR,4,24.6,HWH → AZA → KYQ → NBQ → AIPP,18
NBQY,NEW BONGAIGAON YARD,4,24.6,HWH → AZA → KYQ → NBQ → NBQY,19
MZQ,MAJGAON ASSAM,4,24.6,HWH → AZA → KYQ → NBQ → MZQ,9
HSA,HASIMARA,4,24.6,HWH → AZA → KYQ → NBQ → HSA,7
DTX,DANGTAL,4,24.6,HWH → AZA → KYQ → NBQ → DTX,23
APCH,ALIPURDUAR COLLEGE,4,24.6,HWH → AZA → KYQ → GHY → APCH,5
BFZ,BHANDARTIKURI,4,24.6,HWH → BZL → BLY → PSAE → BFZ,4
MTFA,MERTALA PHALEYA,4,24.6,HWH → BZL → BLY → PSAE → MTFA,5
HMZ,HIND MOTOR,4,24.6,HWH → BZL → BLY → UPA → HMZ,4
CLX,CHIRALA,4,24.6,HWH → BZL → BLY → GRAE → CLX,15
VSG,VASCO DA GAMA,4,24.6,HWH → BZL → BLY → BCK → VSG,11
GPD,GUMMIDIPUNDI,4,24.6,HWH → BZL → BLY → BCK → GPD,19
PURA,PURA HALT,4,24.6,HWH → AZA → KYQ → SICY → PURA,6
PMI,PAIMAR,4,24.6,HWH → AZA → KYQ → SICY → PMI,6
WCB,WEST CABIN GAYA,4,24.6,HWH → AZA → KYQ → SICY → WCB,7
YGM,YADUGRAM BH,4,24.6,HWH → AZA → KYQ → SICY → YGM,4
BKG,BANKA GHAT,4,24.6,HWH → AZA → KYQ → DDGJ → BKG,9
PNC,PATNA SAHEB,4,24.6,HWH → AZA → KYQ → DDGJ → PNC,12
BCYN,BUDHDEVCHAK Y NAGAR,4,24.6,HWH → AZA → KYQ → DDGJ → BCYN,8
MAI,MEHSI,4,24.6,HWH → AZA → KYQ → PTLD → MAI,7
VPN,VIDYAPATINAGAR,4,24.6,HWH → AZA → KYQ → PTLD → VPN,6
BEA,BIHIYA,4,24.6,HWH → AZA → KYQ → PTLD → BEA,14
SLZ,SOLARI,4,24.6,HWH → BZL → ADL → BALU → SLZ,13
SRPU,SRIPUR HALT,4,24.6,HWH → BZL → ADL → MRGM → SRPU,12
BVL,BIKKAVOLU,4,24.6,HWH → BZL → ADL → SEL → BVL,9
PKU,PANSKURA,4,24.6,HWH → BZL → ADL → SEL → PKU,23
BRYA,BARHIYA,4,24.6,HWH → BZL → DKAE → MKB → BRYA,11
DMRX,DUMRI HALT,4,24.6,HWH → BZL → DKAE → MKB → DMRX,8
LKR,LUCKEESARAI JN,4,24.6,HWH → BZL → DKAE → MKB → LKR,9
SKG,SAKTIGARH,4,24.6,HWH → BZL → DKAE → MBE → SKG,13
BLAE,BALARAMBATI,4,24.6,HWH → BZL → DKAE → MBE → BLAE,13
BRPA,BARUIPARA,4,24.6,HWH → BZL → DKAE → MBE → BRPA,11
BLYH,BALIHALT,4,24.6,HWH → BZL → DKAE → RCD → BLYH,4
SSG,SHIU SAGAR ROAD,4,24.6,HWH → BZL → BLY → PBZ → SSG,8
JMQ,JAMIRGHATA,4,24.6,HWH → BZL → BLY → PBZ → JMQ,11
SC,SECUNDERABAD JN,4,24.6,HWH → BZL → BLY → PBZ → SC,16
PHK,PUNARAKH,4,24.6,HWH → BZL → BLY → PBZ → PHK,11
KSTA,KASTHA,4,24.6,HWH → BZL → BLY → PBZ → KSTA,10
BRQ,BAGRAKOT,4,24.6,HWH → JJKR → JKPR → ODB → BRQ,4
VDE,VEDAYAPALEM,4,24.6,HWH → JJKR → JKPR → KNPR → VDE,21
DLPT,DULAKHAPATNA,4,24.6,HWH → JJKR → JKPR → KNPR → DLPT,14
VZM,VIZIANAGRAM JN,4,24.6,HWH → JJKR → JKPR → GAM → VZM,19
HMA,HUMMA,4,24.6,HWH → JJKR → JKPR → GAM → HMA,21
GJD,GUJHANDI,4,24.6,HWH → JJKR → JKPR → BRMI → GJD,7
SDMD,Sudamdih,4,24.6,HWH → JJKR → JKPR → BRMI → SDMD,7
KDU,KADAMBUR,4,24.6,HWH → BZL → SMCK → KPM → KDU,10
CVP,KOVILPATTI,4,24.6,HWH → BZL → SMCK → KPM → CVP,9
NLL,NALLI,4,24.6,HWH → BZL → SMCK → KPM → NLL,12
RNTL,RANITAL,4,24.6,HWH → BZL → SMCK → BHC → RNTL,8
BNXR,BIDHAN NAGAR,4,24.6,HWH → BZL → CCRL → KGK → BNXR,9
GID,GIDDALUR,4,24.6,HWH → BZL → ADL → NPMR → GID,8
YPR,YESVANTPUR JN,4,24.6,HWH → BZL → ADL → NPMR → YPR,33
KLJI,KALIJAI,4,24.6,HWH → BZL → ADL → BALU → KLJI,20
KNRT,KUNERU,4,24.6,HWH → BZL → ADL → BALU → KNRT,7
GNRL,GANGRAUL,4,24.6,HWH → JJKR → ULD → GHSR → GNRL,9
SHW,SAMHON,4,24.6,HWH → JJKR → ULD → GHSR → SHW,13
KRJ,KHURJA JN,4,24.6,HWH → JJKR → ULD → PATA → KRJ,8
PHD,PHAPHUND,4,24.6,HWH → JJKR → ULD → PATA → PHD,9
JKDP,JANKIDAIPUR,4,24.6,HWH → JJKR → KRIH → GBK → JKDP,6
BNBH,BANI BIHAR,4,24.6,HWH → JJKR → KRIH → RTN → BNBH,9
VI,Villianur,4,24.6,HWH → JJKR → KRIH → RTN → VI,6
SRKT,SARKANTRA,4,24.6,HWH → JJKR → KRIH → RTN → SRKT,18
THY,THADI,4,24.6,HWH → JJKR → KRIH → BTV → THY,15
VKT,VENKATACHALAM,4,24.6,HWH → JJKR → KRIH → BTV → VKT,21
BGPL,Baghuapal,4,24.6,HWH → JJKR → JKPR → SKND → BGPL,4
NSRH,NIZ-SARIHA HALT,4,24.6,HWH → JJKR → JKPR → KAPG → NSRH,20
PRGL,PERUNGULATTUR,4,24.6,HWH → JJKR → JKPR → KAPG → PRGL,7
SLTH,SILLAKKUDI,4,24.6,HWH → JJKR → JKPR → KAPG → SLTH,5
KUU,KUHURI,4,24.6,HWH → JJKR → JKPR → KAPG → KUU,8
DDM,DAM DIM,4,24.6,HWH → JJKR → JKPR → ODB → DDM,5
FL,PHULERA JN,4,24.6,HWH → JJKR → ULD → HDA → FL,17
DHND,DHINDA,4,24.6,HWH → JJKR → ULD → HDA → DHND,10
PNK,PANKI,4,24.6,HWH → JJKR → ULD → RMW → PNK,11
BUR,BINDAURA,4,24.6,HWH → JJKR → ULD → RMW → BUR,11
MTO,MAITHA,4,24.6,HWH → JJKR → ULD → RMW → MTO,9
BNF,BANDHUA,4,24.6,HWH → JJKR → ULD → SKQ → BNF,6
BRN,BARHAN,4,24.6,HWH → JJKR → ULD → SKQ → BRN,13
JIA,JIGNA,4,24.6,HWH → JJKR → ULD → SKQ → JIA,10
GBA,GARHBETA,4,24.6,HWH → JJKR → ULD → NGMP → GBA,7
HDS,HARIDASPUR,4,24.6,HWH → JJKR → ULD → NGMP → HDS,13
TH,TINICH,4,24.6,HWH → JJKR → ULD → GHSR → TH,7
KSF,KHALISPUR,4,24.6,HWH → JJKR → ULD → GHSR → KSF,6
CPB,KANPUR BRIDGE LEFT BANK,4,24.6,HWH → JJKR → ULD → GHSR → CPB,11
TBL,TARCHERRA BRLRM,4,24.6,HWH → JJKR → ULD → GHSR → TBL,5
MIU,MARIPAT,4,24.6,HWH → JJKR → ULD → GHSR → MIU,6
ANVR,ANAND VIHAR,4,24.6,HWH → JJKR → ULD → GHSR → ANVR,10
KDY,KETTANDAPATTI,4,24.6,HWH → JJKR → KHF → ABB → KDY,9
TDLE,TILDANGA,4,24.6,HWH → JJKR → KHF → ABB → TDLE,9
NML,NELLIMARIA,4,24.6,HWH → JJKR → KHF → SJDR → NML,16
RBA,RAMBHA,4,24.6,HWH → JJKR → KHF → SJDR → RBA,17
ODUR,ODUR,4,24.6,HWH → JJKR → KHF → PNPN → ODUR,15
AMS,AMAUSI,4,24.6,HWH → JJKR → ULD → BBL → AMS,8
RMA,RAMGANJ MANDI,4,24.6,HWH → JJKR → ULD → BBL → RMA,17
MNR,MAKKHANPUR,4,24.6,HWH → JJKR → ULD → BBL → MNR,8
BDN,BHADAN,4,24.6,HWH → JJKR → ULD → BBL → BDN,9
JGR,JASWANTNAGAR,4,24.6,HWH → JJKR → ULD → BBL → JGR,8
PJY,PARA JANI HALT,4,24.6,HWH → JJKR → ULD → JJK → PJY,7
ETUE,ETMADPUR,4,24.6,HWH → JJKR → ULD → RURA → ETUE,10
RXM,ROOMA,4,24.6,HWH → JJKR → ULD → RURA → RXM,11
AAP,AMBIAPUR,4,24.6,HWH → JJKR → ULD → RURA → AAP,6
JP,JAIPUR,4,24.6,HWH → JJKR → ULD → HDA → JP,14
THMR,THATHANA MITHRI,4,24.6,HWH → JJKR → ULD → HDA → THMR,6
GGB,GARHMUKTESAR BR,4,24.6,HWH → JJKR → NDLS → SMBL → GGB,7
GMS,GARHMUKTESAR,4,24.6,HWH → JJKR → NDLS → SMBL → GMS,8
DEE,DELHI SARAI ROHILLA,4,24.6,HWH → JJKR → NDLS → DSB → DEE,11
DLI,OLD DELHI,4,24.6,HWH → JJKR → NDLS → DSB → DLI,19
DKZ,DELHI KISHANGANJ,4,24.6,HWH → JJKR → NDLS → DSB → DKZ,12
SZM,SUBZI MANDI,4,24.6,HWH → JJKR → NDLS → DSB → SZM,8
KAMP,KAMALPUR,4,24.6,HWH → JJKR → NDLS → CSB → KAMP,6
AST,ASAOTI,4,24.6,HWH → JJKR → NDLS → CSB → AST,12
VRBD,VRINDABAN ROAD,4,24.6,HWH → JJKR → NDLS → CSB → VRBD,16
TKJ,TILAK BRIDGE,4,24.6,HWH → JJKR → NDLS → CSB → TKJ,13
BDPG,BADA PADAGAON,4,24.6,HWH → JJKR → KHF → BRAG → BDPG,5
DBQ,DHULABARI,4,24.6,HWH → JJKR → KHF → BRAG → DBQ,6
NQR,NARAJ MARTHAPUR,4,24.6,HWH → JJKR → KHF → BRAG → NQR,6
BBQ,BASIN BRIDGE JN,4,24.6,HWH → JJKR → KHF → BRAG → BBQ,9
RNG,RANIGANJ,4,24.6,HWH → JJKR → KHF → MZZ → RNG,14
KED,KENDUAPADA,4,24.6,HWH → JJKR → KHF → MZZ → KED,8
WRD,Warudkhed,4,24.6,HWH → JJKR → NDLS → SLOR → WRD,13
HGT,HINGANGHAT,4,24.6,HWH → JJKR → NDLS → SNN → HGT,17
BPK,BHUGAON,4,24.6,HWH → JJKR → NDLS → SNN → BPK,20
GIS,Garhi Sandra,4,24.6,HWH → JJKR → NDLS → DHO → GIS,4
JMKT,JAMIKUNTA,4,24.6,HWH → JJKR → NDLS → DHO → JMKT,11
SIKD,SIKRODA KWANRI,4,24.6,HWH → JJKR → NDLS → DHO → SIKD,9
ARI,ANTRI,4,24.6,HWH → JJKR → NDLS → DHO → ARI,11
BHA,BHANDAI,4,24.6,HWH → JJKR → NDLS → DHO → BHA,10
HET,HETAMPUR,4,24.6,HWH → JJKR → NDLS → DHO → HET,11
MIA,MANIA,4,24.6,HWH → JJKR → NDLS → DHO → MIA,15
NGC,NEW GUWAHATI,4,24.6,HWH → JJKR → NDLS → BMGN → NGC,6
SNCA,SONACHARA,4,24.6,HWH → JJKR → NDLS → BMGN → SNCA,8
SDAH,KOLKATA SEALDAH,4,24.6,HWH → JJKR → NDLS → NKG → SDAH,17
BWL,BAWAL,4,24.6,HWH → JJKR → NDLS → SMBL → BWL,7
QXR,KUCHESAR ROAD,4,24.6,HWH → JJKR → NDLS → SMBL → QXR,9
SKHR,SIKHERA MB HALT,4,24.6,HWH → JJKR → NDLS → SMBL → SKHR,13
PBA,PIARDOBA,4,24.6,HWH → JJKR → RDU → VSU → PBA,7
RSG,RAMSAGAR,4,24.6,HWH → JJKR → RDU → VSU → RSG,4
TOU,TELAPROLU,4,24.6,HWH → JJKR → RDU → HAUR → TOU,19
GIT,GHORPURI TRANSH,4,24.6,HWH → JJKR → RDU → HAUR → GIT,12
MRLA,MARIYAL GANGAVA,4,24.6,HWH → JJKR → RDU → TPTY → MRLA,3
TCNR,TIRUCHANUR,4,24.6,HWH → JJKR → RDU → TPTY → TCNR,6
SIE,SIDDAMPALLI,4,24.6,HWH → JJKR → RDU → TPTY → SIE,9
TPW,TIRUPATI WEST HALT,4,24.6,HWH → JJKR → RDU → TPTY → TPW,10
MBL,MANUBOLU,4,24.6,HWH → JJKR → RDU → TPTY → MBL,26
RU,RENIGUNTA JN,4,24.6,HWH → JJKR → RDU → TPTY → RU,13
MKL,MAKLIDRUG,4,24.6,HWH → JJKR → NDLS → SLOR → MKL,10
BTL,BORTALAO,4,24.6,HWH → JJKR → NDLS → SLOR → BTL,7
VHGN,WIHIRGAON,4,24.6,HWH → JJKR → NDLS → SLOR → VHGN,17
RGPM,RAGHAVAPURAM,4,24.6,HWH → JJKR → NDLS → SLOR → RGPM,17
KMKD,KHAMKHED,4,24.6,HWH → JJKR → NDLS → SLOR → KMKD,10
SEGM,SEVAGRAM,4,24.6,HWH → JJKR → NDLS → SLOR → SEGM,19
PDPK,PADMAPUKAR,4,24.6,HWH → JJKR → MKTP → SRC → PDPK,4
SCMN,SIMHACHALAM NORTH,4,24.6,HWH → JJKR → MKTP → GTA → SCMN,21
BTVA,BATUVA,4,24.6,HWH → JJKR → MKTP → BSDP → BTVA,16
GLBA,GOLABAI,4,24.6,HWH → JJKR → MKTP → BSDP → GLBA,12
SSPR,SADASHIBAPUR,4,24.6,HWH → JJKR → RDU → JMG → SSPR,5
HGR,HEMAGIRI,4,24.6,HWH → JJKR → RDU → JMG → HGR,9
DAO,DAGHORA,4,24.6,HWH → JJKR → RDU → JMG → DAO,11
NRP,NARSIPATNAM RD,4,24.6,HWH → JJKR → RDU → NASP → NRP,14
TUP,TIRUPPUR,4,24.6,HWH → JJKR → RDU → NASP → TUP,16
MCVM,MACHAVARAM,4,24.6,HWH → JJKR → RDU → NASP → MCVM,17
AKP,ANAKAPALLE,4,24.6,HWH → JJKR → RDU → NASP → AKP,19
KSK,KASIMKOTA,4,24.6,HWH → JJKR → RDU → NASP → KSK,14
ANB,AMMANABROLU,4,24.6,HWH → JJKR → RDU → NASP → ANB,13
NBM,NAVABPALEM,4,24.6,HWH → JJKR → RDU → NASP → NBM,11
YLM,ELLAMANCHILI,4,24.6,HWH → JJKR → RDU → NASP → YLM,11
BVM,BAYYAVARAM,4,24.6,HWH → JJKR → RDU → NASP → BVM,15
MZV,MARALAHALLI,4,24.6,HWH → JPR → KPL → BWT → MZV,8
KSM,KAMASAMUDRAM,4,24.6,HWH → JPR → KPL → BWT → KSM,8
TCL,TYAKAL,4,24.6,HWH → JPR → KPL → BWT → TCL,12
KDGH,KODIGEHALLI,4,24.6,HWH → JPR → KPL → LOGH → KDGH,6
HEB,HEBBAL,4,24.6,HWH → JPR → KPL → LOGH → HEB,5
KUK,KORUKONDA,4,24.6,HWH → JPR → KPL → ALM → KUK,14
MVW,Mallividu,4,24.6,HWH → JPR → KPL → KTV → MVW,2
APT,ANAPARTI,4,24.6,HWH → JPR → KPL → KTV → APT,11
PON,PONNERI,4,24.6,HWH → JJKR → MKTP → MS → PON,16
TME,TUTI MELUR,4,24.6,HWH → JJKR → MKTP → MS → TME,6
CPM,CHOLAPURAM,4,24.6,HWH → JJKR → MKTP → MS → CPM,2
MPK,CHENNAI PARK,4,24.6,HWH → JJKR → MKTP → MS → MPK,8
TKW,THAKURVADI,4,24.6,HWH → JJKR → MKTP → MS → TKW,13
MPLI,MINNAMPALLI,4,24.6,HWH → JJKR → MKTP → MS → MPLI,8
MSC,CHENNAI CHETPAT,4,24.6,HWH → JJKR → MKTP → MS → MSC,6
CPP,CHIPURUPALLE,4,24.6,HWH → JJKR → MKTP → HCM → CPP,15
KRAN,KORATTI ANGADI,4,24.6,HWH → JPR → MPD → TVC → KRAN,16
PYX,PEYANAPALLI,4,24.6,HWH → JPR → MPD → TVC → PYX,11
QLN,KOLLAM JN,4,24.6,HWH → JPR → MPD → TVC → QLN,15
NEM,NEMEM,4,24.6,HWH → JPR → MPD → TVC → NEM,4
TVP,TRIVANDRUM PETTAI,4,24.6,HWH → JPR → MPD → TVC → TVP,10
RWO,RANAVAV,4,24.6,HWH → JPR → MPD → PBR → RWO,4
TRSR,TARSAI,4,24.6,HWH → JPR → MPD → APQ → TRSR,6
CIV,Chinnaravuru,4,24.6,HWH → JPR → MPD → TEL → CIV,4
SUDV,SUMMADEVI,4,24.6,HWH → JPR → MPD → TEL → SUDV,15
YGL,YELGUR,4,24.6,HWH → JPR → MPD → TEL → YGL,10
AKU,ANGALAKUDURU,4,24.6,HWH → JPR → MPD → TEL → AKU,7
CKU,CHAKULIA,4,24.6,HWH → JPR → KGP → GII → CKU,12
RKSN,RAJKHARSAWAN JN,4,24.6,HWH → JPR → KGP → GII → RKSN,12
KNM,KANIMAHULI,4,24.6,HWH → JPR → KGP → GII → KNM,8
BEML,BEML Nagar,4,24.6,HWH → JPR → KPL → BWT → BEML,4
VRDP,VARADAPUR,4,24.6,HWH → JPR → KPL → BWT → VRDP,15
PSDA,PASIVEDALA,4,24.6,HWH → JPR → GVN → KVR → PSDA,10
SINI,SINI JN,4,24.6,HWH → JPR → CND → BRBS → SINI,10
FA,FALNA,4,24.6,HWH → JPR → CND → MLR → FA,9
BLSN,BELSONDA,4,24.6,HWH → JPR → CND → MLR → BLSN,6
MYJ,MAHEJI,4,24.6,HWH → JPR → CND → MLR → MYJ,17
TMT,TIMTALA,4,24.6,HWH → JPR → CND → DIP → TMT,9
KWN,KACHEWANI,4,24.6,HWH → JPR → CND → DIP → KWN,9
DMN,DHAMANGAON,4,24.6,HWH → JPR → CND → DIP → DMN,9
CPBH,CHIRAILA,4,24.6,HWH → JPR → BBM → AUBR → CPBH,8
MRQ,MATARI,4,24.6,HWH → JPR → BBM → AUBR → MRQ,8
SEB,SON NAGAR,4,24.6,HWH → JPR → BBM → AUBR → SEB,12
PES,PHESAR,4,24.6,HWH → JPR → BBM → AUBR → PES,7
KTD,KANTADIH,4,24.6,HWH → JPR → BBM → URMA → KTD,4
GAP,GURPA,4,24.6,HWH → JPR → BBM → BRMD → GAP,9
NIM,NIMDIH,4,24.6,HWH → JPR → BBM → BRMD → NIM,5
TRX,TIRUMANI,4,24.6,HWH → JPR → MPD → TVC → TRX,16
GAA,GALAN,4,24.6,HWH → JPR → YAD → NI → GAA,11
LONI,LONI,4,24.6,HWH → JPR → YAD → NI → LONI,6
RHNE,ROHINI,4,24.6,HWH → JPR → YAD → NI → RHNE,14
PGMD,PRAGATI MAIDAN,4,24.6,HWH → JPR → GVN → TGP → PGMD,12
CKNI,CHIKNI ROAD,4,24.6,HWH → JPR → GVN → TGP → CKNI,22
KLD,KHALILABAD,4,24.6,HWH → JPR → GVN → TGP → KLD,10
GDYA,GHORADONGRI,4,24.6,HWH → JPR → GVN → TGP → GDYA,18
OTK,OTTAKOVIL,4,24.6,HWH → JPR → GVN → TGP → OTK,6
DHQ,DHARAKHOH,4,24.6,HWH → JPR → GVN → TGP → DHQ,12
PDPL,PEDDAPALLI,4,24.6,HWH → JPR → GVN → TGP → PDPL,19
PJB,PANIAJOB,4,24.6,HWH → JPR → GVN → TGP → PJB,8
DYS,DALAPATHY SAMUDRAM,4,24.6,HWH → JPR → GVN → KDM → DYS,7
BPQ,BALHARSHAH,4,24.6,HWH → JPR → GVN → KDM → BPQ,19
LBH,DILKUSHA CABIN,4,24.6,HWH → JPR → GVN → KDM → LBH,17
TAA,TADLA PUSAPALLI,4,24.6,HWH → JPR → GVN → KDM → TAA,12
VDD,VENDODU,4,24.6,HWH → JPR → GVN → KVR → VDD,9
ANJE,ANGARPATHRA HALT,4,24.6,HWH → JPR → SZZ → BBS → ANJE,8
LRB,LARABAD,4,24.6,HWH → JPR → SZZ → HRE → LRB,6
SMND,SARMATANR,4,24.6,HWH → JPR → SZZ → HRE → SMND,5
MBS,MADHOSINGH,4,24.6,HWH → JPR → SZZ → HRE → MBS,5
KQR,KODERMA,4,24.6,HWH → JPR → SZZ → HRE → KQR,8
SVW,SHIVNI SHIVAPUR,4,24.6,HWH → JPR → YAD → AK → SVW,11
KQV,Kinkhed,4,24.6,HWH → JPR → YAD → AK → KQV,8
STDB,SITAFALMANDI B,4,24.6,HWH → JPR → YAD → AK → STDB,3
BSQ,BARSI TAKLI,4,24.6,HWH → JPR → YAD → AK → BSQ,8
GAO,GAIGAON,4,24.6,HWH → JPR → YAD → AK → GAO,6
SNK,SINDKHEDA,4,24.6,HWH → JPR → YAD → BGN → SNK,9
TKHE,TAKARKHEDE,4,24.6,HWH → JPR → YAD → BGN → TKHE,10
DI,DOMBIVILI,4,24.6,HWH → JPR → YAD → BGN → DI,18
KTP,KATEPURNA,4,24.6,HWH → JPR → YAD → BGN → KTP,8
MMR,MANMAD JN,4,24.6,HWH → JPR → YAD → NI → MMR,16
SVG,SAWALGI,4,24.6,HWH → JPR → YAD → NI → SVG,8
DGG,DONGARGARH,4,24.6,HWH → JPR → CHBT → AKT → DGG,6
KTSH,KOTMI SONAN HLT,4,24.6,HWH → JPR → CHBT → AKT → KTSH,7
KPNA,KAPAN,4,24.6,HWH → JPR → CHBT → AKT → KPNA,8
GAD,Gevra Road,4,24.6,HWH → JPR → CHBT → KRBA → GAD,2
URGA,Urga,4,24.6,HWH → JPR → CHBT → KRBA → URGA,4
LKBR,LAKSHMI BAI NAGAR,4,24.6,HWH → JPR → CHBT → BSP → LKBR,3
SRWN,SARASWATINAGAR,4,24.6,HWH → JPR → CHBT → BSP → SRWN,12
USL,USALAPUR,4,24.6,HWH → JPR → CHBT → BSP → USL,4
GTW,GATORA,4,24.6,HWH → JPR → CHBT → BSP → GTW,6
SLH,SILIARI,4,24.6,HWH → JPR → CHBT → BYL → SLH,11
NPI,NIPANIA,4,24.6,HWH → JPR → CHBT → BYL → NPI,14
BYT,BHATAPARA,4,24.6,HWH → JPR → CHBT → BYL → BYT,12
DGS,DAGORI,4,24.6,HWH → JPR → CHBT → BYL → DGS,12
BMB,BAMRA,4,24.6,HWH → JPR → CHBT → DPH → BMB,9
MCS,MANCHESWAR,4,24.6,HWH → JPR → SZZ → BBS → MCS,18
BNC,BANGALORE CANT,4,24.6,HWH → JPR → SZZ → BBS → BNC,7
UGD,UPPUGUNDURU,4,24.6,HWH → JPR → KLX → VAT → UGD,23
PRH,POWERPET,4,24.6,HWH → JPR → KLX → VAT → PRH,13
VRU,VALIVERU,4,24.6,HWH → JPR → KLX → TSR → VRU,8
UPD,ULAVAPADU,4,24.6,HWH → JPR → KLX → TSR → UPD,22
PTPU,PRATTIAPADU,4,24.6,HWH → JPR → KLX → TSR → PTPU,13
PGU,PADUGUPADU,4,24.6,HWH → JPR → KLX → TSR → PGU,17
MAS,CHENNAI CENTRAL,4,24.6,HWH → JPR → KLX → NVC → MAS,22
BKL,BONA KALU,4,24.6,HWH → JPR → KLX → NVC → BKL,14
MOD,MORAMPUDI,4,24.6,HWH → JPR → KLX → DIG → MOD,10
BIG,BELGAHNA,4,24.6,HWH → JPR → DGB → PDU → BIG,5
VSKP,VISHAKAPATNAM,4,24.6,HWH → JPR → DGB → PDU → VSKP,12
AKOR,AKALKOT ROAD,4,24.6,HWH → JPR → DGB → PDU → AKOR,6
SGDM,SIGADAM,4,24.6,HWH → JPR → DGB → PDU → SGDM,18
TEK,Tekkali Halt,4,24.6,HWH → JPR → DGB → NWP → TEK,4
IPM,ICHCHPURAM,4,24.6,HWH → JPR → DGB → NWP → IPM,10
DST,DASAMPATTI,4,24.6,HWH → JPR → DGB → NWP → DST,13
BPP,BAPATLA,4,24.6,HWH → JPR → VTM → KRV → BPP,14
OGL,ONGOLE,4,24.6,HWH → JPR → VTM → KRV → OGL,16
MMS,MANDASA ROAD,4,24.6,HWH → JPR → VTM → KRV → MMS,14
KVZ,KAVALI,4,24.6,HWH → JPR → VTM → KAQ → KVZ,13
RPRL,RAPARLA HALT,4,24.6,HWH → JPR → VTM → KPLL → RPRL,17
SPE,SULLURUPETA,4,24.6,HWH → JPR → VTM → KPLL → SPE,16
DVR,DORAVARI CHATRAM,4,24.6,HWH → JPR → VTM → JAQ → DVR,15
KOK,KORUKKUPET JN,4,24.6,HWH → JPR → VTM → JAQ → KOK,12
MO,MOHOL,4,24.6,HWH → JPR → KLX → CU → MO,11
PAP,PITHAPURAM,4,24.6,HWH → JPR → KLX → CU → PAP,12
APB,ANUPPAMBATTU,4,24.6,HWH → JPR → KLX → CU → APB,15
PRCA,PERECHERLA,4,24.6,HWH → JPR → KLX → CU → PRCA,5
KJJ,KODAVALURU,4,24.6,HWH → JPR → KLX → TMC → KJJ,16
GLA,GARLA,4,24.6,HWH → JPR → KLX → PUA → GLA,13
KI,KONDAPALLI,4,24.6,HWH → JPR → KLX → PUA → KI,14
CBM,CUMBUM,4,24.6,HWH → JPR → KLX → VAT → CBM,5
VNA,VARANGAON,4,24.6,HWH → JPR → SAL → DAE → VNA,12
TLN,TALNI,4,24.6,HWH → JPR → SAL → DAE → TLN,10
GO,GHOTI,4,24.6,HWH → JPR → SAL → DAE → GO,19
PR,MUMBAI PAREL,4,24.6,HWH → JPR → SAL → DAE → PR,8
WR,WARDHA JN,4,24.6,HWH → JPR → SAL → DAE → WR,14
HN,HATHBANDH,4,24.6,HWH → JPR → SAL → DBEC → HN,10
DURG,DURG,4,24.6,HWH → JPR → SAL → DBEC → DURG,17
KMI,KUMHARI,4,24.6,HWH → JPR → SAL → DBEC → KMI,10
RTK,Ramtek,4,24.6,HWH → JPR → SAL → KNHN → RTK,3
KP,KAMPTEE,4,24.6,HWH → JPR → SAL → KNHN → KP,11
TAR,THARSA,4,24.6,HWH → JPR → SAL → CHCR → TAR,7
KVP,KAVARAIPPETTAI,4,24.6,HWH → JPR → VTM → PEL → KVP,13
THV,THERUBALI,4,24.6,HWH → JPR → VTM → PEL → THV,7
AIP,ATTIPPATTU,4,24.6,HWH → JPR → VTM → PEL → AIP,17
SP,SAIDAPET,4,24.6,HWH → JPR → VTM → PEL → SP,5
TMVL,TIRUMULLAIVAYIL,4,24.6,HWH → JPR → VTM → PEL → TMVL,6
ASO,ASANGAON,4,24.6,HWH → GOL → MXW → HSL → ASO,17
BY,BYCULLA,4,24.6,HWH → GOL → MXW → HSL → BY,8
VGL,VAGHLI,4,24.6,HWH → GOL → MXW → HSL → VGL,14
IGP,IGATPURI,4,24.6,HWH → GOL → MXW → HSL → IGP,18
YL,YEOLA,4,24.6,HWH → GOL → MXW → HSL → YL,10
PNV,PANEVADI,4,24.6,HWH → GOL → MXW → HSL → PNV,10
PJN,PANJHAN,4,24.6,HWH → GOL → MXW → HSL → PJN,14
NGNT,NEW GUNTUR,4,24.6,HWH → JPR → NBR → PDKN → NGNT,6
REP,RESAULI,4,24.6,HWH → JPR → NBR → PDKN → REP,4
CRPM,CHANDRAMPALEM,4,24.6,HWH → JPR → NBR → MAG → CRPM,12
VJA,VEJANDLA,4,24.6,HWH → JPR → NBR → GNT → VJA,6
NLPD,NALLAPADU,4,24.6,HWH → JPR → NBR → GNT → NLPD,6
NPTY,NIMPURA THROUGH YARD,4,24.6,HWH → JPR → ASB → GVDP → NPTY,7
BIRP,BIRARAJPUR,4,24.6,HWH → JPR → ASB → GVDP → BIRP,8
KGPW,KGPW,4,24.6,HWH → JPR → ASB → GVDP → KGPW,7
DIH,DHARUADIHI,4,24.6,HWH → JPR → ASB → RHE → DIH,7
MBD,MUSTABADA,4,24.6,HWH → BSBP → CEL → GALA → MBD,7
BZA,VIJAYAWADA JN,4,24.6,HWH → BSBP → CEL → KKRM → BZA,24
GLU,GULLIPADU,4,24.6,HWH → BSBP → CEL → VGT → GLU,9
TDD,TADEPALLIGUDEM,4,24.6,HWH → BSBP → CEL → VGT → TDD,11
EE,ELURU,4,24.6,HWH → BSBP → CEL → VGT → EE,13
BIS,BISWA BRIDGE,4,24.6,HWH → GOL → SWR → BHNE → BIS,12
BEW,BETAVAD,4,24.6,HWH → GOL → SWR → BHNE → BEW,8
PLD,PALDHI,4,24.6,HWH → GOL → SWR → BHNE → PLD,8
DXG,DHARANGAON,4,24.6,HWH → GOL → SWR → BHNE → DXG,11
CNI,CHANDIL JN,4,24.6,HWH → GOL → SWR → LPH → CNI,11
SRL,SAROLA,4,24.6,HWH → GOL → DRWN → NGN → SRL,8
ANK,ANKAI,4,24.6,HWH → GOL → DRWN → NGN → ANK,13
KLG,KALUNGA,4,24.6,HWH → GOL → TUX → BRM → KLG,10
CKP,CHAKRADHARPUR,4,24.6,HWH → GOL → TUX → BRM → CKP,11
BPH,BELPAHAR,4,24.6,HWH → GOL → MXW → PNPL → BPH,9
DTV,DHUTRA,4,24.6,HWH → GOL → MXW → PNPL → DTV,10
TNH,TINKHEDA,4,24.6,HWH → BSBP → MDKU → INK → TNH,16
VDA,VASAD JN,4,24.6,HWH → BSBP → MDKU → INK → VDA,13
DVD,DUVVADA,4,24.6,HWH → BSBP → MDKU → INK → DVD,27
MDH,MANDHAR,4,24.6,HWH → BSBP → MDKU → INK → MDH,13
NKD,NEKONDA,4,24.6,HWH → BSBP → MDKU → INK → NKD,10
NLS,NELLORE SOUTH,4,24.6,HWH → BSBP → MDKU → NDO → NLS,14
CUE,CHOUPALE,4,24.6,HWH → BSBP → CEL → KBH → CUE,9
KHTG,KHATGAON,4,24.6,HWH → BSBP → CEL → KBH → KHTG,9
DWD,DHEKVAD,4,24.6,HWH → BSBP → CEL → KBH → DWD,6
RYP,RAYANAPAD,4,24.6,HWH → BSBP → CEL → IPPM → RYP,9
TTU,TETTU,4,24.6,HWH → BSBP → CEL → IPPM → TTU,15
KQA,KONDAGUNTA,4,24.6,HWH → BSBP → CEL → IPPM → KQA,8
IPPN,IPURUPALEM HALT,4,24.6,HWH → BSBP → CEL → IPPM → IPPN,14
SPF,STUARTPURAM,4,24.6,HWH → BSBP → CEL → IPPM → SPF,10
DD,DAUND JN,4,24.6,HWH → BSBP → CEL → HVM → DD,15
BRST,BIR PURUSHOTTAMPUR,4,24.6,HWH → BSBP → CEL → GALA → BRST,7
KTCR,KOTHACHERUVU,4,24.6,HWH → BSBP → KIG → SSPN → KTCR,6
NRYP,NARAYANAPURAM,4,24.6,HWH → BSBP → KIG → SSPN → NRYP,8
KJMG,KANJUR MARG,4,24.6,HWH → BSBP → KIG → CSTM → KJMG,11
NHU,NAHUR,4,24.6,HWH → BSBP → KIG → CSTM → NHU,10
HPR,HIRAPUR,4,24.6,HWH → BSBP → KIG → CSTM → HPR,11
CCH,CHINCHVAD,4,24.6,HWH → BSBP → KIG → CSTM → CCH,8
HMRR,HAMARAPUR,4,24.6,HWH → BSBP → KIG → CSTM → HMRR,12
MSD,BOMBAY MASJID,4,24.6,HWH → BSBP → KIG → CSTM → MSD,8
MDR,MADHIRA,4,24.6,HWH → BSBP → MDKU → TNGM → MDR,7
GNN,GANGINENI,4,24.6,HWH → BSBP → MDKU → KVDU → GNN,14
KHT,SRI KALAHASTI,4,24.6,HWH → BSBP → MDKU → CJM → KHT,6
OEA,ODELA,4,24.6,HWH → BSBP → MDKU → KZJT → OEA,8
KZJE,KAZIPET E CABIN,4,24.6,HWH → BSBP → MDKU → KZJT → KZJE,6
NSKL,NASKHAL,4,24.6,HWH → BSBP → MDKU → KZJT → NSKL,4
HSP,HASANPARTHI RD,4,24.6,HWH → BSBP → MDKU → KZJT → HSP,13
WL,WARANGAL,4,24.6,HWH → BSBP → MDKU → INK → WL,16
DKN,DEVANGONTHI,4,24.6,HWH → KGY → CAP → WFD → DKN,6
KJM,KRISHNARAJAPURAM,4,24.6,HWH → KGY → CAP → WFD → KJM,16
PUN,PUNDI,4,24.6,HWH → KGY → CAP → CAPC → PUN,16
MQG,MILANGARH,4,24.6,HWH → KGY → CAP → CAPC → MQG,8
AKAT,AKKAMPET,4,24.6,HWH → BSBP → BOP → JER → AKAT,13
SHE,SEORAPHULI,4,24.6,HWH → BSBP → BOP → BBAE → SHE,6
BHR,BHADRESHWAR,4,24.6,HWH → BSBP → BOP → BBAE → BHR,5
NJB,NIJBARI,4,24.6,HWH → BSBP → NALR → MBC → NJB,11
NGF,NAGARNABI,4,24.6,HWH → BSBP → NALR → MBC → NGF,13
EKI,EKLAKHI,4,24.6,HWH → BSBP → NALR → MBC → EKI,8
KMRJ,KUMARGANJ,4,24.6,HWH → BSBP → NALR → MBC → KMRJ,12
MFZ,MALAHAR,4,24.6,HWH → BSBP → NALR → AMP → MFZ,9
KPLE,KOPAI,4,24.6,HWH → BSBP → NALR → AMP → KPLE,7
BSLE,BATASPUR,4,24.6,HWH → BSBP → NALR → AMP → BSLE,5
MLPM,MELPAKKAM,4,24.6,HWH → BSBP → KIG → SSPN → MLPM,19
ZPL,ZANGALAPALLE,4,24.6,HWH → BSBP → KIG → SSPN → ZPL,16
BOK,BORKHEDI,4,24.6,HWH → KGY → AJNI → SNI → BOK,19
GDKP,GHUNDANKHAPA,4,24.6,HWH → KGY → AJNI → KRI → GDKP,10
SEG,SHEGAON,4,24.6,HWH → KGY → AJNI → KRI → SEG,8
SAHL,SAHELI,4,24.6,HWH → KGY → AJNI → KRI → SAHL,13
GMG,GUMGAON,4,24.6,HWH → KGY → AJNI → KRI → GMG,11
ASAF,ASIFABAD ROAD,4,24.6,HWH → KGY → AJNI → NGP → ASAF,13
MUP,MURHIPAR,4,24.6,HWH → KGY → AJNI → NGP → MUP,10
KAV,KALAMNA,4,24.6,HWH → KGY → AJNI → NGP → KAV,13
GRMT,GUR MARKET,4,24.6,HWH → KGY → AJNI → NGP → GRMT,6
GNQ,GODHANI,4,24.6,HWH → KGY → AJNI → NGP → GNQ,13
MLV,MALLARPUR,4,24.6,HWH → KGY → ANCR → TPF → MLV,10
RPH,RAMPUR HAT,4,24.6,HWH → KGY → ANCR → TPF → RPH,8
ODM,ONDAGRAM,4,24.6,HWH → KGY → ANCR → BQA → ODM,6
BXL,BHEDUASOL,4,24.6,HWH → KGY → ANCR → BQA → BXL,4
JPH,JHANTIPAHARI,4,24.6,HWH → KGY → ANCR → CJN → JPH,4
AB,AMBUR,4,24.6,HWH → KGY → CAP → WFD → AB,9
VSP,WASANAPURA,4,24.6,HWH → KGY → ANV → GNVR → VSP,20
MKC,MAKSI,4,24.6,HWH → KGY → ANV → YP → MKC,11
CHJ,CHATA,4,24.6,HWH → KGY → ANV → YP → CHJ,14
TIG,TITLAGARH,4,24.6,HWH → KGY → ANV → DWP → TIG,10
MRTY,MURTI,4,24.6,HWH → KGY → ANV → RVD → MRTY,6
DGDG,DURGADA GATE,4,24.6,HWH → KGY → ANV → RVD → DGDG,18
BHS,VIDISHA,4,24.6,HWH → KGY → AJNI → CCD → BHS,13
MJY,MARAMJHIRI,4,24.6,HWH → KGY → AJNI → CCD → MJY,11
HTN,HATNA PUR,4,24.6,HWH → KGY → AJNI → CCD → HTN,8
MAGH,MANIKGARH,4,24.6,HWH → KGY → AJNI → SNI → MAGH,17
BCH,BERCHHA,4,24.6,HWH → KGY → AJNI → SNI → BCH,8
BIH,BAIRAGARH,4,24.6,HWH → KGY → AJNI → SNI → BIH,8
NRKR,NARKHER,4,24.6,HWH → KGY → AJNI → SNI → NRKR,21
JTJ,JOLARPETTAI,4,24.6,HWH → KGY → AJNI → SNI → JTJ,17
BTBR,BUTI BORI,4,24.6,HWH → KGY → AJNI → SNI → BTBR,18
WIRR,WIRUR,4,24.6,HWH → KGY → AJNI → SNI → WIRR,17
GHE,GHEVRA,4,24.6,HWH → KGY → ROB → PKE → GHE,8
KDTR,KIRODIMALNAGAR,4,24.6,HWH → KGY → ROB → BEF → KDTR,4
JDI,JHARRADIH,4,24.6,HWH → KGY → ROB → KHS → JDI,7
VUL,Virul,4,24.6,HWH → KGY → KAOT → PLO → VUL,4
USD,UKAI SONGADH,4,24.6,HWH → KGY → KAOT → BSL → USD,8
BDWD,BODWAD,4,24.6,HWH → KGY → KAOT → BSL → BDWD,9
JRU,CHIKJAJUR JN,4,24.6,HWH → KGY → KAOT → BSL → JRU,14
BSBN,BHUSAWAL B CABIN,4,24.6,HWH → KGY → KAOT → BSL → BSBN,15
MAUR,MAUR,4,24.6,HWH → KGY → KAOT → BSL → MAUR,9
ACG,ACHEGAON,4,24.6,HWH → KGY → KAOT → BSL → ACG,7
BDI,BHADLI,4,24.6,HWH → KGY → KAOT → BSL → BDI,14
DSK,DUSKHEDA,4,24.6,HWH → KGY → KAOT → BSL → DSK,14
PY,PERUNDURAI,4,24.6,HWH → KGY → ANV → GNVR → PY,9
KLBA,KALAMBHA,4,24.6,HWH → KGY → ANV → GNVR → KLBA,9
BUPH,BABUPETH,4,24.6,HWH → KGY → ANV → GNVR → BUPH,17
WP,WANGAPALLI,4,24.6,HWH → KGY → ANV → GNVR → WP,8
KISN,KALISEN,4,24.6,HWH → KGY → NMP → CSY → KISN,4
MANA,MANA,4,24.6,HWH → KGY → NMP → SUA → MANA,7
G,GONDIA JN,4,24.6,HWH → KGY → SKS → DNL → G,9
AGN,AMGAON,4,24.6,HWH → KGY → SKS → DNL → AGN,11
CCT,KAKINADA TOWN,4,24.6,HWH → KGY → PVD → SLO → CCT,7
MRPL,MARAMPALLI,4,24.6,HWH → KGY → PVD → SLO → MRPL,9
GDPT,GUDAPARTI,4,24.6,HWH → KGY → PVD → SLO → GDPT,8
PYA,PEDAPARIYA,4,24.6,HWH → KGY → PVD → TVT → PYA,21
ICG,ICHCHANGADU,4,24.6,HWH → KGY → PVD → TVT → ICG,7
MSU,MOSUR,4,24.6,HWH → KGY → PVD → TVT → MSU,5
VOC,V.O.C. NAGAR,4,24.6,HWH → KGY → PVD → TVT → VOC,11
WCN,WIMCO NAGAR,4,24.6,HWH → KGY → PVD → TVT → WCN,7
VNJ,TIRUPPUR VANJIPALAYAM,4,24.6,HWH → KGY → PVD → CLVR → VNJ,11
BTTR,BITRAGUNTA,4,24.6,HWH → KGY → PVD → CLVR → BTTR,12
SKT,SAKTI,4,24.6,HWH → KGY → ROB → KRL → SKT,14
RIG,RAIGARH,4,24.6,HWH → KGY → ROB → KRL → RIG,6
LPG,LAPANGA,4,24.6,HWH → SLRA → JSGR → BXQ → LPG,6
XX-JSGB,XX-JSGB,4,24.6,HWH → SLRA → JSGR → JSRY → XX-JSGB,4
TLTM,TALCHER THERMAL,4,24.6,HWH → SLRA → NRG → TTPT → TLTM,14
TLHD,TALCHER ROAD,4,24.6,HWH → SLRA → NRG → TTPT → TLHD,6
BDPK,BURHAPANKA,4,24.6,HWH → SLRA → NRG → TTPT → BDPK,7
TLHR,TALCHER,4,24.6,HWH → SLRA → NRG → TTPT → TLHR,4
CBT,CHARBATIA,4,24.6,HWH → SLRA → NRG → SQQ → CBT,5
SER,SAMAYANALLUR,4,24.6,HWH → KGY → BMD → CVV → SER,8
KOLR,KOLNUR,4,24.6,HWH → KGY → BMD → CVV → KOLR,11
SDM,SURAREDDIPALEM,4,24.6,HWH → KGY → BMD → CVV → SDM,20
OMLF,OLD MALDA,4,24.6,HWH → KGY → VKD → KOJ → OMLF,7
SUF,SESAPANI,4,24.6,HWH → KGY → VKD → KOJ → SUF,8
BPRD,BARPETA ROAD,4,24.6,HWH → KGY → VKD → PBL → BPRD,12
PNE,PRANTIK,4,24.6,HWH → KGY → VKD → BLDA → PNE,7
KLA,KULWA,4,24.6,HWH → KGY → VKD → BLDA → KLA,7
KXN,KANSHBAHAL,4,24.6,HWH → KGY → NMP → BEH → KXN,9
GRBL,GARUDUBILLI,4,24.6,HWH → SLRA → SNRL → MNGD → GRBL,7
BMCK,BISSAMCUTTACK,4,24.6,HWH → SLRA → SNRL → MNGD → BMCK,9
DKLU,DOIKALLU,4,24.6,HWH → SLRA → SNRL → MNGD → DKLU,6
KRPC,KHARIA-PIPRA HALT,4,24.6,HWH → SLRA → SNRL → KRPB → KRPC,4
KMX,KOMATIPALLI,4,24.6,HWH → SLRA → SNRL → MQJ → KMX,7
GPT,GOPALAPATNAM,4,24.6,HWH → SLRA → SNRL → MQJ → GPT,12
HATB,HATIBARI,4,24.6,HWH → SLRA → SBPD → JUJA → HATB,6
BAMR,BAMUR,4,24.6,HWH → SLRA → SBPD → RAIR → BAMR,4
BBRM,BABA BHAGWAN RAM HALT,4,24.6,HWH → SLRA → SBPD → SBP → BBRM,12
HKG,HIRAKUD,4,24.6,HWH → SLRA → SBPD → SBP → HKG,6
KPJG,KEREJANGA,4,24.6,HWH → SLRA → SBPD → ANGL → KPJG,10
BNGO,BINGAON,4,24.6,HWH → SLRA → JSGR → JSG → BNGO,7
IB,IB,4,24.6,HWH → SLRA → JSGR → JSG → IB,7
IBH4,IBH4,4,24.6,HWH → SLRA → JSGR → LATI → IBH4,4
XX-CPHO,XX-CPHO,4,24.6,HWH → SLRA → JSGR → LATI → XX-CPHO,4
GBQ,GODBHAGA,4,24.6,HWH → SLRA → JSGR → BXQ → GBQ,6
CAT,CHATTAR HAT,4,24.6,HWH → DNHL → JPQ → NBAE → CAT,13
MPI,MELPATTI,4,24.6,HWH → DNHL → BMAE → KPD → MPI,9
VRPD,VIRAPANDY ROAD,4,24.6,HWH → DNHL → BMAE → KPD → VRPD,10
VT,VELLORE TOWN,4,24.6,HWH → DNHL → BMAE → KPD → VT,4
SBC,BANGALORE CITY JN,4,24.6,HWH → DNHL → BMAE → KPD → SBC,25
MAR,MULANUR,4,24.6,HWH → DNHL → BMAE → KPD → MAR,16
BUM,BOMMASAMUDRAM,4,24.6,HWH → DNHL → BMAE → KPD → BUM,9
SVUR,SEVUR,4,24.6,HWH → DNHL → BMAE → KPD → SVUR,11
LTI,LATTERI,4,24.6,HWH → DNHL → BMAE → KPD → LTI,23
AFK,ANGAMALI,4,24.6,HWH → DNHL → BMAE → ERN → AFK,12
TLY,THALASSERY,4,24.6,HWH → DNHL → BMAE → ERN → TLY,6
WKI,WADAKANCHERI,4,24.6,HWH → DNHL → BMAE → ERN → WKI,10
PNQ,PUNKUNNAM,4,24.6,HWH → DNHL → BMAE → ERN → PNQ,19
TRTR,TRIUPUNITTURA,4,24.6,HWH → DNHL → BMAE → ERN → TRTR,10
IPL,EDAPPALLY,4,24.6,HWH → DNHL → BMAE → ERN → IPL,12
BPAE,BEGUMPUR,4,24.6,HWH → DNHL → BMAE → MSAE → BPAE,12
VADR,WARUD,4,24.6,HWH → DNHL → JAT → GCAB → VADR,18
BSPC,BSPC,4,24.6,HWH → DNHL → JAT → GCAB → BSPC,6
CCAB,BMY C CABIN,4,24.6,HWH → DNHL → JAT → GCAB → CCAB,4
MKA,MOKAMEH JN,4,24.6,HWH → DNHL → JAT → BJU → MKA,16
RJO,RAJENDRA PUL,4,24.6,HWH → DNHL → JAT → BJU → RJO,15
TIL,TILRATH,4,24.6,HWH → DNHL → JAT → BJU → TIL,10
BUJ,BARAUNI FLAG,4,24.6,HWH → DNHL → JAT → BJU → BUJ,17
TGA,TEGHRA,4,24.6,HWH → DNHL → JAT → BJU → TGA,11
GHX,GARHARA,4,24.6,HWH → DNHL → JAT → BJU → GHX,13
BAGD,BAGWADA,4,24.6,HWH → DNHL → JAT → OSHI → BAGD,16
SGRR,SANGAR,4,24.6,HWH → DNHL → JAT → BLA → SGRR,6
JIND,JIND JN,4,24.6,HWH → DNHL → JAT → BBMN → JIND,12
HRNR,HIRA NAGAR,4,24.6,HWH → DNHL → JAT → BBMN → HRNR,8
CHKB,CHAKKI BANK,4,24.6,HWH → DNHL → JAT → BBMN → CHKB,10
VJPJ,VIJAYPUR JAMMU,4,24.6,HWH → DNHL → JAT → BBMN → VJPJ,9
JNU,JAUNPUR JN,4,24.6,HWH → DNHL → JPQ → NBAE → JNU,16
BIZ,BAIHATA,4,24.6,HWH → DNHL → AGT → CGS → BIZ,12
THED,TAUHEED,4,24.6,HWH → DNHL → CHC → HWR → THED,13
KNE,KISHANGANJ,4,24.6,HWH → DNHL → CHC → HWR → KNE,14
SGUJ,SILIGURI JN,4,24.6,HWH → DNHL → CHC → HWR → SGUJ,8
KKA,KANKI,4,24.6,HWH → DNHL → CHC → HWR → KKA,8
SIU,Singur,4,24.6,HWH → DNHL → CHC → KQU → SIU,4
NKL,Nalikul,4,24.6,HWH → DNHL → CHC → KQU → NKL,4
KWD,KARWANDIA,4,24.6,HWH → DNHL → CHC → KQU → KWD,5
RQJ,RANINAGAR JALPAIGIRI,4,24.6,HWH → DNHL → CHC → PRAE → RQJ,8
ASR,AMRITSAR JN,4,24.6,HWH → DNHL → CHC → PRAE → ASR,21
KIU,KINANA,4,24.6,HWH → DNHL → JAT → BZO → KIU,10
UCA,UCHANA,4,24.6,HWH → DNHL → JAT → BZO → UCA,8
BNGL,BHANGALA,4,24.6,HWH → DNHL → JAT → GHGL → BNGL,10
SMBX,SAMBA,4,24.6,HWH → DNHL → JAT → GHGL → SMBX,7
MGRD,MAGARDOH,4,24.6,HWH → DNHL → JAT → GCAB → MGRD,10
MIB,NAGPUR MOTI BAGH,4,24.6,HWH → DNHL → JAT → GCAB → MIB,8
PAJ,PARAJ,4,24.6,HWH → DNHL → KAN → GLI → PAJ,7
IKC,IKARCHALA,4,24.6,HWH → DNHL → BNGN → GMZ → IKC,12
BOE,BARSOI JN,4,24.6,HWH → DNHL → BNGN → DMZ → BOE,20
MGS,MUGHAL SARAI JN,4,24.6,HWH → DNHL → BNGN → DMZ → MGS,31
TMH,TIN MILE HAT,4,24.6,HWH → DNHL → BNGN → DMZ → TMH,8
GUZ,GUMANI HAT,4,24.6,HWH → DNHL → BNGN → GDX → GUZ,8
DML,DHARAMTUL,4,24.6,HWH → DNHL → BNGN → FLK → DML,7
DQG,DHUPGURI,4,24.6,HWH → DNHL → BNGN → FLK → DQG,10
SXX,SALBARI,4,24.6,HWH → DNHL → BNGN → FLK → SXX,10
GB,GAURI BAZAR,4,24.6,HWH → DNHL → NLV → BJF → GB,12
MFA,MAKURIA,4,24.6,HWH → DNHL → AGT → DLDE → MFA,12
DMV,DIMAPUR,4,24.6,HWH → DNHL → AGT → DLDE → DMV,10
TTB,TITABAR,4,24.6,HWH → DNHL → AGT → DLDE → TTB,13
TETA,TELTA,4,24.6,HWH → DNHL → AGT → AHL → TETA,11
SUD,SUDHANI,4,24.6,HWH → DNHL → AGT → AHL → SUD,19
BXR,BUXAR,4,24.6,HWH → DNHL → AGT → CGS → BXR,15
GGR,GANGRAR,4,24.6,HWH → DNHL → CDAE → CNA → GGR,4
BSSL,Basi Beriasal,4,24.6,HWH → DNHL → CDAE → CNA → BSSL,4
COR,CHITTAURGARH,4,24.6,HWH → DNHL → CDAE → CNA → COR,8
KAO,KALUBATHAN,4,24.6,HWH → DNHL → CDAE → TNW → KAO,4
CBH,CHAUBE,4,24.6,HWH → DNHL → KAN → MMU → CBH,12
KMME,KUMARDUBI,4,24.6,HWH → DNHL → KAN → MMU → KMME,7
SKGH,SAKTESGARH,4,24.6,HWH → DNHL → KAN → CAR → SKGH,7
DAP,DAGMAGPUR,4,24.6,HWH → DNHL → KAN → CAR → DAP,10
CTR,CHATRA,4,24.6,HWH → DNHL → KAN → SDLE → CTR,6
NHT,NALHATI JN,4,24.6,HWH → DNHL → KAN → SDLE → NHT,10
DCOP,DURGAPUR COKE OVEN PLANT EXCHANGE YARD SDG WARIA,4,24.6,HWH → DNHL → KAN → INCI → DCOP,12
BPS,BANPAS,4,24.6,HWH → DNHL → KAN → JTL → BPS,7
PNBE,PATNA JN,4,24.6,HWH → DNHL → KAN → PWS → PNBE,20
DNR,DANAPUR,4,24.6,HWH → DNHL → KAN → PWS → DNR,10
KTQ,KUDRA,4,24.6,HWH → DNHL → KAN → KVD → KTQ,4
BYXA,BETGARA,4,24.6,HWH → DNHL → KAN → TIT → BYXA,10
MOR,MOR,4,24.6,HWH → ADST → BDC → HGY → MOR,15
CNS,CHUCHURA,4,24.6,HWH → ADST → BDC → HGY → CNS,5
NFKB,NEW FARAKKA-B-CABIN,4,24.6,HWH → ADST → BDC → KOAA → NFKB,15
SMH,SIMRAHA,4,24.6,HWH → ADST → BDC → KOAA → SMH,11
SMI,SITAMARHI JN,4,24.6,HWH → ADST → BDC → KOAA → SMI,8
KSBI,KASHIABARI,4,24.6,HWH → ADST → BDC → KOAA → KSBI,3
RYM,RAMIDI HALT,4,24.6,HWH → ADST → BDC → KOAA → RYM,14
BNLY,BHANUPLI,4,24.6,HWH → ADST → BDC → KOAA → BNLY,3
ASN,ASANSOL JN,4,24.6,HWH → ADST → BDC → KOAA → ASN,14
BTRO,BASTOI HALT,4,24.6,HWH → ADST → BDC → KOAA → BTRO,6
DGR,DURGAPUR,4,24.6,HWH → ADST → BDC → KOAA → DGR,11
CP,KOLKATA,4,24.6,HWH → ADST → BDC → KOAA → CP,2
ARW,AHRAURA ROAD,4,24.6,HWH → ADST → MUG → TLO → ARW,11
BGO,BOGRI ROAD,4,24.6,HWH → DNHL → CDAE → DNT → BGO,8
KUHI,Kuhi,4,24.6,HWH → DNHL → CDAE → ITR → KUHI,4
KRDH,Koradih,4,24.6,HWH → DNHL → CDAE → ITR → KRDH,4
LH,LAHING,4,24.6,HWH → CKW → DKM → MUGN → LH,12
PKR,PAKUR,4,24.6,HWH → CKW → DKM → MUGN → PKR,11
MZA,MEZENGA S,4,24.6,HWH → CKW → DKM → MUGN → MZA,15
LXA,LAKSWA,4,24.6,HWH → CKW → DKM → MUGN → LXA,11
MEG,MELENG,4,24.6,HWH → CKW → TSKG → SPGN → MEG,6
DMGN,DHAMALGAON,4,24.6,HWH → CKW → LHL → DBRG → DMGN,7
NTSK,NEW TINSUKIA JN,4,24.6,HWH → CKW → LHL → CHB → NTSK,8
BHGN,BHILGAON,4,24.6,HWH → CKW → LHL → CHB → BHGN,7
SLGR,SIMALUGURI JN,4,24.6,HWH → CKW → LHL → CHB → SLGR,11
BXJ,BOKAJAN,4,24.6,HWH → CKW → LHL → CHB → BXJ,12
BTZ,BALIMARA,4,24.6,HWH → CKW → LHL → CHB → BTZ,8
KQY,KHARIKATIA,4,24.6,HWH → CKW → LHL → CFG → KQY,14
JMI,JAMGURI,4,24.6,HWH → CKW → LHL → CFG → JMI,8
DBP,DEBIPUR,4,24.6,HWH → ADST → SLG → BCGM → DBP,5
BOI,BAINCHI,4,24.6,HWH → ADST → SLG → BCGM → BOI,6
MMKB,MEMRAKHABAD,4,24.6,HWH → ADST → BDC → KNHP → MMKB,8
SSIA,SUISA,4,24.6,HWH → MURI → ILO → TRAN → SSIA,5
RCGT,RICHUGHUTU,4,24.6,HWH → MURI → BLNG → CTQ → RCGT,4
TORI,TORI,4,24.6,HWH → MURI → BLNG → CTQ → TORI,7
AGY,AGORI KHAS,4,24.6,HWH → MURI → BLNG → WDM → AGY,7
MXY,MAHUARIYA,4,24.6,HWH → MURI → BLNG → WDM → MXY,5
NUQ,NAGAR UNTARI,4,24.6,HWH → MURI → BLNG → WDM → NUQ,8
HRBR,HARUBERA,4,24.6,HWH → MURI → BLNG → SND → HRBR,6
AOR,ARGORA,4,24.6,HWH → MURI → SLF → RNC → AOR,8
NKM,NAMKON,4,24.6,HWH → MURI → SLF → RNC → NKM,5
GATD,Gautamdhara,4,24.6,HWH → MURI → SLF → KITA → GATD,4
JONA,Jonha,4,24.6,HWH → MURI → SLF → KITA → JONA,4
DMK,Dilmili,4,24.6,HWH → JDB → TPQ → BDXX → DMK,2
AGB,AMBAGAON,4,24.6,HWH → JDB → NKX → AGZ → AGB,4
KYO,KHANDIKAR,4,24.6,HWH → CKW → DKM → RNY → KYO,4
DLK,DALKOLHA,4,24.6,HWH → CKW → DKM → RNY → DLK,20
KDKN,KENDUKANA,4,24.6,HWH → CKW → DKM → RNY → KDKN,12
DDAP,DAUND PATAS ROAD,4,24.6,HWH → KWKC → BLRG → HTE → DDAP,9
SSNS,SHAHEED S N SINGH HALT,4,24.6,HWH → MGPI → SPRN → BLRI → SSNS,6
BSRA,BASARHIA HALT,4,24.6,HWH → MGPI → SPRN → BLRI → BSRA,10
UJP,UJIARPUR,4,24.6,HWH → MGPI → SPRN → BLRI → UJP,9
GBX,GOVINDPUR ROAD,4,24.6,HWH → KWKC → BLRG → HTE → GBX,10
PKF,POKLA,4,24.6,HWH → KWKC → BLRG → HTE → PKF,10
KRRA,KARRA,4,24.6,HWH → KWKC → BLRG → LOM → KRRA,8
TIS,TATISILWAI,4,24.6,HWH → KWKC → JON → GAG → TIS,4
HHG,HEHEGARA HALT (E),4,24.6,HWH → KWKC → JON → KOLE → HHG,6
BKAC,BARKAKANA AVOIDING CABIN,4,24.6,HWH → KWKC → JON → KOLE → BKAC,6
BRMP,Biramitrapur,4,24.6,HWH → MURI → ROU → KRMD → BRMP,2
CLWS,CLWS,4,24.6,HWH → MURI → ROU → ACAB → CLWS,6
ADRE,ADRA EAST CABIN,4,24.6,HWH → MURI → ROU → ACAB → ADRE,6
PBB,PARBATONIA,4,24.6,HWH → MURI → ROU → ORGA → PBB,6
BANO,BANO,4,24.6,HWH → MURI → ROU → NXN → BANO,11
SNSL,SONSHELU,4,24.6,HWH → GTS → GUD → VKH → SNSL,10
KUR,KHURDA ROAD JN,4,24.6,HWH → TPKR → ARD → KPXR → KUR,21
PSA,PALASA,4,24.6,HWH → TPKR → ARD → KPXR → PSA,17
MEH,MELALATHUR,4,24.6,HWH → TPKR → ARD → KPXR → MEH,12
SRJM,SIRJAM,4,24.6,HWH → TPKR → ARD → RGT → SRJM,7
LXD,LAKSHANNATH ROAD,4,24.6,HWH → TPKR → ARD → RGT → LXD,11
PTAB,PATIA HALT,4,24.6,HWH → TPKR → ARD → BTS → PTAB,17
DLMH,DHAULIMUHAN,4,24.6,HWH → TPKR → ARD → BTS → DLMH,11
NH,NAIHATI JN,4,24.6,HWH → TPKR → DSNR → BWN → NH,8
BDYK,BINDAYAKA,4,24.6,HWH → TPKR → DSNR → BWN → BDYK,17
GRP,GANGPUR,4,24.6,HWH → TPKR → DSNR → BWN → GRP,17
JOX,JANAI ROAD,4,24.6,HWH → TPKR → DSNR → GBRA → JOX,9
VSD,VASIND,4,24.6,HWH → GTS → GUD → LS → VSD,9
SPJ,SAMASTIPUR JN,4,24.6,HWH → MGPI → SPRN → BLRI → SPJ,16
BND,BHANDUP,4,24.6,HWH → GTS → GUD → LS → BND,18
UGN,UGAON,4,24.6,HWH → GTS → GUD → LS → UGN,10
SUM,SUMMIT,4,24.6,HWH → GTS → GUD → LS → SUM,11
SKI,SAKRI JN,5,19.7,HWH → MGPI → SPRN → BLRI → SSNS → SKI,14
DDJA,DAUND GOODS YARD,5,19.7,HWH → KWKC → BLRG → HTE → DDAP → DDJA,8
MTN,MUMBAI MATUNGA,5,19.7,HWH → GTS → GUD → LS → UGN → MTN,6
YS,YERMARAS,5,19.7,HWH → GTS → GUD → LS → BND → YS,13
NKDO,NAKKANADODDI,5,19.7,HWH → GTS → GUD → LS → BND → NKDO,13
MHD,MAHEMDAVAD KHEDA RD,5,19.7,HWH → GTS → GUD → VKH → SNSL → MHD,12
URN,UTRAN,5,19.7,HWH → GTS → GUD → VKH → SNSL → URN,13
CLMD,CHULLIMADA,5,19.7,HWH → MURI → ROU → ERSC → KTKU → CLMD,8
SRRB,SHORANUR B CABIN,5,19.7,HWH → MURI → ROU → ERSC → BPZA → SRRB,4
CPDR,CHHIPADOHAR,5,19.7,HWH → MURI → BRKP → BFQ → KMND → CPDR,6
BZE,BASERIA,5,19.7,HWH → MURI → KSX → DHN → KDS → BZE,4
TET,TETULMARI,5,19.7,HWH → MURI → KSX → DHN → BHN → TET,6
GTD,GOURINATHDHAM,5,19.7,HWH → MURI → KSX → GUG → CAS → GTD,4
DNH,DEONAGAR,5,19.7,HWH → MURI → ILO → BKDR → BKSN → DNH,4
BLME,BHOLLDIH,5,19.7,HWH → MURI → ILO → BKDR → BKSN → BLME,11
JNNA,JAMUNIATANR HALT,5,19.7,HWH → MURI → ILO → BKDR → BKSN → JNNA,8
JHMR,JHIMRI,5,19.7,HWH → MURI → ILO → TRAN → SSIA → JHMR,5
DEMU,DEMU,5,19.7,HWH → MURI → BLNG → CTQ → RCGT → DEMU,5
MGME,MCCLUSKIEGANJ,5,19.7,HWH → MURI → BLNG → CTQ → TORI → MGME,5
RBGJ,ROBERTS GANJ,5,19.7,HWH → MURI → BLNG → WDM → AGY → RBGJ,8
CPU,CHOPAN,5,19.7,HWH → MURI → BLNG → WDM → AGY → CPU,6
DXN,DUDDHINAGAR,5,19.7,HWH → MURI → BLNG → WDM → MXY → DXN,8
GHD,GARWA ROAD,5,19.7,HWH → MURI → BLNG → WDM → NUQ → GHD,8
ELR,ELAVUR,5,19.7,HWH → TPKR → ARD → CNT → NYP → ELR,14
KDMD,KANDAMBAKKAM,5,19.7,HWH → TPKR → ARD → CNT → NYP → KDMD,7
SM,SAMSI,5,19.7,HWH → TPKR → ARD → BYY → BAV → SM,6
BNT,BHARTHANA,5,19.7,HWH → TPKR → ARD → BYY → BRTG → BNT,13
HPGM,HARIPUR GRAM,5,19.7,HWH → TPKR → ARD → KPXR → KUR → HPGM,7
CV,KAVERI,5,19.7,HWH → TPKR → ARD → KPXR → MEH → CV,11
GYM,GUDIYATTAM,5,19.7,HWH → TPKR → ARD → KPXR → MEH → GYM,12
VLT,VALATHOOR,5,19.7,HWH → TPKR → ARD → KPXR → MEH → VLT,16
PBD,PEDABRAMADVAM,5,19.7,HWH → TPKR → ARD → RGT → LXD → PBD,14
MLT,MALATIPATPUR,5,19.7,HWH → TPKR → ARD → BTS → PTAB → MLT,7
TAP,TAPANG,5,19.7,HWH → TPKR → ARD → BTS → DLMH → TAP,11
HLR,Halisahar,5,19.7,HWH → TPKR → DSNR → BWN → NH → HLR,4
KNR,KANKINARA,5,19.7,HWH → TPKR → DSNR → BWN → NH → KNR,4
GNCN,GURLA N CABIN,5,19.7,HWH → TPKR → DSNR → BWN → BDYK → GNCN,8
JUCT,JODHPUR CANTT,5,19.7,HWH → TPKR → DSNR → BWN → BDYK → JUCT,10
AMRI,ANAJ MANDI,5,19.7,HWH → TPKR → DSNR → BWN → BDYK → AMRI,6
JOL,Jogal,5,19.7,HWH → TPKR → ROP → TKH → JRG → JOL,4
GPPR,GOPALPUR,5,19.7,HWH → TPKR → ROP → GOGH → GIMC → GPPR,4
CHIB,CHIRAI BG,5,19.7,HWH → TPKR → ROP → GOGH → GIMC → CHIB,6
GRU,GAROPARA,5,19.7,HWH → TPKR → ROP → GOGH → KCF → GRU,5
HOJ,HAMITONGANJ,5,19.7,HWH → TPKR → ROP → GOGH → KCF → HOJ,7
SPX,SAPATGRAM,5,19.7,HWH → TPKR → ROP → GOGH → FKM → SPX,4
DJG,DULIAJAN,5,19.7,HWH → TPKR → ROP → GOGH → FKM → DJG,7
MNE,MANSI JN,5,19.7,HWH → TPKR → ROP → GOGH → FKM → MNE,16
PQK,PRATAP KHATA,5,19.7,HWH → TPKR → ROP → GOGH → FKM → PQK,7
KDRP,Kandarpur,5,19.7,HWH → TPKR → ROP → HIP → KTJI → KDRP,6
GNGD,GANGADHARPUR,5,19.7,HWH → TPKR → ROP → HIP → JPI → GNGD,9
RGA,Rajgoda,5,19.7,HWH → TPKR → ARD → DUSI → RGX → RGA,5
GLP,GOLLAPROLU,5,19.7,HWH → TPKR → ARD → DUSI → CHE → GLP,19
LKNR,LAKHPAT NAGAR,5,19.7,HWH → TPKR → ARD → AGV → JOQ → LKNR,14
NLR,NELLORE,5,19.7,HWH → TPKR → ARD → CNT → NYP → NLR,22
PVM,PATTARAVKKAM,5,19.7,HWH → TPKR → ARD → CNT → NYP → PVM,8
PRDH,PIR DULHE SHAH HALT,5,19.7,HWH → GGTA → DTE → MCA → PUNE → PRDH,16
GPR,GHORPURI,5,19.7,HWH → GGTA → DTE → MCA → PUNE → GPR,6
HDP,HADAPSAR,5,19.7,HWH → GGTA → DTE → MCA → PUNE → HDP,10
GPRW,GHORPURI WEST,5,19.7,HWH → GGTA → DTE → MCA → PUNE → GPRW,17
SVJR,SHIVAJINAGAR,5,19.7,HWH → GGTA → DTE → MCA → PUNE → SVJR,7
PBM,PAMBAN JN,5,19.7,HWH → GGTA → DTE → BAM → RMM → PBM,4
SCM,SIMHACHALAM,5,19.7,HWH → GGTA → DTE → BAM → PDT → SCM,9
PLMD,PILAMEDU,5,19.7,HWH → GGTA → DTE → BAM → PDT → PLMD,13
KJME,KAJORAGRAM,5,19.7,HWH → GGTA → DTE → BPE → UDL → KJME,4
KTJ,KHALTIPUR,5,19.7,HWH → GGTA → DTE → BPE → UDL → KTJ,9
LCAB,LCAB,5,19.7,HWH → GGTA → DTE → BPE → UDL → LCAB,8
UDLW,ANDAL WEST CABIN,5,19.7,HWH → GGTA → DTE → BPE → UDL → UDLW,10
OYR,WARIA,5,19.7,HWH → GGTA → DTE → BPE → UDL → OYR,10
DLO,DALGAON,5,19.7,HWH → GGTA → DTE → BPE → KAMG → DLO,6
APDJ,ALIPUR DUAR JN,5,19.7,HWH → GGTA → DTE → BPE → KAMG → APDJ,11
NDIM,NANDAIGRAM HALT,5,19.7,HWH → TPKR → HWHG → SYAE → IPRA → NDIM,5
STF,Sikta,5,19.7,HWH → GGTA → DTE → HYB → RXL → STF,4
RGH,RAMGARHWA,5,19.7,HWH → GGTA → DTE → HYB → RXL → RGH,6
NKV,NAKARDEI,5,19.7,HWH → GGTA → DTE → HYB → RXL → NKV,4
BHAS,BHOJRAS,5,19.7,HWH → GGTA → DTE → HYB → LAC → BHAS,4
KQD,KHAIRATABAD DCN,5,19.7,HWH → GGTA → DTE → HYB → LKPL → KQD,5
DPRA,DHUP DHARA,5,19.7,HWH → GGTA → DTE → DDNI → RGJI → DPRA,6
KRBR,KERKHABARI,5,19.7,HWH → GGTA → DTE → DDNI → AMGA → KRBR,8
GLPT,GOALPARA TOWN,5,19.7,HWH → GGTA → DTE → DDNI → KRNI → GLPT,4
RKJE,Rakhitpur,5,19.7,HWH → GGTA → DTE → MDSE → PKA → RKJE,4
GMO,GOMOH JN,5,19.7,HWH → GGTA → DTE → MDSE → PKA → GMO,19
CAM,CHHOTA AMBANA,5,19.7,HWH → GGTA → DTE → MDSE → PKA → CAM,6
CDGR,CHANDRAKONA RD,5,19.7,HWH → GGTA → DTE → NDGJ → SLB → CDGR,4
RTB,RAJA TALAB,5,19.7,HWH → GGTA → DTE → MCA → PUNE → RTB,14
MVL,MALAVLI,5,19.7,HWH → GGTA → DTE → MCA → PUNE → MVL,9
SUL,SULADHAL,5,19.7,HWH → GGTA → DTE → MCA → PUNE → SUL,9
MADP,MADHAPUR ROAD,5,19.7,HWH → GGTA → DTE → MCA → PUNE → MADP,6
MHP,MUHAMMADPUR,5,19.7,HWH → GGTA → BZN → LTT → DBG → MHP,6
KKHT,KAKARGHATTI,5,19.7,HWH → GGTA → BZN → LTT → DBG → KKHT,8
LSI,LAHERIA SARAI,5,19.7,HWH → GGTA → BZN → LTT → DBG → LSI,4
SIPR,SIHAPAR,5,19.7,HWH → GGTA → BZN → LTT → TKVR → SIPR,13
DMG,DOMINGARH,5,19.7,HWH → GGTA → BZN → LTT → TKVR → DMG,9
PLGH,PALIGARH,5,19.7,HWH → GGTA → BZN → LTT → GOX → PLGH,10
NAKD,NAIK DIH,5,19.7,HWH → GGTA → BZN → LTT → GOX → NAKD,4
SLGM,SANKARALINGAPRM,5,19.7,HWH → GGTA → BZN → LTT → NMO → SLGM,3
MKSP,MUKHASA PARUR,5,19.7,HWH → GGTA → BZN → LTT → NMO → MKSP,6
PCLM,PANCHALAM,5,19.7,HWH → GGTA → BZN → LTT → NMO → PCLM,4
KJT,KARJAT,5,19.7,HWH → GGTA → BZN → LTT → ULNR → KJT,13
ABH,AMBARNATH,5,19.7,HWH → GGTA → BZN → LTT → ULNR → ABH,10
VLDI,VITHALWADI,5,19.7,HWH → GGTA → BZN → LTT → ULNR → VLDI,8
SIN,MUMBAI SION,5,19.7,HWH → GGTA → BZN → LTT → CLA → SIN,5
TLA,TITVALA,5,19.7,HWH → GGTA → BZN → LTT → VVH → TLA,16
GC,GHATKOPAR,5,19.7,HWH → GGTA → BZN → LTT → VVH → GC,6
CTMP,CHHIT MAKHANPUR,5,19.7,HWH → GGTA → BZN → LTT → MPY → CTMP,6
XX-BSBC,XX-BSBC,5,19.7,HWH → GGTA → BZN → LTT → KEI → XX-BSBC,4
MNKN,MANIKALAN HALT,5,19.7,HWH → GGTA → BZN → LTT → BSBY → MNKN,12
BSB,VARANASI JN,5,19.7,HWH → GGTA → BZN → LTT → BSBY → BSB,28
SOP,SHIUPUR,5,19.7,HWH → GGTA → BZN → LTT → BSBY → SOP,11
RVG,REVELGANJ GHAT HALT,5,19.7,HWH → GGTA → BZN → LTT → BSBY → RVG,13
JNUK,JAUNPUR KUTCHERRY,5,19.7,HWH → GGTA → BZN → LTT → BSBY → JNUK,8
LOT,LOHRA,5,19.7,HWH → GGTA → BZN → LTT → BSBY → LOT,15
GNHI,GANDHI HALT,5,19.7,HWH → GGTA → BZN → LTT → PPTA → GNHI,11
BTKD,BHARATKUND,5,19.7,HWH → GGTA → BZN → LTT → MSOD → BTKD,6
FD,FAIZABAD JN,5,19.7,HWH → GGTA → BZN → LTT → MSOD → FD,14
DWJ,DWARKAGANJ,5,19.7,HWH → GGTA → BZN → LTT → MSOD → DWJ,8
SHEO,SHISHO,5,19.7,HWH → GGTA → BZN → LTT → KSP → SHEO,4
MKPR,MUKTAPUR,5,19.7,HWH → GGTA → BZN → LTT → KSP → MKPR,6
RBZ,RAMBHADDARPUR,5,19.7,HWH → GGTA → BZN → LTT → KSP → RBZ,6
HSJ,HUSSAIN SAGAR J,5,19.7,HWH → GGTA → BZN → LTT → DBG → HSJ,5
DIVA,DIVA,5,19.7,HWH → GGTA → BZN → THS → KLMG → DIVA,22
DVL,DEVLALI,5,19.7,HWH → GGTA → BZN → THS → KE → DVL,9
KSRA,KASARA,5,19.7,HWH → GGTA → BZN → THS → OMB → KSRA,11
TGR3,BLOCK AND CATCH SIDING CABINE NO.3,5,19.7,HWH → GGTA → BZN → THS → OMB → TGR3,6
KW,KHERVADI,5,19.7,HWH → GGTA → BZN → LTT → KDV → KW,8
KYN,KALYAN JN,5,19.7,HWH → GGTA → BZN → LTT → KDV → KYN,21
DRQ,DHARMINIYA,5,19.7,HWH → GGTA → BZN → LTT → MSDH → DRQ,4
RGB,RAMGANGA,5,19.7,HWH → GGTA → BZN → LTT → BRY → RGB,10
BC,BAREILLY CITY,5,19.7,HWH → GGTA → BZN → LTT → BRY → BC,11
RGBD,RAMGANGA,5,19.7,HWH → GGTA → BZN → LTT → BRY → RGBD,4
NTVT,NETHRAVATHI,5,19.7,HWH → GGTA → BZN → LTT → NAND → NTVT,4
INJ,INNANJE,5,19.7,HWH → GGTA → BZN → LTT → NAND → INJ,4
TKOT,TOKKOTTU,5,19.7,HWH → GGTA → BZN → LTT → NAND → TKOT,10
NAT,NATHNAGAR,5,19.7,HWH → GGTA → BZN → LTT → MPY → NAT,9
LMM,LAILAKH MAMLKHA,5,19.7,HWH → GGTA → BZN → LTT → MPY → LMM,9
AKN,AKBARNAGAR,5,19.7,HWH → GGTA → BZN → LTT → MPY → AKN,12
RPUR,RATANPUR,5,19.7,HWH → GGTA → ULB → DRTP → JMP → RPUR,7
JSME,JASIDIH JN,5,19.7,HWH → GGTA → ULB → DRTP → JMP → JSME,13
MSDN,MASUDAN,5,19.7,HWH → GGTA → ULB → DRTP → DRH → MSDN,8
AHA,ABHAIPUR,5,19.7,HWH → GGTA → ULB → DRTP → DRH → AHA,7
KDER,KUNDER HALT,5,19.7,HWH → GGTA → ULB → DRTP → BFM → KDER,9
MNP,MANANPUR,5,19.7,HWH → GGTA → ULB → DRTP → BFM → MNP,8
JMU,JAMUI,5,19.7,HWH → GGTA → ULB → DRTP → BFM → JMU,11
RQP,RADHAKISHOREPUR,5,19.7,HWH → GGTA → JNP → CTC → RJGR → RQP,6
MZY,MACHAPUR,5,19.7,HWH → GGTA → JNP → CTC → RJGR → MZY,10
JRZ,JORANDA ROAD,5,19.7,HWH → GGTA → JNP → CTC → RJGR → JRZ,5
MTL,MAILAM,5,19.7,HWH → GGTA → JNP → VVN → PEI → MTL,5
VM,VILLUPURAM JN,5,19.7,HWH → GGTA → JNP → VVN → MYP → VM,15
SVK,SIVARAKOTTAI,5,19.7,HWH → GGTA → JNP → KSVM → KYM → SVK,6
PNVL,PANVEL,5,19.7,HWH → GGTA → BZN → THS → KLMG → PNVL,12
NVRD,NAVADE ROAD,5,19.7,HWH → GGTA → BZN → THS → KLMG → NVRD,9
KLMC,KALAMBOLI,5,19.7,HWH → GGTA → BZN → THS → KLMG → KLMC,9
SNTD,Santaldih,5,19.7,HWH → GGTA → ADRA → SNKR → RUI → SNTD,4
BGA,BAGALIA,5,19.7,HWH → GGTA → ADRA → GRB → ANR → BGA,5
SREE,SREE,5,19.7,HWH → GGTA → ULB → DUAN → BYPY → SREE,8
BYPL,BAIYYAPPANAHALI,5,19.7,HWH → GGTA → ULB → DUAN → BYPY → BYPL,19
BAND,BANASWADI,5,19.7,HWH → GGTA → ULB → DUAN → BYPY → BAND,7
MIAN,MIANGRAM,5,19.7,HWH → GGTA → ULB → TBAE → KJU → MIAN,5
DMLE,DUMURDAHA,5,19.7,HWH → GGTA → ULB → TBAE → KJU → DMLE,4
RGM,RANGAPURAM,5,19.7,HWH → GGTA → ULB → BMGM → PPM → RGM,5
NDPU,NUDURUPADU,5,19.7,HWH → GGTA → ULB → BMGM → PPM → NDPU,5
VJK,VEJALKA,5,19.7,HWH → GGTA → ULB → BMGM → BVC → VJK,6
BVP,BHAVANAGAR PARA,5,19.7,HWH → GGTA → ULB → BMGM → BVC → BVP,6
KLDI,KALDHARI,5,19.7,HWH → GGTA → ULB → BMGM → NDD → KLDI,4
JMSY,JMSY,5,19.7,HWH → GGTA → ULB → DRTP → SRB → JMSY,4
PATM,PATAM HALT,5,19.7,HWH → GGTA → ULB → DRTP → SRB → PATM,6
PBS,Purab Sarai,5,19.7,HWH → GGTA → ULB → DRTP → JMP → PBS,2
BUP,BARIARPUR,5,19.7,HWH → GGTA → ULB → DRTP → JMP → BUP,9
LAK,LAKHO,5,19.7,HWH → GGTA → MFP → NRPA → SLT → LAK,6
SIHO,SIHO,5,19.7,HWH → GGTA → MFP → NRPA → SLT → SIHO,6
KUC,KARUKKUTTY,5,19.7,HWH → GGTA → ADRA → BUTA → ERS → KUC,16
AWY,ALUVA,5,19.7,HWH → GGTA → ADRA → BUTA → ERS → AWY,13
MGK,MULANGUNNATHUKAVU,5,19.7,HWH → GGTA → ADRA → BUTA → ERS → MGK,12
TCR,THRISUR,5,19.7,HWH → GGTA → ADRA → BUTA → ERS → TCR,19
XX-TNAB,XX-TNAB,5,19.7,HWH → GGTA → ADRA → BUTA → ERS → XX-TNAB,4
TNU,TIRUNETTUR,5,19.7,HWH → GGTA → ADRA → BUTA → ERS → TNU,6
JMT,JAMTARA,5,19.7,HWH → GGTA → ADRA → BUTA → CRJ → JMT,8
RNPR,RUPNARAYANPUR,5,19.7,HWH → GGTA → ADRA → BUTA → CRJ → RNPR,4
PTG,Patna Ghat,5,19.7,HWH → GGTA → ADRA → BUTA → GSL → PTG,6
KZU,KUNKI,5,19.7,HWH → GGTA → ADRA → JOC → BERO → KZU,8
PAW,PANDABESWAR,5,19.7,HWH → GGTA → ADRA → JOC → BERO → PAW,6
RKI,RAMKANALI JN,5,19.7,HWH → GGTA → ADRA → JOC → BERO → RKI,10
CUX,CHAURA,5,19.7,HWH → GGTA → ADRA → MYX → IBL → CUX,9
MIK,MANIKUL,5,19.7,HWH → GGTA → ADRA → MYX → IBL → MIK,10
NIIJ,NILAJE,5,19.7,HWH → GGTA → MFP → DWJN → DTVL → NIIJ,7
MBQ,MUMBRA,5,19.7,HWH → GGTA → MFP → DWJN → JITE → MBQ,10
UBCN,ULHAS BRIDGE CABIN,5,19.7,HWH → GGTA → MFP → DWJN → DCTL → UBCN,9
AABH,AMBIKA BHAWANI HALT,5,19.7,HWH → GGTA → MFP → RD → HJP → AABH,12
AYRN,AKSHAYWAT RAI NAGAR,5,19.7,HWH → GGTA → MFP → RD → HJP → AYRN,6
SAI,SARAI,5,19.7,HWH → GGTA → MFP → RD → HJP → SAI,7
NRN,NARHAN,5,19.7,HWH → GGTA → MFP → RD → VBH → NRN,6
DUBH,DUBAHA,5,19.7,HWH → GGTA → MFP → RD → VBH → DUBH,7
KRBP,KHUDIRAM B PUSA,5,19.7,HWH → GGTA → MFP → RD → VBH → KRBP,7
SEE,SONPUR JN,5,19.7,HWH → GGTA → MFP → RD → TUR → SEE,9
KHI,KURHANI,5,19.7,HWH → GGTA → MFP → RD → TUR → KHI,7
RXRX,RANGAPAHAR CRS,5,19.7,HWH → GGTA → MFP → NRPA → RXR → RXRX,9
PPRH,PIPARAHAN HALT,5,19.7,HWH → GGTA → MFP → NRPA → BNPT → PPRH,6
GRL,GORAUL,5,19.7,HWH → GGTA → MFP → NRPA → BNPT → GRL,10
BNR,BHAGWANPUR,5,19.7,HWH → GGTA → MFP → NRPA → BNPT → BNR,10
GWH,GHOSHAWAR,5,19.7,HWH → GGTA → MFP → NRPA → BNPT → GWH,9
GRPA,Garhpura,5,19.7,HWH → GGTA → MFP → CPR → HPO → GRPA,7
SLNA,SALAUNA,5,19.7,HWH → GGTA → MFP → CPR → HPO → SLNA,7
KIR,KATIHAR JN,5,19.7,HWH → GGTA → MFP → CPR → HPO → KIR,26
SDG,SAHADAI BUZURG,5,19.7,HWH → GGTA → MFP → CPR → BCA → SDG,7
STJT,SATHAJAGAT,5,19.7,HWH → GGTA → MFP → CPR → BCA → STJT,7
NWC,NAYA NAGAR,5,19.7,HWH → GGTA → MFP → CPR → KPS → NWC,8
DDP,DAUDPUR,5,19.7,HWH → GGTA → MFP → CPR → KPS → DDP,7
RVT,Revelganj Ghat,5,19.7,HWH → GGTA → MFP → CPR → GTST → RVT,8
DDD,DHONDHA DIH,5,19.7,HWH → GGTA → MFP → CPR → GTST → DDD,11
MHT,MANJHI,5,19.7,HWH → GGTA → MFP → CPR → GTST → MHT,8
KUMB,KUMARBAGH,5,19.7,HWH → GGTA → MFP → KVC → CAI → KUMB,6
SAHI,SATHI,5,19.7,HWH → GGTA → MFP → KVC → CAI → SAHI,7
NKE,NARKATIAGANJ JN,5,19.7,HWH → GGTA → MFP → KVC → KTI → NKE,10
NRV,NARIYAR,5,19.7,HWH → GGTA → MFP → KVC → KTI → NRV,6
AVRD,ARAVALI ROAD,5,19.7,HWH → GGTA → MFP → DWJN → DTVL → AVRD,8
KOPR,KOPAR ROAD,5,19.7,HWH → GGTA → MFP → DWJN → DTVL → KOPR,27
LAR,LALITPUR,5,19.7,HWH → GGTA → MFP → TBT → BJA → LAR,13
KHJ,KHAJRAHA,5,19.7,HWH → GGTA → MFP → TBT → BJA → KHJ,13
JHA,JAKHAURA,5,19.7,HWH → GGTA → MFP → TBT → BJA → JHA,10
MGW,MAGARWARA,5,19.7,HWH → GGTA → MFP → TBT → MZX → MGW,11
BZY,BASAI,5,19.7,HWH → GGTA → MFP → TBT → MZX → BZY,7
BHCH,BLOCK CABIN CHAKKI BANK,5,19.7,HWH → GGTA → MFP → BHBT → PTKC → BHCH,4
BOJ,BHOJO,5,19.7,HWH → GGTA → MFP → CPR → KGG → BOJ,13
DLP,DALPATPUR,5,19.7,HWH → GGTA → MFP → CPR → KGG → DLP,10
OLP,OLAPUR,5,19.7,HWH → GGTA → MFP → CPR → KGG → OLP,5
NRA,NUNKHAR,5,19.7,HWH → GGTA → MFP → CPR → AHLR → NRA,8
DEOS,DEORIA SADAR,5,19.7,HWH → GGTA → MFP → CPR → AHLR → DEOS,7
ATNR,AWATAR NAGAR,5,19.7,HWH → GGTA → MFP → CPR → CI → ATNR,10
GALG,GoldingGanj,5,19.7,HWH → GGTA → MFP → CPR → CI → GALG,2
KYH,Khairah,5,19.7,HWH → GGTA → MFP → CPR → CI → KYH,4
PPDA,PANCHPATIA DEORIA HALT,5,19.7,HWH → GGTA → MFP → CPR → CI → PPDA,8
SSRH,SHASAN HALT,5,19.7,HWH → GGTA → MFP → CPR → HPO → SSRH,6
KIKA,KURWAI KETHORA,5,19.7,HWH → GGTA → MFP → TBT → BINA → KIKA,14
AGD,AGASOD,5,19.7,HWH → GGTA → MFP → TBT → BINA → AGD,19
MTJ,MATHURA JN,5,19.7,HWH → GGTA → MFP → TBT → SANK → MTJ,27
MRA,MORENA,5,19.7,HWH → GGTA → MFP → TBT → SANK → MRA,17
FDB,FARIDABAD,5,19.7,HWH → GGTA → MFP → TBT → BAO → FDB,11
RRU,RAYARU,5,19.7,HWH → GGTA → MFP → TBT → BAO → RRU,8
NUB,NURABAD,5,19.7,HWH → GGTA → MFP → TBT → BAO → NUB,12
BZU,BETUL,5,19.7,HWH → GGTA → MFP → TBT → BET → BZU,11
MXS,MOHASA,5,19.7,HWH → GGTA → MFP → TBT → BET → MXS,10
BAQ,GANJ BASODA,5,19.7,HWH → GGTA → MFP → TBT → BET → BAQ,13
BHUA,BHUA,5,19.7,HWH → GGTA → MFP → TBT → BET → BHUA,5
MDDP,MANDI DIP,5,19.7,HWH → GGTA → MFP → TBT → BET → MDDP,11
GWL,GWALIOR JN,5,19.7,HWH → GGTA → MFP → TBT → BET → GWL,14
RKRI,RAO KHEDI,5,19.7,HWH → GGTA → MFP → TBT → BET → RKRI,10
KAH,KALHAR,5,19.7,HWH → GGTA → MFP → TBT → BET → KAH,10
AGC,AGRA CANTT,5,19.7,HWH → GGTA → MFP → TBT → BJA → AGC,18
KAJ,Kaliyaganj,5,19.7,HWH → GGTA → MFP → UMNR → KGFR → KAJ,5
GOT,GOT,5,19.7,HWH → GGTA → MFP → UMNR → KGFR → GOT,6
KGFE,KATHGHAR EAST,5,19.7,HWH → GGTA → MFP → UMNR → KGFR → KGFE,15
KGF,KATHGHAR,5,19.7,HWH → GGTA → MFP → UMNR → KGFR → KGF,9
SANH,SANHA HALT,5,19.7,HWH → GGTA → MFP → UMNR → SKJ → SANH,10
LKN,LAKHMINIA,5,19.7,HWH → GGTA → MFP → UMNR → SKJ → LKN,7
DDJ,DUM DUM,5,19.7,HWH → GGTA → MFP → CPY → PTKR → DDJ,11
BBR,BAGH BAZAR,5,19.7,HWH → GGTA → MFP → CPY → TALA → BBR,4
BST,BASTI,5,19.7,HWH → GGTA → MFP → TBT → GTNR → BST,13
ML,MALHOUR,5,19.7,HWH → GGTA → MFP → TBT → GTNR → ML,16
BNZ,BADSHAHNAGAR,5,19.7,HWH → GGTA → MFP → TBT → GTNR → BNZ,6
SKPA,SHRIKALYANPURA,5,19.7,HWH → GGTA → MFP → TBT → BINA → SKPA,5
ASKN,ASHOK NAGAR,5,19.7,HWH → GGTA → MFP → TBT → BINA → ASKN,7
MDVK,MAHADEOKHEDI,5,19.7,HWH → GGTA → MFP → TBT → BINA → MDVK,8
KXB,KANJAI,5,19.7,HWH → GGTA → MFP → TBT → BINA → KXB,12
BJQ,BAGHORA,5,19.7,HWH → GGTA → MFP → TBT → BINA → BJQ,9
ABD,AMBLI ROAD,5,19.7,HWH → GGTA → MFP → SBTA → SBT → ABD,15
KLRD,KALI ROAD,5,19.7,HWH → GGTA → MFP → SBTA → SBT → KLRD,7
SMYD,SMYD,5,19.7,HWH → GGTA → MFP → SBTA → SBTF → SMYD,2
CLDB,CHANDLODIYA (B),5,19.7,HWH → GGTA → MFP → SBTA → SBTF → CLDB,7
XSK,SOKALI,5,19.7,HWH → GGTA → MFP → SBTA → SBTF → XSK,16
CLDY,CHANDLODIYA,5,19.7,HWH → GGTA → MFP → SBTA → SBTF → CLDY,16
SBI,SABARMATI JN,5,19.7,HWH → GGTA → MFP → SBTA → SBIC → SBI,24
KHDB,KHODIYAR,5,19.7,HWH → GGTA → MFP → SBTA → SBIC → KHDB,11
SBIS,SABARMATI SOUTH,5,19.7,HWH → GGTA → MFP → SBTA → SBIC → SBIS,6
MAN,MANI NAGAR,5,19.7,HWH → GGTA → MFP → SBTA → KKF → MAN,13
SBID,SABARMATI D CABIN,5,19.7,HWH → GGTA → MFP → SBTA → KKF → SBID,8
KRCA,KARACHIYA YARD,5,19.7,HWH → GGTA → MFP → SBTA → KKF → KRCA,10
BTT,BHATNI JN,5,19.7,HWH → GGTA → MFP → GJH → DRI → BTT,10
YFP,YUSUFPUR,5,19.7,HWH → GGTA → MFP → GJH → DRI → YFP,8
BAGL,BARAGOPAL,5,19.7,HWH → GGTA → MFP → GJH → DRI → BAGL,7
PKY,PILKHANI,5,19.7,HWH → GGTA → MFP → UMNR → KGFR → PKY,11
GTX,GOTHANGAM,5,19.7,HWH → GGTA → MFP → SNJL → AKV → GTX,9
AN,AMALNER,5,19.7,HWH → GGTA → MFP → SNJL → AKV → AN,12
KSB,KOSAMBA JN,5,19.7,HWH → GGTA → MFP → SNJL → AKV → KSB,16
BH,BHARUCH JN,5,19.7,HWH → GGTA → MFP → SNJL → AKV → BH,10
BSCN,BHUSAWAL C CABIN,5,19.7,HWH → GGTA → MFP → SNJL → BAWD → BSCN,11
HXR,HANSAPORE,5,19.7,HWH → GGTA → MFP → SNJL → GNST → HXR,5
BRC,VADODARA JN,5,19.7,HWH → GGTA → MFP → SNJL → BRGY → BRC,19
BJW,BAJVA,5,19.7,HWH → GGTA → MFP → SNJL → BRGY → BJW,11
BDA,VADODARA C CABIN,5,19.7,HWH → GGTA → MFP → SNJL → BRGY → BDA,4
BRGZ,VADODARA E CABIN,5,19.7,HWH → GGTA → MFP → SNJL → BRGY → BRGZ,4
JDN,JAGUDAN,5,19.7,HWH → GGTA → MFP → SBTA → ADI → JDN,9
ASV,ASARVA JN,5,19.7,HWH → GGTA → MFP → SBTA → ADI → ASV,6
KRCD,KHARWA CHANDA,5,19.7,HWH → GGTA → MFP → SBTA → ADI → KRCD,7
NDR,NANDESARI,5,19.7,HWH → GGTA → MFP → SBTA → ADI → NDR,10
BJD,BAREJADI,5,19.7,HWH → GGTA → MFP → SBTA → ADI → BJD,15
KLL,KALOL JN,5,19.7,HWH → GGTA → MFP → SBTA → SBT → KLL,14
PVU,PARAVUR,5,19.7,HWH → GGTA → MOU → TATA → ALLP → PVU,7
SPAM,SENJI PANAMBAKKAM,5,19.7,HWH → GGTA → MOU → TATA → ALLP → SPAM,11
KYJ,KAYANKULAM JN,5,19.7,HWH → GGTA → MOU → TATA → ALLP → KYJ,12
TMPY,TUMBOLI,5,19.7,HWH → GGTA → MOU → TATA → ALLP → TMPY,10
PNPR,PUNNAPURA,5,19.7,HWH → GGTA → MOU → TATA → ALLP → PNPR,7
KMK,KOMAKHAN,5,19.7,HWH → GGTA → MOU → BPHB → KRAR → KMK,5
NPD,NAWAPARA ROAD,5,19.7,HWH → GGTA → MOU → BPHB → KRAR → NPD,4
JDDA,JATHA,5,19.7,HWH → GGTA → MOU → BPHB → BQR → JDDA,11
LTK,Lathikata,5,19.7,HWH → GGTA → MOU → BNDM → DMF → LTK,4
LJKR,LAJKURA CABIN,5,19.7,HWH → GGTA → MOU → BNDM → KCAB → LJKR,4
KND,KANDRA,5,19.7,HWH → GGTA → MOU → JRA → GMH → KND,8
BVI,BORIVALI,5,19.7,HWH → GGTA → MFP → SNJL → PAO → BVI,9
VTA,VATVA,5,19.7,HWH → GGTA → MFP → SNJL → PAO → VTA,9
GER,GERATPUR,5,19.7,HWH → GGTA → MFP → SNJL → PAO → GER,11
MGRL,MANGROLLA,5,19.7,HWH → GGTA → MFP → SNJL → PAO → MGRL,9
HAT,HATHURAN,5,19.7,HWH → GGTA → MFP → SNJL → PAO → HAT,11
GRJA,GORINJA,5,19.7,HWH → GGTA → BMRN → VVA → DWK → GRJA,6
JNTR,JINTI ROAD,5,19.7,HWH → GGTA → BMRN → MTHP → HAPA → JNTR,7
SYQ,SINHAN,5,19.7,HWH → GGTA → BMRN → MTHP → HAPA → SYQ,7
JAM,JAMNAGAR,5,19.7,HWH → GGTA → BMRN → MTHP → HAPA → JAM,12
ALB,ALIA BADA,5,19.7,HWH → GGTA → BMRN → MTHP → HAPA → ALB,11
WTJ,JAM WANTHALI,5,19.7,HWH → GGTA → BMRN → MGTD → HM → WTJ,13
PDH,PADADHARI,5,19.7,HWH → GGTA → BMRN → MGTD → HM → PDH,11
CX,CHANOL,5,19.7,HWH → GGTA → BMRN → MGTD → HM → CX,10
JALD,JALIYA DEVANI,5,19.7,HWH → GGTA → BMRN → MGTD → HM → JALD,12
XX-SUNB,XX-SUNB,5,19.7,HWH → GGTA → BMRN → MGTD → HM → XX-SUNB,5
KLVD,KALAVAD,5,19.7,HWH → GGTA → BMRN → MGTD → HM → KLVD,4
KXZ,KESARIYA ROAD,5,19.7,HWH → GGTA → BMRN → MGTD → HM → KXZ,13
BDO,Bahalda Road,5,19.7,HWH → GGTA → MOU → TATA → HLD → BDO,2
RDF,RADHAGAON,5,19.7,HWH → GGTA → MOU → TATA → BKSC → RDF,7
TKB,TUPKADIH,5,19.7,HWH → GGTA → MOU → TATA → BKSC → TKB,8
GDR,GUDUR JN,5,19.7,HWH → GGTA → MOU → TATA → ALLP → GDR,18
KBN,KARBIGWAN,5,19.7,HWH → KTES → EDA → LKJN → PMPR → KBN,9
SSL,SIRSAUL,5,19.7,HWH → KTES → EDA → LKJN → PMPR → SSL,9
BKTS,BAKOTHIKHAS,5,19.7,HWH → KTES → EDA → LKJN → PMPR → BKTS,8
GMC,KANPUR GOODS MARSHAL,5,19.7,HWH → KTES → EDA → LKJN → PMPR → GMC,8
UDR,AMDARA ROAD,5,19.7,HWH → KTES → EDA → LKJN → KCN → UDR,9
FYZ,FAIZULLAPUR,5,19.7,HWH → KTES → EDA → LKJN → KCN → FYZ,10
BEP,BHEERPUR,5,19.7,HWH → KTES → EDA → LKJN → KCN → BEP,14
FOCM,FLYOVER CABIN MUGHALSARAI,5,19.7,HWH → KTES → EDA → LKJN → NEWC → FOCM,6
MGMY,MUGHAL SARAI MARSHALING YARD,5,19.7,HWH → KTES → EDA → LKJN → NEWC → MGMY,10
BMU,BAMHRAULI,5,19.7,HWH → KTES → EDA → LKJN → JEP → BMU,7
BHBV,BLOCK HUT B,5,19.7,HWH → KTES → EDA → LKJN → JEP → BHBV,13
LKBL,LAKHABAWAL,5,19.7,HWH → GGTA → BMRN → VVA → KRGA → LKBL,11
OKD,OKHA MADHI,5,19.7,HWH → GGTA → BMRN → VVA → KRGA → OKD,6
TN,TUTICORIN,5,19.7,HWH → GGTA → BMRN → VVA → DWK → TN,5
KSPR,KASHIPURA SARAR,5,19.7,HWH → GGTA → BMRN → VVA → DWK → KSPR,14
BHTA,BHATIYA,5,19.7,HWH → GGTA → BMRN → VVA → DWK → BHTA,9
GMR,GAHMAR,5,19.7,HWH → KTES → EDA → TKYR → KYT → GMR,12
JHG,JHINGURA,5,19.7,HWH → KTES → EDA → TKYR → KYT → JHG,7
GNG,GAURIGANJ,5,19.7,HWH → KTES → EDA → TKYR → MKD → GNG,5
DKJ,DORNAKAL JN,5,19.7,HWH → KTES → EDA → TKYR → MKD → DKJ,12
BNSP,BANSAPAHAR,5,19.7,HWH → KTES → EDA → TKYR → MKD → BNSP,9
BQF,BARAHMUAFI,5,19.7,HWH → KTES → EDA → TKYR → MKD → BQF,12
TKA,TEHARKA,5,19.7,HWH → KTES → EDA → OHAN → MGRR → TKA,5
SLV,SANDALPUR,5,19.7,HWH → KTES → EDA → OHAN → MGRR → SLV,6
PFM,PHAPHAMAU JN,5,19.7,HWH → KTES → EDA → LKJN → THW → PFM,10
SYC,SARAI CHANDI,5,19.7,HWH → KTES → EDA → LKJN → THW → SYC,7
KWBR,KATWAR BAZAAR,5,19.7,HWH → KTES → EDA → LKJN → THW → KWBR,4
MFX,MADARAHA,5,19.7,HWH → KTES → EDA → LKJN → IDGJ → MFX,6
SRJ,SHANKARGARH,5,19.7,HWH → KTES → EDA → LKJN → IDGJ → SRJ,9
JSR,JASRA,5,19.7,HWH → KTES → EDA → LKJN → IDGJ → JSR,6
KMGE,KUMAHU,5,19.7,HWH → KTES → EDA → LKJN → COI → KMGE,8
BQW,BARAKALAN,5,19.7,HWH → KTES → EDA → LKJN → COI → BQW,11
KPGM,KARPURIGRAM,5,19.7,HWH → KTES → ITMA → ET → DOH → KPGM,8
BBTR,BARBATPUR,5,19.7,HWH → KTES → ITMA → ET → DOH → BBTR,22
ITKL,ITAYAKALAN,5,19.7,HWH → KTES → ITMA → ET → NSZ → ITKL,9
UJNC,UJN C CABIN,5,19.7,HWH → KTES → ITMA → ET → NSZ → UJNC,12
BTWN,BETWA CABIN,5,19.7,HWH → KTES → ITMA → ET → NSZ → BTWN,4
TAKU,TAKU,5,19.7,HWH → KTES → ITMA → ET → KRTH → TAKU,9
DUA,DHAURA,5,19.7,HWH → KTES → ITMA → ET → KRTH → DUA,11
SQL,SONTALAI,5,19.7,HWH → KTES → ITMA → ET → GRO → SQL,9
KTZ,KHUTWANSA,5,19.7,HWH → KTES → ITMA → ET → DRA → KTZ,6
JRO,JIRON,5,19.7,HWH → KTES → ITMA → ET → PRKD → JRO,14
KQE,KALA AKHAR,5,19.7,HWH → KTES → ITMA → ET → PRKD → KQE,13
BNI,BUDNI,5,19.7,HWH → KTES → ITMA → ET → PRKD → BNI,11
HBD,HOSHANGABAD,5,19.7,HWH → KTES → ITMA → ET → PRKD → HBD,10
SAGM,SAGMA,5,19.7,HWH → KTES → EDA → MJG → JTW → SAGM,7
KTHA,KHUTAHA,5,19.7,HWH → KTES → EDA → MJG → CTHR → KTHA,6
GOY,GOVINDPURI,5,19.7,HWH → KTES → EDA → TKYR → KYT → GOY,14
RDE,RUNDHI,5,19.7,HWH → KTES → ITMA → ET → SOR → RDE,15
DAA,DATIA,5,19.7,HWH → KTES → ITMA → ET → SOR → DAA,9
KTRA,KOTRA,5,19.7,HWH → KTES → ITMA → ET → SOR → KTRA,10
WRR,WARORA,5,19.7,HWH → KTES → ITMA → ET → BPA → WRR,14
MMZ,MANDAMARI,5,19.7,HWH → KTES → ITMA → ET → BPA → MMZ,15
RECH,RECHNI ROAD,5,19.7,HWH → KTES → ITMA → ET → BPA → RECH,9
PB,PUNTAMBA,5,19.7,HWH → KTES → ITMA → ET → RV → PB,7
NB,NIMBHORA,5,19.7,HWH → KTES → ITMA → ET → RV → NB,6
WGA,WAGHODA,5,19.7,HWH → KTES → ITMA → ET → RV → WGA,6
GKP,GORAKHPUR JN,5,19.7,HWH → KTES → ITMA → ET → JLN → GKP,22
MND,MUNDERWA,5,19.7,HWH → KTES → ITMA → ET → JLN → MND,13
UHR,UNCHHERA,5,19.7,HWH → KTES → ITMA → ET → DOH → UHR,10
DDMT,DARIMETA,5,19.7,HWH → KTES → ITMA → ET → DOH → DDMT,12
DWG,DEWANGANJ,5,19.7,HWH → KTES → ITMA → ET → DOH → DWG,14
BJI,BIJAULI,5,19.7,HWH → KTES → ITMA → ET → DOH → BJI,15
PAR,PANDHURNA,5,19.7,HWH → KTES → ITMA → ET → DOH → PAR,13
REI,RITHI,5,19.7,HWH → KTES → MJGP → HDU → PTHD → REI,6
BNU,BANDAKPUR,5,19.7,HWH → KTES → MJGP → GTY → GEA → BNU,4
RTGN,RATANGAON,5,19.7,HWH → KTES → MJGP → GTY → SAO → RTGN,4
RTWS,RAHATWAS,5,19.7,HWH → KTES → MJGP → GTY → MAKR → RTWS,8
KYX,KARHIYA BHADELI,5,19.7,HWH → KTES → MJGP → GTY → MAKR → KYX,6
DLA,DOULTA,5,19.7,HWH → KTES → MJGP → GTY → MAKR → DLA,8
CLHT,CHULHETA,5,19.7,HWH → KTES → MJGP → GTY → MAKR → CLHT,6
BDWA,BADHWA BARA,5,19.7,HWH → KTES → CHDX → BUH → SDL → BDWA,5
HND,HINDOL ROAD,5,19.7,HWH → KTES → CHDX → BUH → AAL → HND,5
APR,ANUPPUR JN,5,19.7,HWH → KTES → CHDX → BUH → AAL → APR,6
DCAB,DCAB,5,19.7,HWH → KTES → CHDX → CORD → CABN → DCAB,6
BRGJ,BARGAON GUJAR,5,19.7,HWH → KTES → JUH → ETB → CKKD → BRGJ,12
SGBJ,SURGAON BANJARI,5,19.7,HWH → KTES → JUH → ETB → CKKD → SGBJ,16
CAER,CHHANERA,5,19.7,HWH → KTES → JUH → ETB → CKKD → CAER,10
TLV,TALVADYA,5,19.7,HWH → KTES → JUH → ETB → CKKD → TLV,14
KRQ,KARARI,5,19.7,HWH → KTES → ITMA → ET → SOR → KRQ,7
SSPD,Sadashivapet Road,5,19.7,HWH → KTES → KTE → PTWA → MLMG → SSPD,5
CBE,COIMBATORE JN,5,19.7,HWH → KTES → KTE → PTWA → MLMG → CBE,16
PPY,PAPATAPALLI,5,19.7,HWH → KTES → KTE → PTWA → MLMG → PPY,9
KOHL,KOHLI,5,19.7,HWH → KTES → KTE → PTWA → JKE → KOHL,11
ALY,ALLAHABAD CITY,5,19.7,HWH → KTES → KTE → PTWA → JKE → ALY,7
PKRD,PAKARA ROAD,5,19.7,HWH → KTES → KTE → PTWA → JKE → PKRD,7
MJHR,MAJHIARI,5,19.7,HWH → KTES → SKAR → BGHI → STA → MJHR,10
LGCE,LAGARGAWAN,5,19.7,HWH → KTES → SKAR → BGHI → STA → LGCE,10
CYZ,CHIPYANA BUZURG,5,19.7,HWH → KTES → SKAR → HNM → REWA → CYZ,9
MFQ,MAHROI,5,19.7,HWH → KTES → LEK → SLHA → KHBJ → MFQ,5
DMYA,DAMOY,5,19.7,HWH → KTES → LEK → BBAR → VST → DMYA,4
BEHR,BEOHARI,5,19.7,HWH → KTES → LEK → BBAR → CTJ → BEHR,4
DRGM,DEORAGRAM,5,19.7,HWH → KTES → LEK → BBAR → MZHL → DRGM,6
BRGW,BARGAWAN,5,19.7,HWH → KTES → LEK → BBAR → MZHL → BRGW,9
GNDI,GONDWALI,5,19.7,HWH → KTES → LEK → BBAR → MZHL → GNDI,6
CHD,CHANDIA ROAD,5,19.7,HWH → KTES → MJGP → KMZ → VYK → CHD,6
BBU,BHABUA ROAD,5,19.7,HWH → KTES → KTE → NYN → DGO → BBU,5
PHQ,PARDHANDE,5,19.7,HWH → KTES → KTE → KKB → BRI → PHQ,18
KRO,KURAWAN,5,19.7,HWH → KTES → KTE → KKB → BRI → KRO,9
MUO,MASANGAON,5,19.7,HWH → KTES → KTE → KKB → BRI → MUO,8
GJ,GANGAJHARI,5,19.7,HWH → KTES → KTE → KKB → MTY → GJ,8
VJM,VYASARPADI JEEVA,5,19.7,HWH → KTES → KTE → KKB → MTY → VJM,10
SKZR,SIRPUR KAGAZNAGAR,5,19.7,HWH → KTES → KTE → KKB → MTY → SKZR,13
JKR,JAULKHERA,5,19.7,HWH → KTES → KTE → KKB → MTY → JKR,11
GPC,GHATPINDRAI,5,19.7,HWH → KTES → KTE → KKB → BELD → GPC,5
BMR,BIKRAMPUR,5,19.7,HWH → KTES → KTE → KKB → SRID → BMR,9
GMD,GURAMKHEDI,5,19.7,HWH → KTES → KTE → PTWA → KSWR → GMD,8
MKDI,MAKUDI,5,19.7,HWH → KTES → KTE → PTWA → KSWR → MKDI,13
BWRA,BHARATWADA,5,19.7,HWH → KTES → KTE → PTWA → KSWR → BWRA,13
CUK,CHURK,5,19.7,HWH → KTES → KTE → PTWA → ALD → CUK,8
LRNC,LAKSAR NORTH CABIN,5,19.7,HWH → KTES → KTE → PTWA → ALD → LRNC,9
SFG,SUBEDARGANJ,5,19.7,HWH → KTES → KTE → PTWA → ALD → SFG,8
YG,YADGIR,5,19.7,HWH → KTES → KTE → KMT → BMT → YG,8
MTU,MATMARI,5,19.7,HWH → KTES → KTE → KMT → BMT → MTU,8
RC,RAICHUR,5,19.7,HWH → KTES → KTE → KMT → BMT → RC,7
NCHS,NATURE CURE HOSPITAL,5,19.7,HWH → KTES → KTE → KMT → BMT → NCHS,10
NLRD,NECKLACE ROAD,5,19.7,HWH → KTES → KTE → KMT → BMT → NLRD,7
SJVP,SANJEEVAIAH PARK,5,19.7,HWH → KTES → KTE → KMT → BMT → SJVP,9
MXK,MANDRAK,5,19.7,HWH → KTES → KTE → NYN → SNS → MXK,8
HRS,HATHRAS JN,5,19.7,HWH → KTES → KTE → NYN → SNS → HRS,8
GRBH,GAREA BIHAR,5,19.7,HWH → KTES → KTE → NYN → HZD → GRBH,8
KSHR,KESHWARI,5,19.7,HWH → KTES → KTE → NYN → HZD → KSHR,8
CCK,CHICHAKI,5,19.7,HWH → KTES → KTE → NYN → HZD → CCK,15
PSB,PARSABAD,5,19.7,HWH → KTES → KTE → NYN → HZD → PSB,8
KUW,KANWAR,5,19.7,HWH → KTES → KTE → NYN → MJA → KUW,9
PHE,PAHALEJA HALT,5,19.7,HWH → KTES → KTE → NYN → MJA → PHE,6
UND,UNCHDIH,5,19.7,HWH → KTES → KTE → NYN → MJA → UND,13
DCX,DHANICHHA,5,19.7,HWH → KTES → KTE → NYN → DGO → DCX,6
BSQP,BANSIPUR,5,19.7,HWH → LLH → SHBC → HIH → KIUL → BSQP,8
TNA,THANE,5,19.7,HWH → KTES → MDRR → SHR → GSPR → TNA,11
DOE,DEORI,5,19.7,HWH → KTES → MDRR → SHR → GSPR → DOE,7
KEQ,KACHHPURA,5,19.7,HWH → KTES → MDRR → SHR → DDCE → KEQ,8
XX-ANK,XX-ANK,5,19.7,HWH → KTES → KTE → BSLX → AAK → XX-ANK,2
YY-MMRX,YY-MMRX,5,19.7,HWH → KTES → KTE → BSLX → AAK → YY-MMRX,2
KAJG,KARANJGAON,5,19.7,HWH → KTES → KTE → BSLX → AAK → KAJG,5
NNB,NIMBLAK,5,19.7,HWH → KTES → KTE → BSLX → AAK → NNB,9
DAH,DEHARE,5,19.7,HWH → KTES → KTE → BSLX → AAK → DAH,5
AV,ASVALI,5,19.7,HWH → KTES → KTE → BSLX → PI → AV,11
IGPX,IGPX,5,19.7,HWH → KTES → KTE → BSLX → PI → IGPX,8
TGR2,BLOCK AND CATCH SIDING CABINE NO.2,5,19.7,HWH → KTES → KTE → BSLX → PI → TGR2,8
LAV,LABHA,5,19.7,HWH → KTES → KTE → NWR → GIL → LAV,13
GEOR,GUNJARIA,5,19.7,HWH → KTES → KTE → NWR → GIL → GEOR,10
PJP,PANJIPARA,5,19.7,HWH → KTES → KTE → NWR → GIL → PJP,12
SBD,SLEEMANABAD RD,5,19.7,HWH → KTES → KTE → NWR → SNRR → SBD,9
NCH,NAKACHARI,5,19.7,HWH → AZA → MRZA → KXL → MXN → NCH,10
CJA,CHONGAJAN,5,19.7,HWH → AZA → MRZA → KXL → SZR → CJA,10
NJN,NAOJAN,5,19.7,HWH → AZA → MRZA → KXL → SZR → NJN,6
SPK,SAPEKHATI,5,19.7,HWH → AZA → MRZA → KXL → LPTA → SPK,10
GLGT,Golaghat,5,19.7,HWH → AZA → MRZA → KXL → FKG → GLGT,6
OTN,OATING,5,19.7,HWH → AZA → MRZA → KXL → FKG → OTN,9
BXP,BARPATHAR,5,19.7,HWH → AZA → MRZA → DPU → LCT → BXP,8
LMG,LUMDING JN,5,19.7,HWH → AZA → MRZA → DPU → LCT → LMG,9
LKA,LANKA,5,19.7,HWH → AZA → MRZA → DPU → NLN → LKA,7
BRLF,BAR LANGFER S,5,19.7,HWH → AZA → MRZA → DPU → NLN → BRLF,7
KLP,KOTALPUKUR,5,19.7,HWH → LLH → SHBC → CRAE → TBB → KLP,8
MWZ,MAHISHADAHARI,5,19.7,HWH → LLH → SHBC → CRAE → RPMY → MWZ,7
MHLT,MAHESH LETA HALT,5,19.7,HWH → LLH → SHBC → HIH → KIUL → MHLT,12
RMPR,RAMPUR HALT,5,19.7,HWH → LLH → SHBC → HIH → KIUL → RMPR,14
UREN,UREN,5,19.7,HWH → LLH → SHBC → HIH → KIUL → UREN,11
DNRE,DHANAURI,5,19.7,HWH → LLH → SHBC → HIH → KIUL → DNRE,10
NJP,NEW JALPAIGURI,5,19.7,HWH → AZA → KYQ → GHY → ABFC → NJP,19
DXH,DUHAI,5,19.7,HWH → AZA → KYQ → GHY → DSBP → DXH,6
SBB,SAHIBABAD,5,19.7,HWH → AZA → KYQ → GHY → DSBP → SBB,15
CNJ,CHANDER NAGAR,5,19.7,HWH → AZA → KYQ → GHY → DSBP → CNJ,9
TKEC,TUGLAKABAD EAST CABIN,5,19.7,HWH → AZA → KYQ → GHY → MWC → TKEC,16
BCD,BANSDIH ROAD,5,19.7,HWH → AZA → KYQ → GHY → CATA → BCD,7
STW,SAHATWAR,5,19.7,HWH → AZA → KYQ → GHY → CATA → STW,8
PHI,PANIKHAITI,5,19.7,HWH → AZA → KYQ → GHY → NNGE → PHI,6
SYH,SAIYEDPUR BHTRI,5,19.7,HWH → AZA → KYQ → DSR → KMDR → SYH,7
TJD,TAJPUR DEHMA,5,19.7,HWH → AZA → KYQ → DSR → KMDR → TJD,6
DZP,DARAZPUR,5,19.7,HWH → AZA → KYQ → DSR → CSA → DZP,6
PWXP,PAWANI KUMARPUR HALT,5,19.7,HWH → AZA → KYQ → DSR → CSA → PWXP,8
BUE,BARUNA,5,19.7,HWH → AZA → KYQ → DSR → CSA → BUE,15
AGI,AMGURI,5,19.7,HWH → AZA → MRZA → KXL → MXN → AGI,12
NZR,NAZIRA,5,19.7,HWH → AZA → MRZA → KXL → MXN → NZR,9
CMA,Cinnamara,5,19.7,HWH → AZA → MRZA → KXL → MXN → CMA,4
ENR,ENNORE,5,19.7,HWH → AZA → KYQ → NBQ → AIPP → ENR,18
PZA,PALAVANTHANGAL,5,19.7,HWH → AZA → KYQ → NBQ → AIPP → PZA,7
VPY,VYASARPADI,5,19.7,HWH → AZA → KYQ → NBQ → AIPP → VPY,10
KMLP,KOMMARAPUDI,5,19.7,HWH → AZA → KYQ → NBQ → AIPP → KMLP,12
GSA,GUAGACHHA,5,19.7,HWH → AZA → KYQ → NBQ → NBQY → GSA,8
AYU,ABHAYAPURI ASSAM,5,19.7,HWH → AZA → KYQ → NBQ → MZQ → AYU,7
MDT,MADARIHAT,5,19.7,HWH → AZA → KYQ → NBQ → HSA → MDT,6
SLBS,SALSALA BARI,5,19.7,HWH → AZA → KYQ → GHY → APCH → SLBS,8
DPO,DAMANPUR,5,19.7,HWH → AZA → KYQ → GHY → APCH → DPO,4
DEG,DELANG,5,19.7,HWH → AZA → KYQ → GHY → JERD → DEG,10
JPRD,JENAPUR ROAD,5,19.7,HWH → AZA → KYQ → GHY → JERD → JPRD,9
BSW,Baneswar,5,19.7,HWH → AZA → KYQ → GHY → NCB → BSW,4
ATM,ALTAGRAM,5,19.7,HWH → AZA → KYQ → GHY → NCB → ATM,12
NNA,NAUGACHIA,5,19.7,HWH → AZA → KYQ → GHY → ABFC → NNA,16
AY,AYODHYA,5,19.7,HWH → AZA → KYQ → GHY → ABFC → AY,10
BLK,BELAKOBA,5,19.7,HWH → AZA → KYQ → GHY → ABFC → BLK,9
NYT,NAYATOLA,5,19.7,HWH → AZA → KYQ → PTLD → SBE → NYT,12
DRGJ,DARAGANJ,5,19.7,HWH → AZA → KYQ → NOQ → KKRH → DRGJ,8
DHA,DHEENA,5,19.7,HWH → AZA → KYQ → NOQ → KKRH → DHA,10
BWH,BHADAURA,5,19.7,HWH → AZA → KYQ → NOQ → KKRH → BWH,12
AJRE,AUJARI,5,19.7,HWH → AZA → KYQ → NOQ → SLKX → AJRE,6
XX-KJMB,XX-KJMB,5,19.7,HWH → AZA → KYQ → NOQ → SGWF → XX-KJMB,2
THSA,THANISANDRA,5,19.7,HWH → AZA → KYQ → NOQ → SGWF → THSA,5
BNCE,BANGALORE EAST,5,19.7,HWH → AZA → KYQ → NOQ → SGWF → BNCE,8
DPE,DEVARAPALLE,5,19.7,HWH → AZA → KYQ → NOQ → SGWF → DPE,15
KNDV,KNDV,5,19.7,HWH → AZA → KYQ → NOQ → SGWF → KNDV,6
LGD,LALLAGUDA,5,19.7,HWH → AZA → KYQ → NOQ → SMTA → LGD,14
JPZ,JOGIGHOPA,5,19.7,HWH → AZA → KYQ → SJRR → NBS → JPZ,7
HIR,HARINAGAR,5,19.7,HWH → AZA → KYQ → SJRR → NBS → HIR,7
BHCL,BAHORA CHANDIL,5,19.7,HWH → AZA → KYQ → SJRR → NBS → BHCL,13
ZBD,ZAFARABAD JN,5,19.7,HWH → AZA → KYQ → SJRR → PQZ → ZBD,17
CPK,CHAPARMUKH JN,5,19.7,HWH → AZA → KYQ → NBQ → TGE → CPK,11
FUT,FATWA,5,19.7,HWH → AZA → KYQ → DDGJ → BCYN → FUT,13
MJM,MANJHAULIGRAM H,5,19.7,HWH → AZA → KYQ → DDGJ → BCYN → MJM,10
MTR,MOTIPUR,5,19.7,HWH → AZA → KYQ → PTLD → MAI → MTR,6
MHL,MAHWAL,5,19.7,HWH → AZA → KYQ → PTLD → MAI → MHL,5
HRNG,HARPUR NAG HALT,5,19.7,HWH → AZA → KYQ → PTLD → MAI → HRNG,5
HBP,HARPAR BOCHAHA,5,19.7,HWH → AZA → KYQ → PTLD → VPN → HBP,8
GAE,GAIPURA,5,19.7,HWH → AZA → KYQ → PTLD → BEA → GAE,10
SAE,SIMARIA,5,19.7,HWH → AZA → KYQ → PTLD → BEA → SAE,12
RNTE,RAMANAND,5,19.7,HWH → AZA → KYQ → PTLD → BEA → RNTE,6
ASJP,AMAR SAHEED JAGDEV P HALT,5,19.7,HWH → AZA → KYQ → PTLD → BEA → ASJP,8
KRS,KARISATH,5,19.7,HWH → AZA → KYQ → PTLD → BEA → KRS,12
BYN,BANAHI,5,19.7,HWH → AZA → KYQ → PTLD → BEA → BYN,11
GMAN,GUMANI,5,19.7,HWH → AZA → KYQ → PTLD → BDAG → GMAN,11
BHW,BARHARWA JN,5,19.7,HWH → AZA → KYQ → PTLD → BDAG → BHW,8
BDBS,BINDUBASINI HAL,5,19.7,HWH → AZA → KYQ → PTLD → BDAG → BDBS,11
SDE,SADISOPUR,5,19.7,HWH → AZA → KYQ → PTLD → SBE → SDE,12
DBM,DABOLIM,5,19.7,HWH → BZL → BLY → BCK → VSG → DBM,6
PV,PALLAVARAM,5,19.7,HWH → BZL → BLY → BCK → GPD → PV,7
CLE,CHINTALPALLI,5,19.7,HWH → BZL → BLY → BCK → GPD → CLE,14
TEO,TEEGAON,5,19.7,HWH → BZL → BLY → BCK → GPD → TEO,14
AHMP,ADARSH MANPUR,5,19.7,HWH → AZA → KYQ → SICY → PURA → AHMP,5
EC28,PURA HALT,5,19.7,HWH → AZA → KYQ → SICY → PURA → EC28,4
JMN,JAMUAWAN,5,19.7,HWH → AZA → KYQ → SICY → PURA → JMN,5
KRJR,KARJARA,5,19.7,HWH → AZA → KYQ → SICY → PMI → KRJR,6
KLNA,KOLHANA HALT,5,19.7,HWH → AZA → KYQ → SICY → PMI → KLNA,6
DORD,DEO ROAD,5,19.7,HWH → AZA → KYQ → SICY → WCB → DORD,9
BSCP,BASKATWA B. H.,5,19.7,HWH → AZA → KYQ → SICY → YGM → BSCP,4
STL,SIMULTALA,5,19.7,HWH → AZA → KYQ → DDGJ → PNC → STL,10
TWG,TWINING GANJ,5,19.7,HWH → AZA → KYQ → DDGJ → PNC → TWG,11
NRGO,NARGANJO HALT,5,19.7,HWH → AZA → KYQ → DDGJ → PNC → NRGO,11
GZH,GULZARBAGH,5,19.7,HWH → AZA → KYQ → DDGJ → PNC → GZH,10
HDE,HARDAS BIGHA,5,19.7,HWH → AZA → KYQ → DDGJ → BCYN → HDE,13
LGDH,LALAGUDA GATE,5,19.7,HWH → BZL → BLY → PBZ → SC → LGDH,8
JET,JAMES STREET,5,19.7,HWH → BZL → BLY → PBZ → SC → JET,7
MLY,MAULA ALI,5,19.7,HWH → BZL → BLY → PBZ → SC → MLY,7
BKP,BAKHTIYARPUR JN,5,19.7,HWH → BZL → BLY → PBZ → PHK → BKP,12
LEB,LEMUABAD,5,19.7,HWH → BZL → BLY → PBZ → PHK → LEB,6
SLS,SALANPUR,5,19.7,HWH → BZL → BLY → PBZ → PHK → SLS,7
BARH,BARH,5,19.7,HWH → BZL → BLY → PBZ → PHK → BARH,11
PRY,PARAIYA,5,19.7,HWH → BZL → BLY → PBZ → KSTA → PRY,7
GAYA,GAYA JN,5,19.7,HWH → BZL → BLY → PBZ → KSTA → GAYA,13
VSPR,BISHNUPRIYA,5,19.7,HWH → BZL → BLY → PSAE → BFZ → VSPR,4
LKX,LAKSHMIPUR,5,19.7,HWH → BZL → BLY → PSAE → MTFA → LKX,4
KOG,KONNAGAR,5,19.7,HWH → BZL → BLY → UPA → HMZ → KOG,4
KGX,KANGINHAL,5,19.7,HWH → BZL → BLY → BCK → VSG → KGX,5
VLNK,VELANKANNI,5,19.7,HWH → BZL → BLY → BCK → VSG → VLNK,3
SNDD,SINDHUDURG,5,19.7,HWH → BZL → BLY → BCK → VSG → SNDD,13
KHST,KASHANATTI,5,19.7,HWH → BZL → BLY → BCK → VSG → KHST,8
RDUM,RAMPUR DUMRA,5,19.7,HWH → BZL → DKAE → MKB → BRYA → RDUM,9
GGSY,GANGA SAHAI,5,19.7,HWH → BZL → DKAE → MKB → DMRX → GGSY,9
GSDH,GARSANDA HALT,5,19.7,HWH → BZL → DKAE → MKB → LKR → GSDH,7
SRY,SIRARI,5,19.7,HWH → BZL → DKAE → MKB → LKR → SRY,7
CNBI,CHANDARI,5,19.7,HWH → BZL → DKAE → MBE → SKG → CNBI,6
SLD,SAKALDIHA,5,19.7,HWH → BZL → DKAE → MBE → SKG → SLD,9
PLAE,PALSIT,5,19.7,HWH → BZL → DKAE → MBE → SKG → PLAE,4
NFK,NEW FARAKKA JN,5,19.7,HWH → BZL → DKAE → MBE → BLAE → NFK,8
KTCE,KATOGHAN,5,19.7,HWH → BZL → DKAE → MBE → BLAE → KTCE,7
SKM,SINGARAYAKONDA,5,19.7,HWH → BZL → DKAE → MBE → BRPA → SKM,13
BLYG,BALLY GHAT,5,19.7,HWH → BZL → DKAE → RCD → BLYH → BLYG,4
JOB,ASALPUR JOBNER,5,19.7,HWH → BZL → BLY → PBZ → SSG → JOB,9
BRKY,BORAKI,5,19.7,HWH → BZL → BLY → PBZ → JMQ → BRKY,7
GZM,GOUR MALDA,5,19.7,HWH → BZL → BLY → PBZ → JMQ → GZM,8
GTL,GUNTAKAL JN,5,19.7,HWH → BZL → BLY → PBZ → SC → GTL,20
STPD,SITAFAL MANDI,5,19.7,HWH → BZL → BLY → PBZ → SC → STPD,8
MWM,MALLESWARAM,5,19.7,HWH → BZL → ADL → NPMR → YPR → MWM,6
MABD,MAHBUBABAD,5,19.7,HWH → BZL → ADL → BALU → KLJI → MABD,12
KWE,KHURIAL,5,19.7,HWH → BZL → ADL → BALU → KLJI → KWE,13
CPD,CHINCHPADA,5,19.7,HWH → BZL → ADL → BALU → KNRT → CPD,8
GMDA,GUMADA,5,19.7,HWH → BZL → ADL → BALU → KNRT → GMDA,9
JMPT,JIMIDIPETA,5,19.7,HWH → BZL → ADL → BALU → KNRT → JMPT,4
MRDL,MERAMANDOLIL,5,19.7,HWH → BZL → ADL → BALU → SLZ → MRDL,7
PCR,PANCHRA,5,19.7,HWH → BZL → ADL → MRGM → SRPU → PCR,5
RJPB,RAJENDRA NAGAR BIHAR,5,19.7,HWH → BZL → ADL → MRGM → SRPU → RJPB,13
SJKL,SURJA KAMAL,5,19.7,HWH → BZL → ADL → MRGM → SRPU → SJKL,17
RJG,RAJGRAM,5,19.7,HWH → BZL → ADL → MRGM → SRPU → RJG,13
MPU,MEDAPADU,5,19.7,HWH → BZL → ADL → SEL → BVL → MPU,11
REG,REGUPALEM,5,19.7,HWH → BZL → ADL → SEL → BVL → REG,14
PAVP,PEDDA AVUTAPALE,5,19.7,HWH → BZL → ADL → SEL → PKU → PAVP,17
HTZ,HATHIDAH JN,5,19.7,HWH → BZL → DKAE → MKB → BRYA → HTZ,11
CDL,CHODIALA,5,19.7,HWH → BZL → DKAE → MKB → BRYA → CDL,14
NCJ,NAGERCOIL JN,5,19.7,HWH → BZL → SMCK → KPM → KDU → NCJ,16
VDP,VADIPPATTI,5,19.7,HWH → BZL → SMCK → KPM → KDU → VDP,11
CAPE,KANYAKUMARI,5,19.7,HWH → BZL → SMCK → KPM → KDU → CAPE,14
IVL,ILAVELANGAL,5,19.7,HWH → BZL → SMCK → KPM → KDU → IVL,8
SRT,SATUR,5,19.7,HWH → BZL → SMCK → KPM → NLL → SRT,8
VBU,VEMBUR,5,19.7,HWH → BZL → SMCK → KPM → NLL → VBU,6
NOY,NOYAL,5,19.7,HWH → BZL → SMCK → KPM → NLL → NOY,8
SGBA,Sir Gurudas Banerjee Halt,5,19.7,HWH → BZL → CCRL → KGK → BNXR → SGBA,4
YADA,YADA,5,19.7,HWH → BZL → ADL → NPMR → GID → YADA,8
GMA,GUDIMETTA,5,19.7,HWH → BZL → ADL → NPMR → GID → GMA,5
KSTE,KISTAMSETTIPALI,5,19.7,HWH → BZL → ADL → NPMR → GID → KSTE,5
SRVX,SURAVALI,5,19.7,HWH → BZL → ADL → NPMR → YPR → SRVX,14
DTP,DIVITI PALLI,5,19.7,HWH → BZL → ADL → NPMR → YPR → DTP,8
KPN,KUPPAM,5,19.7,HWH → BZL → ADL → NPMR → YPR → KPN,14
VWA,VIDURASWATTHA,5,19.7,HWH → BZL → ADL → NPMR → YPR → VWA,10
BAW,CHIK BANAVAR,5,19.7,HWH → BZL → ADL → NPMR → YPR → BAW,4
MSB,CHENNAI BEACH,5,19.7,HWH → JJKR → JKPR → KAPG → PRGL → MSB,6
TBM,TAMBARAM,5,19.7,HWH → JJKR → JKPR → KAPG → PRGL → TBM,7
VDR,VANDALUR,5,19.7,HWH → JJKR → JKPR → KAPG → PRGL → VDR,5
ALU,ARIYALUR,5,19.7,HWH → JJKR → JKPR → KAPG → SLTH → ALU,5
KLGM,KALLAGAM,5,19.7,HWH → JJKR → JKPR → KAPG → SLTH → KLGM,6
NLSF,NIYALISH PARA,5,19.7,HWH → JJKR → JKPR → ODB → DDM → NLSF,9
NMZ,NEW MAL JN,5,19.7,HWH → JJKR → JKPR → ODB → DDM → NMZ,5
SVQ,SIVOK,5,19.7,HWH → JJKR → JKPR → ODB → BRQ → SVQ,6
TNP,TONDIARPETTAI,5,19.7,HWH → JJKR → JKPR → KNPR → VDE → TNP,9
NZM,DELHI H NIZAMUDDIN,5,19.7,HWH → JJKR → JKPR → KNPR → VDE → NZM,32
GTLM,GOTLAM,5,19.7,HWH → JJKR → JKPR → GAM → VZM → GTLM,6
GVI,GARIVIDI,5,19.7,HWH → JJKR → JKPR → GAM → VZM → GVI,15
DLW,DILWA,5,19.7,HWH → JJKR → JKPR → BRMI → GJD → DLW,8
PEH,Pathardih Junction,5,19.7,HWH → JJKR → JKPR → BRMI → SDMD → PEH,4
BJE,Bhojudih Junction,5,19.7,HWH → JJKR → JKPR → BRMI → SDMD → BJE,9
BCB,Bhowra Junction,5,19.7,HWH → JJKR → JKPR → BRMI → SDMD → BCB,4
KHRY,KHAIRAHI,5,19.7,HWH → JJKR → ULD → GHSR → SHW → KHRY,7
RBS,RUPBAS,5,19.7,HWH → JJKR → ULD → GHSR → SHW → RBS,9
BXN,BAYANA JN,5,19.7,HWH → JJKR → ULD → GHSR → SHW → BXN,8
KJY,Khurja City,5,19.7,HWH → JJKR → ULD → PATA → KRJ → KJY,4
FZD,FIROZABAD,5,19.7,HWH → JJKR → ULD → PATA → KRJ → FZD,8
HK,HELAK,5,19.7,HWH → JJKR → ULD → PATA → PHD → HK,5
KNS,KANCHAUSI,5,19.7,HWH → JJKR → ULD → PATA → PHD → KNS,9
SIL,SAKHI GOPAL,5,19.7,HWH → JJKR → KRIH → GBK → JKDP → SIL,5
RNBT,RAHENBATA,5,19.7,HWH → JJKR → KRIH → RTN → BNBH → RNBT,5
OV,OTIVAKKAM,5,19.7,HWH → JJKR → KRIH → RTN → VI → OV,6
CBU,Chinna Babu Samudram,5,19.7,HWH → JJKR → KRIH → RTN → VI → CBU,6
PDY,Puducherry,5,19.7,HWH → JJKR → KRIH → RTN → VI → PDY,4
GUL,GUJJANGIVALASA,5,19.7,HWH → JJKR → KRIH → RTN → SRKT → GUL,10
APL,APPIKATLA,5,19.7,HWH → JJKR → KRIH → BTV → VKT → APL,15
PER,PERAMBUR,5,19.7,HWH → JJKR → KRIH → BTV → VKT → PER,10
TMKA,Tomka,5,19.7,HWH → JJKR → JKPR → SKND → BGPL → TMKA,4
GAUR,GAUR,5,19.7,HWH → JJKR → ULD → GHSR → TH → GAUR,7
GOVR,GOVINDNAGAR,5,19.7,HWH → JJKR → ULD → GHSR → TH → GOVR,9
PDRD,PINDRA ROAD,5,19.7,HWH → JJKR → ULD → GHSR → KSF → PDRD,5
TLMD,TRILOCHAN MAHDO,5,19.7,HWH → JJKR → ULD → GHSR → KSF → TLMD,7
MIR,MAIJAPUR,5,19.7,HWH → JJKR → ULD → GHSR → CPB → MIR,10
AJ,AJGAIN,5,19.7,HWH → JJKR → ULD → GHSR → CPB → AJ,8
CNB,KANPUR CENTRAL,5,19.7,HWH → JJKR → ULD → GHSR → CPB → CNB,19
NBI,NADBAI,5,19.7,HWH → JJKR → ULD → GHSR → TBL → NBI,4
KL,KHERLI,5,19.7,HWH → JJKR → ULD → GHSR → TBL → KL,5
GZB,GHAZIABAD,5,19.7,HWH → JJKR → ULD → GHSR → MIU → GZB,11
DER,DADRI,5,19.7,HWH → JJKR → ULD → GHSR → MIU → DER,8
GJL,GAJRAULA JN,5,19.7,HWH → JJKR → ULD → GHSR → ANVR → GJL,7
ANVT,ANAND VIHAR TRM,5,19.7,HWH → JJKR → ULD → GHSR → ANVR → ANVT,10
MNF,MANDA ROAD,5,19.7,HWH → JJKR → ULD → GHSR → GNRL → MNF,12
CRP,CHANDRAPURA,5,19.7,HWH → JJKR → ULD → GHSR → GNRL → CRP,13
CHL,CHOLA,5,19.7,HWH → JJKR → ULD → GHSR → GNRL → CHL,7
SB,SARAI BHOPAT,5,19.7,HWH → JJKR → ULD → RMW → PNK → SB,12
BBK,BARABANKI JN,5,19.7,HWH → JJKR → ULD → RMW → BUR → BBK,11
RFR,RAFINAGAR,5,19.7,HWH → JJKR → ULD → RMW → BUR → RFR,7
BUW,BURHWAL,5,19.7,HWH → JJKR → ULD → RMW → BUR → BUW,16
BPU,BHAUPUR,5,19.7,HWH → JJKR → ULD → RMW → MTO → BPU,11
TKN,TANKUPPA,5,19.7,HWH → JJKR → ULD → SKQ → BNF → TKN,7
MPO,MANPUR JN,5,19.7,HWH → JJKR → ULD → SKQ → BNF → MPO,8
SWW,Shahanagar Timarua,5,19.7,HWH → JJKR → ULD → SKQ → BRN → SWW,4
MTI,MITAWAL,5,19.7,HWH → JJKR → ULD → SKQ → BRN → MTI,14
TLAM,TULSI ASHRAM,5,19.7,HWH → JJKR → ULD → SKQ → BRN → TLAM,10
CMR,CHAMROLA,5,19.7,HWH → JJKR → ULD → SKQ → BRN → CMR,7
TDL,TUNDLA JN,5,19.7,HWH → JJKR → ULD → SKQ → BRN → TDL,17
BKH,BANKHEDI,5,19.7,HWH → JJKR → ULD → SKQ → JIA → BKH,5
RPR,RAGHUNATHPUR,5,19.7,HWH → JJKR → ULD → SKQ → JIA → RPR,14
AUNG,AUNG,5,19.7,HWH → JJKR → ULD → SKQ → JIA → AUNG,6
KKJ,KAKORI,5,19.7,HWH → JJKR → ULD → GHSR → TH → KKJ,8
KUT,KANAUTA,5,19.7,HWH → JJKR → ULD → HDA → JP → KUT,8
GADJ,GANDHINAGAR JAIPUR,5,19.7,HWH → JJKR → ULD → HDA → JP → GADJ,8
BSGD,BAIS GODAM,5,19.7,HWH → JJKR → ULD → HDA → JP → BSGD,5
DKBJ,Dahar Ka Balaji,5,19.7,HWH → JJKR → ULD → HDA → JP → DKBJ,4
KWP,KHATIPURA,5,19.7,HWH → JJKR → ULD → HDA → THMR → KWP,8
KMNC,KUCHAMAN CITY,5,19.7,HWH → JJKR → ULD → HDA → THMR → KMNC,5
SVA,SUWASRA,5,19.7,HWH → JJKR → ULD → HDA → FL → SVA,10
BNDN,BHANDANA,5,19.7,HWH → JJKR → ULD → HDA → FL → BNDN,6
KXG,KHARIA KHANGARH,5,19.7,HWH → JJKR → ULD → HDA → FL → KXG,7
PKBS,Peeplee-ka-bas,5,19.7,HWH → JJKR → ULD → HDA → FL → PKBS,6
SBR,SAMBHAR LAKE,5,19.7,HWH → JJKR → ULD → HDA → FL → SBR,6
NRI,NARAINA,5,19.7,HWH → JJKR → ULD → HDA → FL → NRI,8
DDV,DADHDEVI,5,19.7,HWH → JJKR → ULD → HDA → DHND → DDV,8
NYK,NAYA KHARADIA,5,19.7,HWH → JJKR → ULD → HDA → DHND → NYK,7
PTLI,PATHAULI,5,19.7,HWH → JJKR → ULD → RMW → PNK → PTLI,9
KBP,KUBERPUR,5,19.7,HWH → JJKR → ULD → RMW → PNK → KBP,11
REN,REN,5,19.7,HWH → JJKR → ULD → BBL → RMA → REN,7
ISA,ISARDA,5,19.7,HWH → JJKR → ULD → BBL → RMA → ISA,6
CKB,CHAUTH KA BARWARA,5,19.7,HWH → JJKR → ULD → BBL → RMA → CKB,7
IDG,INDARGARH,5,19.7,HWH → JJKR → ULD → BBL → RMA → IDG,10
KIW,KANWALPURA,5,19.7,HWH → JJKR → ULD → BBL → RMA → KIW,11
MGN,MEGHNAGAR,5,19.7,HWH → JJKR → ULD → BBL → RMA → MGN,12
OKA,OKHLA,5,19.7,HWH → JJKR → ULD → BBL → RMA → OKA,18
KNDP,KHANDIP,5,19.7,HWH → JJKR → ULD → BBL → RMA → KNDP,7
MKX,MORAK,5,19.7,HWH → JJKR → ULD → BBL → RMA → MKX,11
JHW,JHALAWAR ROAD,5,19.7,HWH → JJKR → ULD → BBL → RMA → JHW,11
GGC,GANGAPUR CITY,5,19.7,HWH → JJKR → ULD → BBL → MNR → GGC,11
SKB,SHIKOHABAD JN,5,19.7,HWH → JJKR → ULD → BBL → MNR → SKB,13
ETW,ETAWAH,5,19.7,HWH → JJKR → ULD → BBL → BDN → ETW,16
KAA,KAURARA,5,19.7,HWH → JJKR → ULD → BBL → BDN → KAA,6
MVI,MORBI,5,19.7,HWH → JJKR → ULD → RURA → ETUE → MVI,4
CHK,CHAKERI,5,19.7,HWH → JJKR → ULD → RURA → RXM → CHK,9
AJH,AJHAI,5,19.7,HWH → JJKR → NDLS → CSB → VRBD → AJH,13
EKL,EKDIL,5,19.7,HWH → JJKR → NDLS → CSB → TKJ → EKL,12
GJTA,GARUDIJHATIA,5,19.7,HWH → JJKR → KHF → BRAG → BDPG → GJTA,5
MXJ,MANGURJAN,5,19.7,HWH → JJKR → KHF → BRAG → DBQ → MXJ,6
AUB,ALUABARI ROAD,5,19.7,HWH → JJKR → KHF → BRAG → DBQ → AUB,9
SPSR,SARPESWAR PH,5,19.7,HWH → JJKR → KHF → BRAG → NQR → SPSR,4
BQT,BAKTAR NAGAR,5,19.7,HWH → JJKR → KHF → MZZ → RNG → BQT,8
NMC,NIMCHA,5,19.7,HWH → JJKR → KHF → MZZ → RNG → NMC,8
KPK,KALIPAHARI,5,19.7,HWH → JJKR → KHF → MZZ → RNG → KPK,10
KUY,TIRUPPUR KULIPALAYAM,5,19.7,HWH → JJKR → KHF → ABB → KDY → KUY,13
VN,VANIYAMBADI,5,19.7,HWH → JJKR → KHF → ABB → KDY → VN,8
VBL,BOBBILI,5,19.7,HWH → JJKR → KHF → SJDR → NML → VBL,5
VLK,VILLIVAKKAM,5,19.7,HWH → JJKR → KHF → PNPN → ODUR → VLK,9
TADA,TADA,5,19.7,HWH → JJKR → KHF → PNPN → ODUR → TADA,15
POF,PIPARSAND,5,19.7,HWH → JJKR → ULD → BBL → AMS → POF,8
MKG,MANAK NAGAR,5,19.7,HWH → JJKR → ULD → BBL → AMS → MKG,8
DSA,DELHI SHAHDARA,5,19.7,HWH → JJKR → NDLS → DSB → DLI → DSA,8
VVKP,VIVEKANAND PURI HALT,5,19.7,HWH → JJKR → NDLS → DSB → DKZ → VVKP,8
GSO,GHASO,5,19.7,HWH → JJKR → NDLS → DSB → DKZ → GSO,8
GHG,GHAGGHAR,5,19.7,HWH → JJKR → NDLS → DSB → SZM → GHG,5
DAZ,DELHI AZADPUR,5,19.7,HWH → JJKR → NDLS → DSB → SZM → DAZ,4
DAR,DANWAR,5,19.7,HWH → JJKR → NDLS → CSB → KAMP → DAR,5
KFU,KOHAND,5,19.7,HWH → JJKR → NDLS → CSB → AST → KFU,10
SHLK,SHOLAKA,5,19.7,HWH → JJKR → NDLS → CSB → AST → SHLK,11
RKM,RAJA KI MANDI,5,19.7,HWH → JJKR → NDLS → CSB → AST → RKM,14
SWAR,SEWAR,5,19.7,HWH → JJKR → NDLS → CSB → AST → SWAR,9
PWL,PALWAL,5,19.7,HWH → JJKR → NDLS → CSB → AST → PWL,16
BVH,BALLABGARH,5,19.7,HWH → JJKR → NDLS → CSB → AST → BVH,14
GILA,GHIALA,5,19.7,HWH → JJKR → NDLS → CSB → VRBD → GILA,14
KTHU,KATHUA,5,19.7,HWH → JJKR → NDLS → CSB → VRBD → KTHU,11
BTE,BHARATPUR JN,5,19.7,HWH → JJKR → NDLS → CSB → VRBD → BTE,11
BTSR,BHUTESHWAR,5,19.7,HWH → JJKR → NDLS → CSB → VRBD → BTSR,24
MJNL,MAJRI NANGAL,5,19.7,HWH → JJKR → NDLS → SMBL → BWL → MJNL,6
KNGT,KARNAWAS,5,19.7,HWH → JJKR → NDLS → SMBL → BWL → KNGT,5
LBA,LAMBHUA,5,19.7,HWH → JJKR → NDLS → SMBL → QXR → LBA,6
BBO,BABUGARH,5,19.7,HWH → JJKR → NDLS → SMBL → QXR → BBO,5
DSAP,DELHI SHAHDARA A PANEL,5,19.7,HWH → JJKR → NDLS → SMBL → SKHR → DSAP,10
CLKN,CHUCHELA KALAN,5,19.7,HWH → JJKR → NDLS → SMBL → SKHR → CLKN,7
KHE,KANKATHER,5,19.7,HWH → JJKR → NDLS → SMBL → GGB → KHE,5
MRPM,MATHURAPUR MOR HALT,5,19.7,HWH → JJKR → NDLS → DSB → DEE → MRPM,7
PTNR,PATEL NAGAR,5,19.7,HWH → JJKR → NDLS → DSB → DEE → PTNR,10
DBSI,DAYA BASTI,5,19.7,HWH → JJKR → NDLS → DSB → DEE → DBSI,12
BTIB,BHATINDA B CABIN,5,19.7,HWH → JJKR → NDLS → DSB → DLI → BTIB,3
HHP,HARHAR FATEHPUR,5,19.7,HWH → JJKR → NDLS → DSB → DLI → HHP,3
SNX,SANEH ROAD,5,19.7,HWH → JJKR → NDLS → DSB → DLI → SNX,7
KSA,KHASA,5,19.7,HWH → JJKR → NDLS → DSB → DLI → KSA,5
ATT,ATARI,5,19.7,HWH → JJKR → NDLS → DSB → DLI → ATT,5
DEC,DELHI CANTT,5,19.7,HWH → JJKR → NDLS → DSB → DLI → DEC,12
NGI,NAGARI,5,19.7,HWH → JJKR → NDLS → SNN → BPK → NGI,21
AMY,AKATHUMURI,5,19.7,HWH → JJKR → NDLS → SNN → BPK → AMY,10
PMB,PULLAMBADI,5,19.7,HWH → JJKR → NDLS → SNN → BPK → PMB,8
BUX,BHANDAK,5,19.7,HWH → JJKR → NDLS → SNN → BPK → BUX,17
SRTE,Soorothee,5,19.7,HWH → JJKR → NDLS → DHO → GIS → SRTE,4
CHZ,CHARLAPALLI,5,19.7,HWH → JJKR → NDLS → DHO → JMKT → CHZ,10
MYL,MALLIYALA,5,19.7,HWH → JJKR → NDLS → DHO → JMKT → MYL,9
OPL,UPPAL,5,19.7,HWH → JJKR → NDLS → DHO → JMKT → OPL,12
BGSF,BISUGIRSHARIF,5,19.7,HWH → JJKR → NDLS → DHO → JMKT → BGSF,9
BBDE,BABARPUR,5,19.7,HWH → JJKR → NDLS → DHO → ARI → BBDE,10
AEH,ANANT PAITH,5,19.7,HWH → JJKR → NDLS → DHO → ARI → AEH,11
STLI,SITHOULI,5,19.7,HWH → JJKR → NDLS → DHO → ARI → STLI,8
FHT,FARAH TOWN,5,19.7,HWH → JJKR → NDLS → DHO → MIA → FHT,13
JJ,JAJAU,5,19.7,HWH → JJKR → NDLS → DHO → MIA → JJ,8
NMY,NOONMATI,5,19.7,HWH → JJKR → NDLS → BMGN → NGC → NMY,5
PQS,PARK CIRCUS,5,19.7,HWH → JJKR → NDLS → NKG → SDAH → PQS,5
ORH,ODDARAHALLI,5,19.7,HWH → JJKR → NDLS → SLOR → MKL → ORH,13
TDV,THONDEBHAVI,5,19.7,HWH → JJKR → NDLS → SLOR → MKL → TDV,7
SRUR,SIRPUR TOWN,5,19.7,HWH → JJKR → NDLS → SLOR → VHGN → SRUR,12
RAG,RAIGIR,5,19.7,HWH → JJKR → NDLS → SLOR → VHGN → RAG,8
KTTR,KATTUR,5,19.7,HWH → JJKR → NDLS → SLOR → VHGN → KTTR,8
BRBD,BORABANDA,5,19.7,HWH → JJKR → NDLS → SLOR → RGPM → BRBD,7
RDM,RAMGUNDAM,5,19.7,HWH → JJKR → NDLS → SLOR → RGPM → RDM,15
KJL,KHUMGAON BURTI,5,19.7,HWH → JJKR → NDLS → SLOR → KMKD → KJL,10
MKU,MALKAPUR,5,19.7,HWH → JJKR → NDLS → SLOR → KMKD → MKU,12
KYOP,KOTTAPALLI,5,19.7,HWH → JJKR → NDLS → SLOR → SEGM → KYOP,15
MJRI,MAJRI JN,5,19.7,HWH → JJKR → NDLS → SLOR → SEGM → MJRI,16
KATL,KATOL,5,19.7,HWH → JJKR → NDLS → SLOR → SEGM → KATL,9
SWQ,Sangwi,5,19.7,HWH → JJKR → NDLS → SLOR → WRD → SWQ,4
DWM,Darwha Moti Bagh Junction,5,19.7,HWH → JJKR → NDLS → SLOR → WRD → DWM,4
PAI,PABAI,5,19.7,HWH → JJKR → NDLS → SNN → HGT → PAI,12
PTKP,POTKAPALLI,5,19.7,HWH → JJKR → NDLS → SNN → HGT → PTKP,8
ANQ,AMNAPUR,5,19.7,HWH → JJKR → RDU → HAUR → GIT → ANQ,10
PLHL,PALLAHALLI HALT,5,19.7,HWH → JJKR → RDU → TPTY → MRLA → PLHL,10
MNPT,MUNGILIPATTU,5,19.7,HWH → JJKR → RDU → TPTY → TCNR → MNPT,10
YAL,YATALURU,5,19.7,HWH → JJKR → RDU → TPTY → SIE → YAL,9
KPPR,KARUPPUR,5,19.7,HWH → JJKR → RDU → TPTY → SIE → KPPR,9
CTO,CHITTOOR,5,19.7,HWH → JJKR → RDU → TPTY → SIE → CTO,14
VRA,Valavanur,5,19.7,HWH → JJKR → RDU → TPTY → TPW → VRA,5
VZ,VIJAYAMANGALAM,5,19.7,HWH → JJKR → RDU → TPTY → TPW → VZ,9
CGI,CHANDRAGIRI,5,19.7,HWH → JJKR → RDU → TPTY → TPW → CGI,9
HLZ,Haldia,5,19.7,HWH → JJKR → RDU → TPTY → MBL → HLZ,3
SGE,SANKARIDURG,5,19.7,HWH → JJKR → RDU → TPTY → RU → SGE,16
MRM,MAMANDURU,5,19.7,HWH → JJKR → RDU → TPTY → RU → MRM,4
PUDI,PUDI,5,19.7,HWH → JJKR → RDU → TPTY → RU → PUDI,9
YPD,YERPEDU,5,19.7,HWH → JJKR → RDU → TPTY → RU → YPD,7
DSPT,DANISHPET,5,19.7,HWH → JJKR → NDLS → SLOR → MKL → DSPT,7
MQN,MANYAMKONDA,5,19.7,HWH → JJKR → NDLS → SLOR → MKL → MQN,7
MHDB,MAHADIA PH,5,19.7,HWH → JJKR → RDU → JMG → SSPR → MHDB,5
DNDL,DANDI MAL,5,19.7,HWH → JJKR → RDU → JMG → SSPR → DNDL,5
BAKL,BAKAL,5,19.7,HWH → JJKR → RDU → JMG → DAO → BAKL,8
DAPD,DAPODI,5,19.7,HWH → JJKR → RDU → NASP → NRP → DAPD,10
PGI,PARPANANGADI,5,19.7,HWH → JJKR → RDU → NASP → TUP → PGI,10
VKI,VENKATAGIRI,5,19.7,HWH → JJKR → RDU → NASP → TUP → VKI,8
SHI,SINGANALLUR,5,19.7,HWH → JJKR → RDU → NASP → TUP → SHI,17
CKI,CHALAKUDI,5,19.7,HWH → JJKR → RDU → NASP → TUP → CKI,15
PCV,Palakkodu,5,19.7,HWH → JJKR → RDU → NASP → TUP → PCV,6
OML,OMALUR,5,19.7,HWH → JJKR → RDU → NASP → TUP → OML,11
MDKI,MADUKARAI,5,19.7,HWH → JJKR → RDU → NASP → TUP → MDKI,11
WRA,WALAYAR,5,19.7,HWH → JJKR → RDU → NASP → TUP → WRA,11
KASR,KANAS ROAD,5,19.7,HWH → JJKR → RDU → NASP → AKP → KASR,9
CCA,CHIGICHERLA,5,19.7,HWH → JJKR → RDU → NASP → AKP → CCA,12
MIPM,MARRIPALEM,5,19.7,HWH → JJKR → RDU → NASP → BVM → MIPM,20
BGWI,BEGDAEWADI,5,19.7,HWH → JJKR → RDU → HAUR → GIT → BGWI,10
NPKM,NANDIYAMPAKKAM,5,19.7,HWH → JJKR → MKTP → MS → PON → NPKM,11
MNUR,MANNANUR,5,19.7,HWH → JJKR → MKTP → MS → PON → MNUR,10
KXP,KANIYAPURAM,5,19.7,HWH → JJKR → MKTP → MS → PON → KXP,11
MVN,MILAVITTAN,5,19.7,HWH → JJKR → MKTP → MS → TME → MVN,5
MPKT,CHENNAI PARK TOWN,5,19.7,HWH → JJKR → MKTP → MS → MPK → MPKT,6
MSF,CHENNAI FORT,5,19.7,HWH → JJKR → MKTP → MS → MPK → MSF,6
MHLC,MONKEY HILL,5,19.7,HWH → JJKR → MKTP → MS → TKW → MHLC,6
NNCN,NAGNATH CABIN,5,19.7,HWH → JJKR → MKTP → MS → TKW → NNCN,4
VGE,VALAPPADI G HLT,5,19.7,HWH → JJKR → MKTP → MS → MPLI → VGE,6
APN,AYODHYAPATTANAM,5,19.7,HWH → JJKR → MKTP → MS → MPLI → APN,6
PDKM,PEDANAYAKANPALAYAM,5,19.7,HWH → JJKR → MKTP → MS → MPLI → PDKM,8
MGSJ,MAGNESITE JN,5,19.7,HWH → JJKR → MKTP → MS → MPLI → MGSJ,14
NBK,NUNGAMBAKKAM,5,19.7,HWH → JJKR → MKTP → MS → MSC → NBK,5
KUE,KURSELA,5,19.7,HWH → JJKR → MKTP → HCM → CPP → KUE,17
IRP,IRAVIPURAM,5,19.7,HWH → JJKR → MKTP → BSDP → BTVA → IRP,18
GHLE,GADADHARPUR,5,19.7,HWH → JJKR → MKTP → BSDP → BTVA → GHLE,7
SMTL,SIMARIATAL,5,19.7,HWH → JPR → MPD → TEL → YGL → SMTL,8
SJL,SANGAM JAGARLAMUDI,5,19.7,HWH → JPR → MPD → TEL → AKU → SJL,5
PRSL,Pandrasali,5,19.7,HWH → JPR → KGP → GII → RKSN → PRSL,4
RRL,REWRAL,5,19.7,HWH → JPR → KGP → GII → KNM → RRL,8
COL,Coromandel,5,19.7,HWH → JPR → KPL → BWT → BEML → COL,4
RVSN,RVS NAGAR,5,19.7,HWH → JPR → KPL → BWT → VRDP → RVSN,14
MOLK,MOLAKARAMPATTI,5,19.7,HWH → JPR → KPL → BWT → VRDP → MOLK,12
MDVE,MAHENDRA VADI,5,19.7,HWH → JPR → KPL → BWT → VRDP → MDVE,13
BSM,BISANATTAM,5,19.7,HWH → JPR → KPL → BWT → KSM → BSM,8
BDY,BUDDIREDDIPPATI,5,19.7,HWH → JPR → KPL → BWT → TCL → BDY,9
BFW,BYATRAYANHALLI,5,19.7,HWH → JPR → KPL → BWT → TCL → BFW,7
YNK,YELHANKA JN,5,19.7,HWH → JPR → KPL → LOGH → KDGH → YNK,10
BHP,BOLPUR SHANTINIKETAN,5,19.7,HWH → JPR → KPL → ALM → KUK → BHP,6
SUP,Srungavarapukota,5,19.7,HWH → JPR → KPL → KTV → MVW → SUP,2
KFI,KAPPIL,5,19.7,HWH → JJKR → MKTP → MS → PON → KFI,8
KZK,KAZHAKUTTAM,5,19.7,HWH → JJKR → MKTP → MS → PON → KZK,9
KLQ,Kilikollur,5,19.7,HWH → JPR → MPD → TVC → QLN → KLQ,4
MQU,MURUKKAMPUZHA,5,19.7,HWH → JPR → MPD → TVC → QLN → MQU,11
STKT,SASTHANKOTTA,5,19.7,HWH → JPR → MPD → TVC → QLN → STKT,17
PPNS,PAPPINISSERY,5,19.7,HWH → JPR → MPD → TVC → QLN → PPNS,10
CQL,CHIRAKKAL,5,19.7,HWH → JPR → MPD → TVC → QLN → CQL,7
BRAM,BALARAMAPURAM,5,19.7,HWH → JPR → MPD → TVC → NEM → BRAM,4
PRND,PERINAD,5,19.7,HWH → JPR → MPD → TVC → TVP → PRND,16
PLL,PARLI,5,19.7,HWH → JPR → MPD → TVC → TVP → PLL,9
AXA,AMARSAR,5,19.7,HWH → JPR → MPD → TVC → TVP → AXA,7
KCVL,KOCHUVELI,5,19.7,HWH → JPR → MPD → TVC → TVP → KCVL,16
RNBD,RANA BORDI,5,19.7,HWH → JPR → MPD → PBR → RWO → RNBD,4
SE,SEMLA,5,19.7,HWH → JPR → MPD → APQ → TRSR → SE,8
JSPR,JASHAPAR,5,19.7,HWH → JPR → MPD → APQ → TRSR → JSPR,4
ZPI,Zampini,5,19.7,HWH → JPR → MPD → TEL → CIV → ZPI,4
PUK,PUDUKAD,5,19.7,HWH → JPR → MPD → TEL → YGL → PUK,12
MTMI,MOTIMARI,5,19.7,HWH → JPR → MPD → TEL → YGL → MTMI,11
NPJE,NICHITPUR,5,19.7,HWH → JPR → BBM → AUBR → MRQ → NPJE,6
BCJ,BAGAHABISHUNPUR,5,19.7,HWH → JPR → BBM → AUBR → SEB → BCJ,6
BSYA,BARKISALALYA,5,19.7,HWH → JPR → BBM → AUBR → SEB → BSYA,4
DOS,DEHRI ON SONE,5,19.7,HWH → JPR → BBM → AUBR → SEB → DOS,6
BHKH,BAGHOI KUSA,5,19.7,HWH → JPR → BBM → AUBR → PES → BHKH,7
TAO,TAMNA,5,19.7,HWH → JPR → BBM → URMA → KTD → TAO,5
CDMR,CHANDAULI MJHWR,5,19.7,HWH → JPR → BBM → BRMD → GAP → CDMR,7
SYJ,SAIDRAJA,5,19.7,HWH → JPR → BBM → BRMD → GAP → SYJ,9
CDB,CHAUDHRIBANDH,5,19.7,HWH → JPR → BBM → BRMD → GAP → CDB,11
PRP,PAHARPUR,5,19.7,HWH → JPR → BBM → BRMD → GAP → PRP,8
AJJN,ARAKKONAM JN NORTH,5,19.7,HWH → JPR → MPD → TVC → TRX → AJJN,8
PQM,PAKKAM,5,19.7,HWH → JPR → MPD → TVC → TRX → PQM,4
MNY,MANKARAI,5,19.7,HWH → JPR → MPD → TVC → KRAN → MNY,9
DINR,DIVINE NAGAR,5,19.7,HWH → JPR → MPD → TVC → KRAN → DINR,15
SA,SALEM JN,5,19.7,HWH → JPR → MPD → TVC → PYX → SA,19
RAM,RAMAPURAM,5,19.7,HWH → JPR → MPD → TVC → PYX → RAM,10
LKO,LUCKNOW,5,19.7,HWH → JPR → GVN → KDM → LBH → LKO,26
BHAW,BLOCK HUT A (BHA),5,19.7,HWH → JPR → GVN → KDM → LBH → BHAW,9
LNWT,LUCKNOW WEST (ALH),5,19.7,HWH → JPR → GVN → KDM → LBH → LNWT,23
NDZ,NIDIGALLU,5,19.7,HWH → JPR → GVN → KVR → VDD → NDZ,9
JL,JALGAON JN,5,19.7,HWH → JPR → CND → BRBS → SINI → JL,13
JOM,JOGI MAGRA,5,19.7,HWH → JPR → CND → MLR → FA → JOM,6
JUL,JHULASAN,5,19.7,HWH → JPR → CND → MLR → FA → JUL,10
KZQ,KHIMEL,5,19.7,HWH → JPR → CND → MLR → FA → KZQ,7
BRLY,BIROLIYA,5,19.7,HWH → JPR → CND → MLR → FA → BRLY,8
ANMD,ARANG MAHANADI,5,19.7,HWH → JPR → CND → MLR → BLSN → ANMD,4
MSMD,MAHASAMUND,5,19.7,HWH → JPR → CND → MLR → BLSN → MSMD,6
CSN,CHALISGAON JN,5,19.7,HWH → JPR → CND → MLR → MYJ → CSN,14
MWD,MHASAVAD,5,19.7,HWH → JPR → CND → MLR → MYJ → MWD,12
BD,BADNERA JN,5,19.7,HWH → JPR → CND → DIP → TMT → BD,10
TRO,TIRORA,5,19.7,HWH → JPR → CND → DIP → KWN → TRO,7
ADSR,ADSR,5,19.7,HWH → JPR → BBM → AUBR → CPBH → ADSR,6
TMP,TAMARAIPADI,5,19.7,HWH → JPR → GVN → TGP → CKNI → TMP,7
CRV,CHUREB,5,19.7,HWH → JPR → GVN → TGP → KLD → CRV,8
MHH,MAGHAR,5,19.7,HWH → JPR → GVN → TGP → KLD → MHH,13
SUW,SUKHISEWANIYAN,5,19.7,HWH → JPR → GVN → TGP → GDYA → SUW,11
TPJ,TIRUCHIRAPPALLI,5,19.7,HWH → JPR → GVN → TGP → OTK → TPJ,13
VER,VELLUR HALT,5,19.7,HWH → JPR → GVN → TGP → OTK → VER,6
HDL,HODAL,5,19.7,HWH → JPR → GVN → TGP → PDPL → HDL,11
YDLP,YADALAPUR,5,19.7,HWH → JPR → GVN → TGP → PDPL → YDLP,7
TNR,TANGUTURU,5,19.7,HWH → JPR → GVN → TGP → PJB → TNR,13
NNN,NANGUNERI,5,19.7,HWH → JPR → GVN → KDM → DYS → NNN,8
VLY,VALLIYUR,5,19.7,HWH → JPR → GVN → KDM → DYS → VLY,6
PBP,PEMBARTI,5,19.7,HWH → JPR → GVN → KDM → BPQ → PBP,8
LRJ,LAKSAR JN,5,19.7,HWH → JPR → GVN → KDM → BPQ → LRJ,10
RMBG,RAMGHAT HALT,5,19.7,HWH → JPR → GVN → KDM → LBH → RMBG,6
KHJA,KHANJA HALT,5,19.7,HWH → JPR → GVN → KDM → LBH → KHJA,8
PATI,PARSA TEWARI,5,19.7,HWH → JPR → GVN → KDM → LBH → PATI,17
NK,NASIK ROAD,5,19.7,HWH → JPR → YAD → BGN → DI → NK,8
MZR,MURTAJAPUR,5,19.7,HWH → JPR → YAD → BGN → KTP → MZR,9
HHD,HUNSIHADGIL,5,19.7,HWH → JPR → YAD → NI → SVG → HHD,6
BBD,BABLAD,5,19.7,HWH → JPR → YAD → NI → SVG → BBD,7
PDG,PARADGAON,5,19.7,HWH → JPR → YAD → NI → GAA → PDG,6
NR,NIPHAD,5,19.7,HWH → JPR → YAD → NI → GAA → NR,12
NGD,NAGARDEVLA,5,19.7,HWH → JPR → YAD → NI → GAA → NGD,13
URI,URULI,5,19.7,HWH → JPR → YAD → NI → LONI → URI,7
MJBK,MANJARI BUDRUK,5,19.7,HWH → JPR → YAD → NI → LONI → MJBK,7
THK,THAKRULI,5,19.7,HWH → JPR → YAD → NI → RHNE → THK,13
SGND,SHRIGONDA ROAD,5,19.7,HWH → JPR → YAD → NI → RHNE → SGND,6
PC,PACHORA JN,5,19.7,HWH → JPR → YAD → NI → RHNE → PC,16
AMIN,AMIN,5,19.7,HWH → JPR → GVN → TGP → PGMD → AMIN,6
OKAC,OKAC,5,19.7,HWH → JPR → GVN → TGP → PGMD → OKAC,10
TKI,TAKLI,5,19.7,HWH → JPR → GVN → TGP → CKNI → TKI,11
KOU,KODURU,5,19.7,HWH → JPR → GVN → TGP → CKNI → KOU,6
YDD,YADUDIH,5,19.7,HWH → JPR → SZZ → HRE → SMND → YDD,4
AHM,AHIMANPUR,5,19.7,HWH → JPR → SZZ → HRE → MBS → AHM,4
KFK,KATKA,5,19.7,HWH → JPR → SZZ → HRE → MBS → KFK,5
WADO,WADODA,5,19.7,HWH → JPR → YAD → AK → SVW → WADO,10
UGWE,Ugwe,5,19.7,HWH → JPR → YAD → AK → KQV → UGWE,4
MZRT,Murtajapur Town,5,19.7,HWH → JPR → YAD → AK → KQV → MZRT,4
VLN,Vilegaon,5,19.7,HWH → JPR → YAD → AK → KQV → VLN,4
KUCH,KUCHAVARAM HALT,5,19.7,HWH → JPR → YAD → AK → STDB → KUCH,5
LHD,LOHOGAD,5,19.7,HWH → JPR → YAD → AK → BSQ → LHD,6
JUK,JAULKA,5,19.7,HWH → JPR → YAD → AK → BSQ → JUK,8
PS,PARAS,5,19.7,HWH → JPR → YAD → AK → GAO → PS,7
ST,SURAT,5,19.7,HWH → JPR → YAD → BGN → SNK → ST,14
HOL,HOL,5,19.7,HWH → JPR → YAD → BGN → SNK → HOL,5
GIMB,GANDHIDHAM BG,5,19.7,HWH → JPR → YAD → BGN → TKHE → GIMB,13
VGI,VANGANI,5,19.7,HWH → JPR → YAD → BGN → DI → VGI,9
KO,KOSGI,5,19.7,HWH → JPR → YAD → BGN → DI → KO,8
DKCH,DAKACHA,5,19.7,HWH → JPR → CHBT → BSP → LKBR → DKCH,6
R,RAIPUR JN,5,19.7,HWH → JPR → CHBT → BSP → SRWN → R,13
GTK,GHUTKU,5,19.7,HWH → JPR → CHBT → BSP → USL → GTK,4
SZB,SARONA CABIN,5,19.7,HWH → JPR → CHBT → BSP → GTW → SZB,10
JRMG,JAIRAMNAGAR,5,19.7,HWH → JPR → CHBT → BSP → GTW → JRMG,5
WRC,W R S COLONY PH,5,19.7,HWH → JPR → CHBT → BYL → SLH → WRC,10
BUA,BARADWAR,5,19.7,HWH → JPR → CHBT → BYL → BYT → BUA,9
ND,NADIAD JN,5,19.7,HWH → JPR → CHBT → BYL → BYT → ND,17
BKTH,BAIKUNTH,5,19.7,HWH → JPR → CHBT → BYL → BYT → BKTH,8
TGM,TANGARMUNDA,5,19.7,HWH → JPR → CHBT → DPH → BMB → TGM,7
KBT,KADAMBATTUR,5,19.7,HWH → JPR → SZZ → BBS → BNC → KBT,10
BM,BODMA,5,19.7,HWH → JPR → SZZ → BBS → ANJE → BM,11
TNJE,TENTULLA,5,19.7,HWH → JPR → SZZ → BBS → ANJE → TNJE,4
ASNE,ASANSOL EAST,5,19.7,HWH → JPR → SZZ → BBS → ANJE → ASNE,16
LBZ,LALBAG BH,5,19.7,HWH → JPR → SZZ → HRE → LRB → LBZ,4
DSME,DASARA,5,19.7,HWH → JPR → SZZ → HRE → LRB → DSME,8
STPM,S NARAYANAPURAM,5,19.7,HWH → JPR → KLX → DIG → MOD → STPM,8
NWBV,NWBV,5,19.7,HWH → JPR → KLX → DIG → MOD → NWBV,7
TGQ,TENGANMADA,5,19.7,HWH → JPR → DGB → PDU → BIG → TGQ,4
SLKR,SALKAROAD,5,19.7,HWH → JPR → DGB → PDU → BIG → SLKR,5
KAPM,Kottapalem,5,19.7,HWH → JPR → DGB → PDU → VSKP → KAPM,4
WAT,WALTAIR,5,19.7,HWH → JPR → DGB → PDU → VSKP → WAT,10
HG,HOTGI,5,19.7,HWH → JPR → DGB → PDU → AKOR → HG,9
TLT,TILATI,5,19.7,HWH → JPR → DGB → PDU → AKOR → TLT,5
NGS,NAGANSUR,5,19.7,HWH → JPR → DGB → PDU → AKOR → NGS,5
PDSN,Peddasana,5,19.7,HWH → JPR → DGB → NWP → TEK → PDSN,4
SLY,SAMALPATTI,5,19.7,HWH → JPR → DGB → NWP → DST → SLY,8
DPI,DODDAMPATTI,5,19.7,HWH → JPR → DGB → NWP → DST → DPI,10
JTR,JATKANHAR,5,19.7,HWH → JPR → CHBT → AKT → DGG → JTR,7
URK,URKURA,5,19.7,HWH → JPR → CHBT → AKT → KTSH → URK,12
NIA,NAILA,5,19.7,HWH → JPR → CHBT → AKT → KPNA → NIA,8
SRBA,Saragbundia,5,19.7,HWH → JPR → CHBT → KRBA → URGA → SRBA,4
ALER,ALER,5,19.7,HWH → JPR → KLX → PUA → KI → ALER,8
GUU,GUNDRATIMADUGU,5,19.7,HWH → JPR → KLX → PUA → KI → GUU,13
TLU,TARLUPADU,5,19.7,HWH → JPR → KLX → VAT → CBM → TLU,5
JBK,JAGGAMBOTLA KRISHNAPURAM,5,19.7,HWH → JPR → KLX → VAT → CBM → JBK,5
RPM,ROYAPURAM,5,19.7,HWH → JPR → KLX → VAT → UGD → RPM,7
MLM,MALTHAN,5,19.7,HWH → JPR → KLX → VAT → PRH → MLM,12
MRK,MARKAPUR ROAD,5,19.7,HWH → JPR → KLX → VAT → PRH → MRK,5
RCG,RACHAGUNNARI,5,19.7,HWH → JPR → KLX → TSR → UPD → RCG,6
MVPM,MAVELIPALAIYAM,5,19.7,HWH → JPR → KLX → TSR → PGU → MVPM,14
VRI,VRIDHACHALAM JN,5,19.7,HWH → JPR → KLX → TSR → PGU → VRI,13
MMCC,MOOR MARKET,5,19.7,HWH → JPR → KLX → NVC → MAS → MMCC,2
SUBL,HUBLI SOUTH,5,19.7,HWH → JPR → KLX → NVC → MAS → SUBL,8
AKM,ARAMBAKKAM,5,19.7,HWH → JPR → KLX → NVC → MAS → AKM,10
REPI,RANGEPALLI,5,19.7,HWH → JPR → KLX → NVC → MAS → REPI,7
RVKH,RAVINDRAKHANI,5,19.7,HWH → JPR → KLX → NVC → BKL → RVKH,16
MCI,MANCHIRYAL,5,19.7,HWH → JPR → KLX → NVC → BKL → MCI,11
MAF,MANUR,5,19.7,HWH → JPR → VTM → PEL → AIP → MAF,9
MBM,MAMBALAM,5,19.7,HWH → JPR → VTM → PEL → SP → MBM,4
TNGR,THONGANUR,5,19.7,HWH → JPR → VTM → KRV → OGL → TNGR,11
MMNK,MARAIMALAM NAGAR,5,19.7,HWH → JPR → VTM → KAQ → KVZ → MMNK,5
GDY,GUINDY,5,19.7,HWH → JPR → VTM → KPLL → SPE → GDY,6
ANNR,ANNANUR,5,19.7,HWH → JPR → VTM → KPLL → SPE → ANNR,6
KAVM,KATHIVAKKAM,5,19.7,HWH → JPR → VTM → JAQ → DVR → KAVM,9
ABU,AMBATTUR,5,19.7,HWH → JPR → VTM → JAQ → DVR → ABU,11
WST,WASHERMANPET,5,19.7,HWH → JPR → VTM → JAQ → KOK → WST,9
WKA,VAKAV,5,19.7,HWH → JPR → KLX → CU → MO → WKA,9
MVE,MUNDHEWADI,5,19.7,HWH → JPR → KLX → CU → MO → MVE,9
MKPT,MALIKPETH,5,19.7,HWH → JPR → KLX → CU → MO → MKPT,10
PTLR,PUTLUR HALT,5,19.7,HWH → JPR → KLX → CU → APB → PTLR,6
MJR,MINJUR,5,19.7,HWH → JPR → KLX → CU → APB → MJR,16
OLR,THRISSUR OLLUR HALT,5,19.7,HWH → JPR → KLX → TMC → KJJ → OLR,12
VRLR,VIRANI ALUR,5,19.7,HWH → JPR → KLX → TMC → KJJ → VRLR,6
KDG,KEDGAON,5,19.7,HWH → GOL → MXW → HSL → YL → KDG,9
KPG,KOPARGAON,5,19.7,HWH → GOL → MXW → HSL → YL → KPG,6
VMLD,VEMULURIPADU,5,19.7,HWH → JPR → NBR → MAG → CRPM → VMLD,4
MVRM,MALLAVARAM,5,19.7,HWH → JPR → NBR → MAG → CRPM → MVRM,7
BDPL,BANDARUPALLE,5,19.7,HWH → JPR → NBR → GNT → NLPD → BDPL,4
GDM,GUDMA,5,19.7,HWH → JPR → SAL → DAE → TLN → GDM,10
CRD,MUMBAI CURREY ROAD,5,19.7,HWH → JPR → SAL → DAE → PR → CRD,6
DR,MUMBAI DADAR CENTRAL,5,19.7,HWH → JPR → SAL → DAE → PR → DR,8
TLD,TILDA,5,19.7,HWH → JPR → SAL → DBEC → HN → TLD,9
MXA,MARAUDA,5,19.7,HWH → JPR → SAL → DBEC → DURG → MXA,10
RSM,RASMARA,5,19.7,HWH → JPR → SAL → DBEC → DURG → RSM,8
AMDI,Amdi Halt,5,19.7,HWH → JPR → SAL → KNHN → RTK → AMDI,2
MNDA,MANDURA,5,19.7,HWH → JPR → SAL → CHCR → TAR → MNDA,7
BRPL,BARPALI,5,19.7,HWH → JPR → VTM → PEL → THV → BRPL,6
SPRD,SINGAPURAM ROAD,5,19.7,HWH → JPR → VTM → PEL → THV → SPRD,6
KOTR,KORATTUR,5,19.7,HWH → JPR → VTM → PEL → AIP → KOTR,9
NDN,NARDANA,5,19.7,HWH → GOL → SWR → BHNE → BEW → NDN,4
NN,NANDURA,5,19.7,HWH → GOL → SWR → BHNE → PLD → NN,12
NDB,NANDURBAR,5,19.7,HWH → GOL → SWR → BHNE → DXG → NDB,8
GDBR,GOONDA BIHAR,5,19.7,HWH → GOL → SWR → LPH → CNI → GDBR,6
AKR,AKOLNER,5,19.7,HWH → GOL → DRWN → NGN → SRL → AKR,7
LBG,LIMBGAON,5,19.7,HWH → GOL → DRWN → NGN → ANK → LBG,5
PAL,PALASNER,5,19.7,HWH → GOL → DRWN → NGN → ANK → PAL,6
NSL,NAGARSOL,5,19.7,HWH → GOL → DRWN → NGN → ANK → NSL,6
QCAB,QCAB,5,19.7,HWH → GOL → TUX → BRM → CKP → QCAB,2
BRJN,BRAJRAJNAGAR,5,19.7,HWH → GOL → MXW → PNPL → DTV → BRJN,8
MWA,MANDWA,5,19.7,HWH → GOL → MXW → HSL → ASO → MWA,12
SNRD,MUMBAI SANDHURST ROAD,5,19.7,HWH → GOL → MXW → HSL → BY → SNRD,7
CHG,MUMBAI CHINCHPOKLI,5,19.7,HWH → GOL → MXW → HSL → BY → CHG,5
KJ,KAJGAON,5,19.7,HWH → GOL → MXW → HSL → VGL → KJ,13
KBSN,KASBE-SUKENE,5,19.7,HWH → GOL → MXW → HSL → IGP → KBSN,10
RNJD,RANJANGAON RD,5,19.7,HWH → GOL → MXW → HSL → YL → RNJD,7
BETI,Bhetasi,5,19.7,HWH → BSBP → MDKU → INK → VDA → BETI,4
ADD,ADAS ROAD,5,19.7,HWH → BSBP → MDKU → INK → VDA → ADD,9
Y,YELIYUR,5,19.7,HWH → BSBP → MDKU → INK → DVD → Y,6
KZJ,KAZIPET JN,5,19.7,HWH → BSBP → MDKU → INK → NKD → KZJ,8
MSW,MASKANWA,5,19.7,HWH → BSBP → MDKU → NDO → NLS → MSW,16
TISI,TISI,5,19.7,HWH → BSBP → CEL → KBH → CUE → TISI,8
KFF,KOLDA,5,19.7,HWH → BSBP → CEL → KBH → KHTG → KFF,8
MDDG,Malad Gaon,5,19.7,HWH → BSBP → CEL → HVM → DD → MDDG,4
JEUR,JEUR,5,19.7,HWH → BSBP → CEL → HVM → DD → JEUR,5
MOL,MULI ROAD,5,19.7,HWH → BSBP → CEL → HVM → DD → MOL,8
BGVN,BHIGWAN,5,19.7,HWH → BSBP → CEL → HVM → DD → BGVN,8
PAA,PATAS,5,19.7,HWH → BSBP → CEL → HVM → DD → PAA,9
BRB,BORIBIAL,5,19.7,HWH → BSBP → CEL → HVM → DD → BRB,9
KSTH,KASHTI,5,19.7,HWH → BSBP → CEL → HVM → DD → KSTH,6
GWM,GANNAVARAM,5,19.7,HWH → BSBP → CEL → GALA → MBD → GWM,10
RMV,RAMAVARAPPADU,5,19.7,HWH → BSBP → CEL → KKRM → BZA → RMV,6
KLVA,KALVA,5,19.7,HWH → BSBP → KIG → CSTM → NHU → KLVA,7
MLND,MULUND,5,19.7,HWH → BSBP → KIG → CSTM → NHU → MLND,6
SHLU,SHELU,5,19.7,HWH → BSBP → KIG → CSTM → CCH → SHLU,12
NAG,NAGARGALI,5,19.7,HWH → BSBP → KIG → CSTM → CCH → NAG,6
PMP,PIMPRI,5,19.7,HWH → BSBP → KIG → CSTM → CCH → PMP,6
AKRD,AKURDI,5,19.7,HWH → BSBP → KIG → CSTM → CCH → AKRD,9
APTA,APTA,5,19.7,HWH → BSBP → KIG → CSTM → HMRR → APTA,14
PEN,PEN,5,19.7,HWH → BSBP → KIG → CSTM → HMRR → PEN,15
LOL,LOLIEM,5,19.7,HWH → BSBP → KIG → CSTM → HMRR → LOL,6
KEY,KAGANKARAI,5,19.7,HWH → BSBP → MDKU → CJM → KHT → KEY,8
AKY,AKKURTI,5,19.7,HWH → BSBP → MDKU → CJM → KHT → AKY,5
FM,KACHEGUDA FALAKNUMA,5,19.7,HWH → BSBP → MDKU → KZJT → OEA → FM,11
KZJF,KAZIPET F CABIN,5,19.7,HWH → BSBP → MDKU → KZJT → KZJE → KZJF,4
KMPT,KOMATIPALLI,5,19.7,HWH → BSBP → MDKU → KZJT → KZJE → KMPT,4
IPG,IPPUGUDA,5,19.7,HWH → BSBP → MDKU → KZJT → NSKL → IPG,4
CD,CHANDRAPUR,5,19.7,HWH → BSBP → MDKU → INK → WL → CD,13
BMGA,BHIMGARA,5,19.7,HWH → BSBP → NALR → MBC → KMRJ → BMGA,7
BWPB,BHAWANIPUR BIHAR,5,19.7,HWH → BSBP → NALR → AMP → MFZ → BWPB,7
BKRD,BHALUKA ROAD F,5,19.7,HWH → BSBP → NALR → AMP → MFZ → BKRD,10
SNT,SAINTHIA,5,19.7,HWH → BSBP → NALR → AMP → BSLE → SNT,7
PRWS,PATTABIRAM WEST,5,19.7,HWH → BSBP → KIG → SSPN → MLPM → PRWS,6
AJJ,ARAKKONAM,5,19.7,HWH → BSBP → KIG → SSPN → MLPM → AJJ,14
CTRE,CHITTERI,5,19.7,HWH → BSBP → KIG → SSPN → MLPM → CTRE,10
GDE,GARLADINNE,5,19.7,HWH → BSBP → KIG → SSPN → ZPL → GDE,14
DMM,DHARMAVARAM JN,5,19.7,HWH → BSBP → KIG → SSPN → ZPL → DMM,18
KRNT,KURNOOL TOWN,5,19.7,HWH → BSBP → KIG → SSPN → ZPL → KRNT,10
IKI,ITKYALA,5,19.7,HWH → BSBP → KIG → SSPN → ZPL → IKI,6
ATP,ANANTAPUR,5,19.7,HWH → BSBP → KIG → SSPN → ZPL → ATP,17
BSPL,BASAMPALLE,5,19.7,HWH → BSBP → KIG → SSPN → KTCR → BSPL,6
ASP,ASPARI,5,19.7,HWH → BSBP → KIG → SSPN → NRYP → ASP,9
PKD,PENUKONDA,5,19.7,HWH → BSBP → KIG → SSPN → NRYP → PKD,18
VK,VIKHROLI,5,19.7,HWH → BSBP → KIG → CSTM → KJMG → VK,6
PCKM,PACHACHAKUPAM,5,19.7,HWH → KGY → CAP → WFD → DKN → PCKM,7
MLO,MALUR,5,19.7,HWH → KGY → CAP → WFD → DKN → MLO,5
CSDR,CHANNASANDRA,5,19.7,HWH → KGY → CAP → WFD → KJM → CSDR,8
VGM,VINNAMANGALAM,5,19.7,HWH → KGY → CAP → WFD → KJM → VGM,10
CMX,CHAMAGRAM,5,19.7,HWH → KGY → CAP → CAPC → MQG → CMX,6
HCR,HARISCHANDRPUR,5,19.7,HWH → KGY → CAP → CAPC → MQG → HCR,6
AVD,AVADI,5,19.7,HWH → BSBP → BOP → JER → AKAT → AVD,7
TVNL,TIRVNLNLUR ROAD,5,19.7,HWH → BSBP → BOP → JER → AKAT → TVNL,7
DEA,Diara,5,19.7,HWH → BSBP → BOP → BBAE → SHE → DEA,4
SRP,SERAMPORE,5,19.7,HWH → BSBP → BOP → BBAE → SHE → SRP,4
GPAE,GUPTIPARA,5,19.7,HWH → BSBP → BOP → BBAE → BHR → GPAE,5
MUU,MANKUNDU,5,19.7,HWH → BSBP → BOP → BBAE → BHR → MUU,4
RNI,RANGAPANI,5,19.7,HWH → BSBP → NALR → MBC → NJB → RNI,8
MDF,MURADI,5,19.7,HWH → BSBP → NALR → MBC → NGF → MDF,5
GZO,GAZOLE,5,19.7,HWH → BSBP → NALR → MBC → EKI → GZO,4
ADF,ADINA,5,19.7,HWH → BSBP → NALR → MBC → EKI → ADF,6
MER,METPANJRA,5,19.7,HWH → KGY → AJNI → SNI → BTBR → MER,10
DSNI,DAUSNI,5,19.7,HWH → KGY → AJNI → SNI → WIRR → DSNI,12
BG,BHONGIR,5,19.7,HWH → KGY → AJNI → SNI → WIRR → BG,8
PPZ,PEDDEMPET,5,19.7,HWH → KGY → AJNI → SNI → BOK → PPZ,12
VAR,VIDYANAGAR,5,19.7,HWH → KGY → AJNI → SNI → BOK → VAR,6
BAB,BABINA,5,19.7,HWH → KGY → AJNI → KRI → GDKP → BAB,10
SCI,SANCHI,5,19.7,HWH → KGY → AJNI → KRI → GDKP → SCI,9
NGZ,S K NAGJIHARI,5,19.7,HWH → KGY → AJNI → KRI → SEG → NGZ,8
BKTL,BAKTAL,5,19.7,HWH → KGY → AJNI → KRI → SAHL → BKTL,5
TKD,TUGLAKABAD,5,19.7,HWH → KGY → AJNI → KRI → SAHL → TKD,13
JM,JALAMB JN,5,19.7,HWH → KGY → AJNI → KRI → GMG → JM,10
PMS,PARMALKASA,5,19.7,HWH → KGY → AJNI → NGP → MUP → PMS,9
BLWD,BOLWAD,5,19.7,HWH → KGY → AJNI → NGP → GRMT → BLWD,8
FDN,FARIDABAD NEW TOWN,5,19.7,HWH → KGY → AJNI → NGP → GNQ → FDN,15
SNDI,SENDURAI,5,19.7,HWH → KGY → AJNI → NGP → GNQ → SNDI,9
PRR,PURULIA JN,5,19.7,HWH → KGY → ANCR → TPF → MLV → PRR,9
GTU,GHAT NANDUR,5,19.7,HWH → KGY → ANV → RVD → MRTY → GTU,6
PNF,PANGAON,5,19.7,HWH → KGY → ANV → RVD → MRTY → PNF,5
JHS,JHANSI JN,5,19.7,HWH → KGY → AJNI → CCD → BHS → JHS,16
SORI,SORAI,5,19.7,HWH → KGY → AJNI → CCD → HTN → SORI,14
AMLA,AMLA JN,5,19.7,HWH → KGY → AJNI → CCD → HTN → AMLA,13
TLZ,TALAVLI,5,19.7,HWH → KGY → AJNI → SNI → BCH → TLZ,8
PUO,PIR UMROD,5,19.7,HWH → KGY → AJNI → SNI → BCH → PUO,6
KONY,KISONI,5,19.7,HWH → KGY → AJNI → SNI → BCH → KONY,4
MEP,MAHIDPUR ROAD,5,19.7,HWH → KGY → AJNI → SNI → BIH → MEP,9
BQE,BAKANIAN BHAUNR,5,19.7,HWH → KGY → AJNI → SNI → BIH → BQE,8
BPL,BHOPAL JN,5,19.7,HWH → KGY → AJNI → SNI → BIH → BPL,12
SCKR,SALICHAUKA ROAD,5,19.7,HWH → KGY → AJNI → SNI → NRKR → SCKR,7
OBVP,OBULAVARIPALLI,5,19.7,HWH → KGY → AJNI → SNI → JTJ → OBVP,5
KOWN,KHOWANG,5,19.7,HWH → KGY → AJNI → SNI → JTJ → KOWN,3
SKPT,SOMANAYAKKANPTI,5,19.7,HWH → KGY → AJNI → SNI → JTJ → SKPT,11
TPT,TIRUPATTUR JN,5,19.7,HWH → KGY → AJNI → SNI → JTJ → TPT,9
BIF,BHAIRONPUR,5,19.7,HWH → KGY → KAOT → BSL → DSK → BIF,9
KHA,Khaigaon,5,19.7,HWH → KGY → KAOT → BSL → DSK → KHA,12
SAV,SAVDA,5,19.7,HWH → KGY → KAOT → BSL → DSK → SAV,5
TPM,TOTIYAPALAYAM,5,19.7,HWH → KGY → ANV → GNVR → PY → TPM,12
IGR,INGUR,5,19.7,HWH → KGY → ANV → GNVR → PY → IGR,8
CAF,Chanda Fort,5,19.7,HWH → KGY → ANV → GNVR → BUPH → CAF,4
MXT,MALAKPET KACHEGUDA,5,19.7,HWH → KGY → ANV → GNVR → WP → MXT,7
TAE,TADALI,5,19.7,HWH → KGY → ANV → GNVR → VSP → TAE,16
RCJ,RANYAL JASMIYA,5,19.7,HWH → KGY → ANV → YP → MKC → RCJ,4
CAZ,CHAUHANI,5,19.7,HWH → KGY → ANV → YP → MKC → CAZ,5
TAN,TARANA ROAD,5,19.7,HWH → KGY → ANV → YP → MKC → TAN,7
KXM,KITHAM,5,19.7,HWH → KGY → ANV → YP → CHJ → KXM,12
SMBJ,SHRI MAHABIRJI,5,19.7,HWH → KGY → ANV → YP → CHJ → SMBJ,10
KSV,KOSI KALAN,5,19.7,HWH → KGY → ANV → YP → CHJ → KSV,13
KSNG,KESINGA,5,19.7,HWH → KGY → ANV → DWP → TIG → KSNG,5
SFK,SIKIR,5,19.7,HWH → KGY → ANV → DWP → TIG → SFK,6
AMC,Amritapura,5,19.7,HWH → KGY → KAOT → BSL → JRU → AMC,6
CKVD,Chikkandawadi,5,19.7,HWH → KGY → KAOT → BSL → JRU → CKVD,4
HVL,HONNAVALLI ROAD,5,19.7,HWH → KGY → KAOT → BSL → JRU → HVL,8
MYK,MAYAKONDA,5,19.7,HWH → KGY → KAOT → BSL → JRU → MYK,7
SPGR,SAMPIGE ROAD,5,19.7,HWH → KGY → KAOT → BSL → JRU → SPGR,8
SLU,SASALU,5,19.7,HWH → KGY → KAOT → BSL → JRU → SLU,11
HLK,HOLALKERE,5,19.7,HWH → KGY → KAOT → BSL → JRU → HLK,6
SXA,SAGPHATA,5,19.7,HWH → KGY → KAOT → BSL → BSBN → SXA,10
KZW,KATAR SINGHWALA,5,19.7,HWH → KGY → KAOT → BSL → MAUR → KZW,6
MASK,MAISAR KHANA,5,19.7,HWH → KGY → KAOT → BSL → MAUR → MASK,10
KTKL,KOTLI KALAN,5,19.7,HWH → KGY → KAOT → BSL → MAUR → KTKL,5
SSZ,SADDA SINGHWALA,5,19.7,HWH → KGY → KAOT → BSL → MAUR → SSZ,5
SS,SHIRSOLI,5,19.7,HWH → KGY → KAOT → BSL → BDI → SS,9
SHAD,SHAHAD,5,19.7,HWH → KGY → KAOT → BSL → BDI → SHAD,10
TRW,TARSOD,5,19.7,HWH → KGY → KAOT → BSL → BDI → TRW,9
CDI,CHANDNI,5,19.7,HWH → KGY → KAOT → BSL → DSK → CDI,10
TJP,TAJPUR,5,19.7,HWH → KGY → PVD → TVT → PYA → TJP,7
SRGM,SRIRANGAM,5,19.7,HWH → KGY → PVD → TVT → ICG → SRGM,7
PNDM,PENNADAM,5,19.7,HWH → KGY → PVD → TVT → ICG → PNDM,6
MTUR,MATHUR,5,19.7,HWH → KGY → PVD → TVT → ICG → MTUR,8
TO,TIRUVALANGADU,5,19.7,HWH → KGY → PVD → TVT → MSU → TO,5
SKL,SINGAPERUMAL KOIL,5,19.7,HWH → KGY → PVD → TVT → VOC → SKL,6
PLMG,PULIYAMANGALAM,5,19.7,HWH → KGY → PVD → TVT → VOC → PLMG,6
BYS,BARSALI,5,19.7,HWH → KGY → PVD → TVT → WCN → BYS,9
SNO,SOMANUR,5,19.7,HWH → KGY → PVD → CLVR → VNJ → SNO,9
ASE,ASAUDAH,5,19.7,HWH → KGY → ROB → PKE → GHE → ASE,8
MQC,MUNDKA,5,19.7,HWH → KGY → ROB → PKE → GHE → MQC,5
BGZ,BAHADURGARH,5,19.7,HWH → KGY → ROB → PKE → GHE → BGZ,7
DNZ,Dhanori,5,19.7,HWH → KGY → KAOT → PLO → VUL → DNZ,4
LKD,LAKODARA,5,19.7,HWH → KGY → KAOT → BSL → USD → LKD,11
DSD,DOSVADA,5,19.7,HWH → KGY → KAOT → BSL → USD → DSD,8
LKKD,LAKKADKOT,5,19.7,HWH → KGY → KAOT → BSL → USD → LKKD,5
LSX,LOISINGHA,5,19.7,HWH → SLRA → JSGR → BXQ → GBQ → LSX,7
ATS,ATTABIRA,5,19.7,HWH → SLRA → JSGR → BXQ → GBQ → ATS,5
BRGA,BARGARH ROAD,5,19.7,HWH → SLRA → JSGR → BXQ → LPG → BRGA,5
SGLM,SENGULAM,5,19.7,HWH → KGY → BMD → CVV → SER → SGLM,6
SDN,SHOLAVANDAN,5,19.7,HWH → KGY → BMD → CVV → SER → SDN,12
KON,KUDALNAGAR,5,19.7,HWH → KGY → BMD → CVV → SER → KON,10
HPG,HUPPUGUDA,5,19.7,HWH → KGY → BMD → CVV → KOLR → HPG,7
GDP,GUDUPULLI,5,19.7,HWH → KGY → BMD → CVV → SDM → GDP,8
PUT,PUTTUR,5,19.7,HWH → KGY → BMD → CVV → SDM → PUT,5
MLDT,MALDA TOWN,5,19.7,HWH → KGY → VKD → KOJ → OMLF → MLDT,6
PORA,PORA,5,19.7,HWH → KGY → VKD → BLDA → KLA → PORA,9
SOM,SOMNA,5,19.7,HWH → KGY → VKD → BLDA → KLA → SOM,6
MWUE,MAHRAWAL,5,19.7,HWH → KGY → VKD → BLDA → KLA → MWUE,8
GP,RAJ GANGPUR,5,19.7,HWH → KGY → NMP → BEH → KXN → GP,6
HDM,Hirdamali,5,19.7,HWH → KGY → SKS → DNL → G → HDM,4
COA,Kakinada Port,5,19.7,HWH → KGY → PVD → SLO → CCT → COA,2
EVA,EDAVAI,5,19.7,HWH → DNHL → BMAE → ERN → IPL → EVA,8
KLMR,KALAMASSERY,5,19.7,HWH → DNHL → BMAE → ERN → IPL → KLMR,15
AZR,AZAMNAGAR ROAD,5,19.7,HWH → DNHL → BMAE → MSAE → BPAE → AZR,8
PVP,PARVATIPURAM,5,19.7,HWH → SLRA → SNRL → MNGD → GRBL → PVP,6
RJB,RAJABERA,5,19.7,HWH → SLRA → SNRL → MNGD → BMCK → RJB,6
AMB,AMBODALA,5,19.7,HWH → SLRA → SNRL → MNGD → DKLU → AMB,4
MVF,MANABAR,5,19.7,HWH → SLRA → SNRL → KRPB → KRPC → MVF,6
RNL,RANALA,5,19.7,HWH → SLRA → SNRL → MQJ → KMX → RNL,8
GPI,GAJAPATINAGARAM,5,19.7,HWH → SLRA → SNRL → MQJ → KMX → GPI,8
DNV,DONKINAVALASA,5,19.7,HWH → SLRA → SNRL → MQJ → KMX → DNV,4
SRGP,SARAGIPALLI,5,19.7,HWH → SLRA → SBPD → RAIR → BAMR → SRGP,4
DLWS,DLWS,5,19.7,HWH → SLRA → SBPD → SBP → BBRM → DLWS,2
JRPD,JARAPADA,5,19.7,HWH → SLRA → SBPD → ANGL → KPJG → JRPD,5
JGX,JARIAGARH,5,19.7,HWH → SLRA → JSGR → JSG → BNGO → JGX,10
SGRD,SULGARE,5,19.7,HWH → SLRA → JSGR → JSG → IB → SGRD,6
IBH5,IBH5,5,19.7,HWH → SLRA → JSGR → LATI → IBH4 → IBH5,4
KVN,KAVANUR,5,19.7,HWH → DNHL → BMAE → KPD → LTI → KVN,11
DC,MAGUDANCHAVADI,5,19.7,HWH → DNHL → BMAE → KPD → LTI → DC,14
VJ,VIRINCHIPURAM,5,19.7,HWH → DNHL → BMAE → KPD → LTI → VJ,15
PLPM,PALAPPURAM,5,19.7,HWH → DNHL → BMAE → ERN → AFK → PLPM,7
KAVR,KALAVUR HALT,5,19.7,HWH → DNHL → BMAE → ERN → AFK → KAVR,7
CWR,CHOVVARA,5,19.7,HWH → DNHL → BMAE → ERN → AFK → CWR,12
JGE,JAGANNATH TEMPLE GATE,5,19.7,HWH → DNHL → BMAE → ERN → TLY → JGE,6
DMD,DHARMADAM,5,19.7,HWH → DNHL → BMAE → ERN → TLY → DMD,4
BTJL,BHATKAL,5,19.7,HWH → DNHL → BMAE → ERN → WKI → BTJL,10
SRR,SHORANUR JN,5,19.7,HWH → DNHL → BMAE → ERN → WKI → SRR,15
AMLR,AMALA NAGAR,5,19.7,HWH → DNHL → BMAE → ERN → PNQ → AMLR,4
MNDV,MANDAWARIYA,5,19.7,HWH → DNHL → BMAE → ERN → PNQ → MNDV,9
MUC,MULLURKARA,5,19.7,HWH → DNHL → BMAE → ERN → PNQ → MUC,10
KPY,KARUNAGAPALLI,5,19.7,HWH → DNHL → BMAE → ERN → PNQ → KPY,12
PGZ,PERUNGUZHI,5,19.7,HWH → DNHL → BMAE → ERN → TRTR → PGZ,14
KFE,KURIKAD,5,19.7,HWH → DNHL → BMAE → ERN → TRTR → KFE,5
CHNR,CHHAN ARORIAN,5,19.7,HWH → DNHL → JAT → BBMN → VJPJ → CHNR,10
MFJ,Muftiganj,5,19.7,HWH → DNHL → JPQ → NBAE → JNU → MFJ,8
YDV,Yadvendranagar,5,19.7,HWH → DNHL → JPQ → NBAE → JNU → YDV,4
BTP,BABATPUR,5,19.7,HWH → DNHL → JPQ → NBAE → JNU → BTP,6
KKL,KALA BAKRA,5,19.7,HWH → DNHL → JPQ → NBAE → JNU → KKL,6
KS,KHETA SARAI,5,19.7,HWH → DNHL → JPQ → NBAE → JNU → KS,11
MGWN,MAHGAWAN HALT,5,19.7,HWH → DNHL → JPQ → NBAE → JNU → MGWN,8
NEA,NEYKKARAPATTI,5,19.7,HWH → DNHL → BMAE → KPD → VRPD → NEA,10
VLR,VELLORE CANT,5,19.7,HWH → DNHL → BMAE → KPD → VT → VLR,4
BVAC,BVAC,5,19.7,HWH → DNHL → BMAE → KPD → SBC → BVAC,3
KGI,KENGERI,5,19.7,HWH → DNHL → BMAE → KPD → SBC → KGI,6
NYH,NAYANDAHALLI,5,19.7,HWH → DNHL → BMAE → KPD → SBC → NYH,7
LIM,SONALIUM,5,19.7,HWH → DNHL → BMAE → KPD → SBC → LIM,9
PU,PATCHUR,5,19.7,HWH → DNHL → BMAE → KPD → MAR → PU,13
TRL,TIRUVALLUR,5,19.7,HWH → DNHL → BMAE → KPD → SVUR → TRL,6
THL,TIRUVALAM,5,19.7,HWH → DNHL → BMAE → KPD → SVUR → THL,8
BJUP,BJUP,5,19.7,HWH → DNHL → JAT → BJU → GHX → BJUP,12
YY-BJUC,YY-BJUC,5,19.7,HWH → DNHL → JAT → BJU → GHX → YY-BJUC,8
MNVL,MNVL,5,19.7,HWH → DNHL → JAT → BLA → SGRR → MNVL,4
MNWL,MANWAL,5,19.7,HWH → DNHL → JAT → BLA → SGRR → MNWL,4
BASN,BHAINSWAN,5,19.7,HWH → DNHL → JAT → BBMN → JIND → BASN,6
KURN,KHUKRANA,5,19.7,HWH → DNHL → JAT → BBMN → JIND → KURN,6
SRDH,SARSADH,5,19.7,HWH → DNHL → JAT → BBMN → JIND → SRDH,3
JCY,JIND CITY,5,19.7,HWH → DNHL → JAT → BBMN → JIND → JCY,4
BSPH,BISHANPUR HARYANA,5,19.7,HWH → DNHL → JAT → BBMN → JIND → BSPH,10
GSB,GARNA SAHIB,5,19.7,HWH → DNHL → JAT → BBMN → HRNR → GSB,10
CKDL,CHAKDAYALA,5,19.7,HWH → DNHL → JAT → BBMN → HRNR → CKDL,9
DZA,DASUYA,5,19.7,HWH → DNHL → JAT → BBMN → CHKB → DZA,7
CEU,CHIHERU,5,19.7,HWH → DNHL → JAT → BBMN → CHKB → CEU,19
UMB,AMBALA CANT JN,5,19.7,HWH → DNHL → JAT → BBMN → CHKB → UMB,19
KNDI,KANDRORI,5,19.7,HWH → DNHL → JAT → BBMN → CHKB → KNDI,14
BHRL,BHAROLI JUNCTION,5,19.7,HWH → DNHL → JAT → BBMN → CHKB → BHRL,10
AQX,AQX,5,19.7,HWH → DNHL → JAT → GCAB → VADR → AQX,7
CHJC,CHITODA,5,19.7,HWH → DNHL → JAT → GCAB → VADR → CHJC,4
HCAB,BMY H CABIN,5,19.7,HWH → DNHL → JAT → GCAB → CCAB → HCAB,8
STN,SITARAMPUR,5,19.7,HWH → DNHL → JAT → BJU → MKA → STN,11
SIVN,SIVNAR HALT,5,19.7,HWH → DNHL → JAT → BJU → MKA → SIVN,7
PSR,PASRAHA,5,19.7,HWH → DNHL → JAT → BJU → MKA → PSR,18
DURE,DUMRAON,5,19.7,HWH → DNHL → JAT → BJU → MKA → DURE,11
HTZU,HATHIDAH UPPER,5,19.7,HWH → DNHL → JAT → BJU → RJO → HTZU,11
ANAH,AUNTA HALT,5,19.7,HWH → DNHL → JAT → BJU → RJO → ANAH,11
BEHT,BIHAT HALT,5,19.7,HWH → DNHL → JAT → BJU → TIL → BEHT,6
BGS,BEGU SARAI,5,19.7,HWH → DNHL → JAT → BJU → TIL → BGS,7
FAH,FATEHA HALT,5,19.7,HWH → DNHL → JAT → BJU → BUJ → FAH,6
BTPH,CHAKIA THERMAL HALT,5,19.7,HWH → DNHL → JAT → BJU → BUJ → BTPH,20
MPNH,MAJNUPUR NAWADA,5,19.7,HWH → DNHL → JAT → BJU → BUJ → MPNH,7
KOO,KHUSROPUR,5,19.7,HWH → DNHL → JAT → BJU → TGA → KOO,12
KTRH,KATAREAH,5,19.7,HWH → DNHL → JAT → BJU → GHX → KTRH,15
MLYA,Maliya,5,19.7,HWH → DNHL → CHC → KQU → NKL → MLYA,4
SSM,SASARAM,5,19.7,HWH → DNHL → CHC → KQU → KWD → SSM,8
JPE,JALPAIGURI ROAD,5,19.7,HWH → DNHL → CHC → PRAE → RQJ → JPE,6
MOP,MOHITNAGAR,5,19.7,HWH → DNHL → CHC → PRAE → RQJ → MOP,4
PMYA,PARMINIYA HALT,5,19.7,HWH → DNHL → CHC → PRAE → ASR → PMYA,5
VKA,Verka Junction,5,19.7,HWH → DNHL → CHC → PRAE → ASR → VKA,4
CIA,CHHEHARTA,5,19.7,HWH → DNHL → CHC → PRAE → ASR → CIA,4
MOW,MANANWALA,5,19.7,HWH → DNHL → CHC → PRAE → ASR → MOW,7
JJT,JAI JAI WANTI,5,19.7,HWH → DNHL → JAT → BZO → UCA → JJT,8
BTTN,BHATIAN,5,19.7,HWH → DNHL → JAT → GHGL → BNGL → BTTN,22
MEX,MUKERIAN,5,19.7,HWH → DNHL → JAT → GHGL → BNGL → MEX,9
CKKN,CHAK KALAN,5,19.7,HWH → DNHL → JAT → GHGL → BNGL → CKKN,8
GRY,GORAYA,5,19.7,HWH → DNHL → JAT → GHGL → SMBX → GRY,19
AMLX,AMLX,5,19.7,HWH → DNHL → JAT → GCAB → MGRD → AMLX,4
POX,POLA-PATTHAR,5,19.7,HWH → DNHL → JAT → GCAB → MGRD → POX,4
XX-BDXO,XX-BDXO,5,19.7,HWH → DNHL → JAT → GCAB → VADR → XX-BDXO,4
BHTR,BHATPAR RANI,5,19.7,HWH → DNHL → NLV → BJF → GB → BHTR,6
KFA,KOPARIA,5,19.7,HWH → DNHL → NLV → BJF → GB → KFA,6
BALR,BAITALPUR,5,19.7,HWH → DNHL → NLV → BJF → GB → BALR,8
CC,CHAURI CHAURA,5,19.7,HWH → DNHL → NLV → BJF → GB → CC,10
SRI,SALMARI,5,19.7,HWH → DNHL → AGT → DLDE → MFA → SRI,7
JMK,JAMUNAMUKH,5,19.7,HWH → DNHL → AGT → DLDE → DMV → JMK,7
BFD,BORHAT,5,19.7,HWH → DNHL → AGT → DLDE → TTB → BFD,8
KIN,Kapasan,5,19.7,HWH → DNHL → AGT → CGS → BXR → KIN,5
PSRY,PASHWASHRAYA,5,19.7,HWH → DNHL → CHC → HWR → THED → PSRY,6
SJGM,SANJAY GRAM,5,19.7,HWH → DNHL → CHC → HWR → THED → SJGM,12
SN,Sukna,5,19.7,HWH → DNHL → CHC → HWR → SGUJ → SN,2
KHKT,KHOTKHOTI,5,19.7,HWH → DNHL → CHC → HWR → SGUJ → KHKT,10
GLMA,GULMA,5,19.7,HWH → DNHL → CHC → HWR → SGUJ → GLMA,8
SGUT,SILIGURU TOWN,5,19.7,HWH → DNHL → CHC → HWR → SGUJ → SGUT,6
BDT,BORDUBI ROAD,5,19.7,HWH → DNHL → CHC → HWR → KKA → BDT,7
NSF,Nasibpur,5,19.7,HWH → DNHL → CHC → KQU → SIU → NSF,4
NRX,NOADAR DHAL,5,19.7,HWH → DNHL → KAN → JTL → BPS → NRX,4
MTDI,MALTEKDI,5,19.7,HWH → DNHL → KAN → PWS → PNBE → MTDI,9
PRBZ,Parsa Bazar,5,19.7,HWH → DNHL → KAN → PWS → PNBE → PRBZ,6
NEO,NEORA,5,19.7,HWH → DNHL → KAN → PWS → DNR → NEO,8
PSE,PUSAULI,5,19.7,HWH → DNHL → KAN → KVD → KTQ → PSE,4
VDS,VIDYASAGAR,5,19.7,HWH → DNHL → KAN → GLI → PAJ → VDS,6
RBH,RAJBANDH,5,19.7,HWH → DNHL → KAN → GLI → PAJ → RBH,9
MNAE,MANKAR,5,19.7,HWH → DNHL → KAN → GLI → PAJ → MNAE,6
KDX,KADABARI HAT,5,19.7,HWH → DNHL → BNGN → GMZ → IKC → KDX,4
DHNA,Dhachna,5,19.7,HWH → DNHL → BNGN → DMZ → BOE → DHNA,4
KHMP,KHEMPUR,5,19.7,HWH → DNHL → BNGN → DMZ → BOE → KHMP,8
KCA,KUCHMAN,5,19.7,HWH → DNHL → BNGN → DMZ → MGS → KCA,14
GAQ,GANJ KHAWAJA,5,19.7,HWH → DNHL → BNGN → DMZ → MGS → GAQ,6
NMX,NEW MAYNAGURI,5,19.7,HWH → DNHL → BNGN → FLK → DQG → NMX,8
KLGR,KHALAIGRAM,5,19.7,HWH → DNHL → BNGN → FLK → SXX → KLGR,8
KHM,KUSMHI,5,19.7,HWH → DNHL → NLV → BJF → GB → KHM,9
MTUJ,MTUJ,5,19.7,HWH → ADST → BDC → KOAA → BTRO → MTUJ,1
SNIE,SATH NARAINI,5,19.7,HWH → ADST → MUG → TLO → ARW → SNIE,8
BMW,Bamhni,5,19.7,HWH → DNHL → CDAE → ITR → KUHI → BMW,4
KPKD,Khapri Kheda,5,19.7,HWH → DNHL → CDAE → ITR → KRDH → KPKD,4
SNYN,SONIYANA,5,19.7,HWH → DNHL → CDAE → CNA → GGR → SNYN,4
PSLI,Parsoli,5,19.7,HWH → DNHL → CDAE → CNA → BSSL → PSLI,4
GSD,Ghosunda,5,19.7,HWH → DNHL → CDAE → CNA → COR → GSD,5
ORDI,ORDI,5,19.7,HWH → DNHL → CDAE → CNA → COR → ORDI,4
BRR,BARAKAR,5,19.7,HWH → DNHL → KAN → MMU → KMME → BRR,4
SHDM,SHAHBAD MARKNDA,5,19.7,HWH → DNHL → KAN → CAR → SKGH → SHDM,8
LUSA,LUSA,5,19.7,HWH → DNHL → KAN → CAR → SKGH → LUSA,7
PRE,PAHARA,5,19.7,HWH → DNHL → KAN → CAR → DAP → PRE,9
MRR,MURARAI,5,19.7,HWH → DNHL → KAN → SDLE → CTR → MRR,4
TKP,Takipur,5,19.7,HWH → DNHL → KAN → SDLE → NHT → TKP,4
POL,PINJRAPOL,5,19.7,HWH → DNHL → KAN → INCI → DCOP → POL,6
GKH,GUSKARA,5,19.7,HWH → DNHL → KAN → JTL → BPS → GKH,6
HOD,HALDITA BIHAR,5,19.7,HWH → ADST → BDC → KOAA → SMH → HOD,6
FBG,FORBESGANJ,5,19.7,HWH → ADST → BDC → KOAA → SMH → FBG,8
SATR,SATR HALT,5,19.7,HWH → ADST → BDC → KOAA → SMH → SATR,4
RIGA,RIGA,5,19.7,HWH → ADST → BDC → KOAA → SMI → RIGA,8
TNNH,TAPASWINARAYAN NAGAR HALT,5,19.7,HWH → ADST → BDC → KOAA → SMI → TNNH,4
BHSA,BHISA HALT,5,19.7,HWH → ADST → BDC → KOAA → SMI → BHSA,4
MDG,MANDAL GHAT,5,19.7,HWH → ADST → BDC → KOAA → KSBI → MDG,4
HMR,HAMIRA,5,19.7,HWH → ADST → BDC → KOAA → RYM → HMR,6
DIW,DHILWAN,5,19.7,HWH → ADST → BDC → KOAA → RYM → DIW,6
BBSL,BABA SODHAL NAGAR,5,19.7,HWH → ADST → BDC → KOAA → RYM → BBSL,8
CTLI,CHATOULI,5,19.7,HWH → ADST → BDC → KOAA → BNLY → CTLI,4
BGP,BHAGALPUR,5,19.7,HWH → ADST → BDC → KOAA → ASN → BGP,13
BCQ,BARACHAK,5,19.7,HWH → ADST → BDC → KOAA → ASN → BCQ,7
BURN,BURNPUR,5,19.7,HWH → ADST → BDC → KOAA → ASN → BURN,4
BSA,BHAINSA,5,19.7,HWH → ADST → BDC → KOAA → BTRO → BSA,4
GRAK,GARKHA,5,19.7,HWH → ADST → BDC → KOAA → BTRO → GRAK,6
NHK,NAHARKATIYA,5,19.7,HWH → CKW → LHL → CHB → BTZ → NHK,9
NAM,NAMRUP,5,19.7,HWH → CKW → LHL → CHB → BTZ → NAM,7
BGF,BAGILA,5,19.7,HWH → ADST → SLG → BCGM → DBP → BGF,5
MYM,MEMARI,5,19.7,HWH → ADST → SLG → BCGM → BOI → MYM,5
KNT,KANTH,5,19.7,HWH → ADST → BDC → HGY → MOR → KNT,5
BHAD,BARHAPUR HALT,5,19.7,HWH → ADST → BDC → HGY → MOR → BHAD,6
MSK,MAHES KHUNT,5,19.7,HWH → ADST → BDC → HGY → MOR → MSK,16
CGR,CHANDAN NAGAR,5,19.7,HWH → ADST → BDC → HGY → CNS → CGR,4
NFKN,NFKN,5,19.7,HWH → ADST → BDC → KOAA → NFKB → NFKN,7
DDX,DHAMDHAMIA,5,19.7,HWH → ADST → BDC → KOAA → NFKB → DDX,9
PQD,PRANPUR ROAD,5,19.7,HWH → ADST → BDC → KOAA → NFKB → PQD,10
BAHN,BABHABGAON HALT,5,19.7,HWH → ADST → BDC → KOAA → NFKB → BAHN,14
BDLC,BONIDANGA LINK CABIN,5,19.7,HWH → ADST → BDC → KOAA → NFKB → BDLC,8
NFKS,NFKS,5,19.7,HWH → ADST → BDC → KOAA → NFKB → NFKS,6
ARR,ARARIYA,5,19.7,HWH → ADST → BDC → KOAA → SMH → ARR,6
GPE,GOGIPOTHIA HALT,5,19.7,HWH → ADST → BDC → KOAA → SMH → GPE,6
MMLN,MAHUAMILAN,5,19.7,HWH → MURI → BLNG → WDM → NUQ → MMLN,6
RMF,RAMNA,5,19.7,HWH → MURI → BLNG → WDM → NUQ → RMF,5
PIS,Piska,5,19.7,HWH → MURI → SLF → RNC → AOR → PIS,4
SZY,Silak Jhori,5,19.7,HWH → JDB → TPQ → BDXX → DMK → SZY,2
KPRR,KOTAPAR ROAD,5,19.7,HWH → JDB → NKX → AGZ → AGB → KPRR,4
GVR,GORESUAR,5,19.7,HWH → CKW → DKM → RNY → KYO → GVR,4
SLX,SELENG HAT,5,19.7,HWH → CKW → DKM → MUGN → LH → SLX,13
NMT,NAMTIALI,5,19.7,HWH → CKW → DKM → MUGN → LXA → NMT,12
DSX,DESANG,5,19.7,HWH → CKW → TSKG → SPGN → MEG → DSX,4
LMGS,LUMDING SOUTH,5,19.7,HWH → CKW → TSKG → SPGN → MEG → LMGS,8
MRHT,MORANHAT,5,19.7,HWH → CKW → LHL → DBRG → DMGN → MRHT,6
SRTN,SIBSAGAR TOWN,5,19.7,HWH → CKW → LHL → DBRG → DMGN → SRTN,7
CGF,CHARALI,5,19.7,HWH → CKW → LHL → CHB → NTSK → CGF,6
TSK,Tinsukia Junction,5,19.7,HWH → CKW → LHL → CHB → NTSK → TSK,4
HNC,HINDAN CABIN,5,19.7,HWH → CKW → LHL → CHB → SLGR → HNC,11
SFR,SAFRAI,5,19.7,HWH → CKW → LHL → CHB → SLGR → SFR,12
JLR,JETALSAR JN,5,19.7,HWH → GTS → GUD → VKH → DDE → JLR,9
TRS,TARSARAI,5,19.7,HWH → MGPI → SPRN → BLRI → SSNS → TRS,8
RRME,RANCHI ROAD,5,19.7,HWH → KWKC → BLRG → HTE → BRKA → RRME,6
BHKD,BHURKUNDA,5,19.7,HWH → KWKC → BLRG → HTE → BRKA → BHKD,4
ARGD,ARIGADA,5,19.7,HWH → KWKC → BLRG → HTE → BRKA → ARGD,4
PKC,PAKRA,5,19.7,HWH → KWKC → BLRG → HTE → PKF → PKC,6
BKPR,BAKASPUR,5,19.7,HWH → KWKC → BLRG → HTE → PKF → BKPR,8
MAZ,MANGRA,5,19.7,HWH → KWKC → JON → KOLE → HHG → MAZ,6
KMHT,KARMAHAT,5,19.7,HWH → KWKC → JON → KOLE → BKAC → KMHT,6
DIWR,DIWR,5,19.7,HWH → KWKC → JON → KOLE → BKAC → DIWR,4
TATI,TATI,5,19.7,HWH → MURI → ROU → ORGA → PBB → TATI,6
KNRN,KANAROAN,5,19.7,HWH → MURI → ROU → NXN → BANO → KNRN,8
MCZ,MAHABUANG,5,19.7,HWH → MURI → ROU → NXN → BANO → MCZ,6
BLGR,BALANGIR,5,19.7,HWH → MURI → ROU → NXN → BNRD → BLGR,6
BRBR,BARBERA,5,19.7,HWH → MURI → ROU → NXN → BSPK → BRBR,8
KJKD,KANJIKODE,5,19.7,HWH → MURI → ROU → ERSC → KTKU → KJKD,9
GQLN,GURLA N,5,19.7,HWH → TPKR → DSNR → BWN → BDYK → GQLN,7
BNWS,BHANWASA,5,19.7,HWH → TPKR → DSNR → BWN → BDYK → BNWS,8
CPNL,KANPUR C PANEL,5,19.7,HWH → TPKR → DSNR → BWN → BDYK → CPNL,14
KKU,KANAKPURA,5,19.7,HWH → TPKR → DSNR → BWN → BDYK → KKU,12
DNK,DHANAKYA,5,19.7,HWH → TPKR → DSNR → BWN → BDYK → DNK,14
VYN,VYASNAGAR,5,19.7,HWH → TPKR → DSNR → BWN → GRP → VYN,16
KIT,KHALLIKOT,5,19.7,HWH → TPKR → DSNR → GBRA → JOX → KIT,15
NAZJ,NAZIRGANJ,5,19.7,HWH → MGPI → SPRN → BLRI → UJP → NAZJ,9
DOL,DHOLI,5,19.7,HWH → MGPI → SPRN → BLRI → SPJ → DOL,6
DSS,DALSINGH SARAI,5,19.7,HWH → MGPI → SPRN → BLRI → SPJ → DSS,11
BGDS,BHAGWANPUR DESU,5,19.7,HWH → MGPI → SPRN → BLRI → SPJ → BGDS,4
VXD,VADOD,5,19.7,HWH → GTS → GUD → VKH → KSE → VXD,9
KIM,KIM,5,19.7,HWH → GTS → GUD → VKH → KSE → KIM,10
UTD,UTARSANDA,5,19.7,HWH → GTS → GUD → VKH → KSE → UTD,13
SAH,SAPHALE,5,19.7,HWH → GTS → GUD → VKH → KSE → SAH,14
GGAR,GANGADHARA,5,19.7,HWH → GTS → GUD → VKH → BRTK → GGAR,7
