station_code,station_name,longitude,latitude,zone,state,total_connections,in_degree,out_degree,degree_centrality
BDHL,Badhal,75.4516454,27.2520587,NWR,Rajasthan,6,3,3,0.0006674824785849371
KHH,KICHHA,79.519746,28.913427000000002,NER,Uttar Pradesh,4,2,2,0.00044498831905662476
SRKN,Sherekan,74.43499088287354,29.55519806064484,NWR,Rajasthan,5,2,3,0.000556235398820781
BKKA,Bhukarka,74.75103096105158,29.238227312503696,NWR,Rajasthan,2,1,1,0.00022249415952831238
NHR,Nohar,74.77362781763077,29.192562738768984,NWR,Rajasthan,5,3,2,0.000556235398820781
PRGD,Perungudi,80.231363,12.975217,SR,Tamil Nadu,4,2,2,0.00044498831905662476
KNNA,Khinaniyan,74.7179570607841,29.345637263205944,NWR,Haryana,6,3,3,0.0006674824785849371
JKR,JAULKHERA,78.216684,21.838466,,,11,5,6,0.001223717877405718
BYS,BARSALI,78.03136099999999,21.909813,,,9,4,5,0.0010012237178774058
GW,GIRWAR,78.936311,23.838185999999997,,,6,3,3,0.0006674824785849371
DGD,DANGIDHAR,79.019912,23.871771000000003,,,5,3,2,0.000556235398820781
DOD,DHODHAR,75.10354600000001,23.770740999999997,WR,Madhya Pradesh,4,2,2,0.00044498831905662476
GAJ,GANESHGANJ,79.074633,23.895862,,,4,2,2,0.00044498831905662476
JNM,Jayanagar Majilpur Halt,88.415324,22.168635,ER,West Bengal,4,2,2,0.00044498831905662476
NSD,NASIRABAD,74.71699100000001,26.294459999999997,NWR,Rajasthan,4,2,2,0.00044498831905662476
PHA,PATHARIA,79.192899,23.905726,,,5,2,3,0.000556235398820781
NZB,NIZAMABAD,78.103238,18.679164999999998,SCR,Andhra Pradesh,5,2,3,0.000556235398820781
RJO,RAJENDRA PUL,86.01054599999999,25.387446999999998,,,15,8,7,0.0016687061964623428
ADT,ADUTURAI,79.478668,11.009165,SR,Tamil Nadu,8,4,4,0.0008899766381132495
KMU,KUMBAKONAM,79.388644,10.952962,SR,Tamil Nadu,8,4,4,0.0008899766381132495
MNM,MANAMADURAI JN,78.45351,9.681538999999999,SR,Tamil Nadu,6,3,3,0.0006674824785849371
GKP,GORAKHPUR JN,83.381499,26.759311,,,22,12,10,0.002447435754811436
VRM,VARNAMA,73.16928300000001,22.184274000000002,,,10,5,5,0.001112470797641562
GKC,GORAKHPUR CANT,83.416821,26.750649,,,13,6,7,0.0014462120369340306
ITA,ITOLA,73.156746,22.149889,,,12,6,6,0.0013349649571698743
BTU,BARAUT,77.273006,29.09692,NR,Uttar Pradesh,4,2,2,0.00044498831905662476
MOGA,Moga,75.16846699999999,30.817296,NR,Punjab,4,2,2,0.00044498831905662476
SIOB,SAMAKHIALI JN,70.503394,23.309819,,,8,4,4,0.0008899766381132495
RDK,Rasheedpura Khori,75.087121,27.713786000000002,NWR,Rajasthan,4,2,2,0.00044498831905662476
PVD,PEDDAVADIAPUDI,80.612645,16.414205000000003,,,14,8,6,0.0015574591166981867
YLM,ELLAMANCHILI,82.85262,17.553652000000003,,,11,6,5,0.001223717877405718
CHPT,Chatrappatti,77.655113,10.476970999999999,,,0,0,0,0.0
JLD,JARWAL ROAD,81.540406,27.120389,,,6,4,2,0.0006674824785849371
BRJN,BRAJRAJNAGAR,83.923653,21.822718000000002,,,8,3,5,0.0008899766381132495
CLJ,COLONELGANJ,81.69417800000001,27.137698,,,7,4,3,0.0007787295583490933
KTHL,KATHOLA,81.8556626477,27.1465555756,,,9,4,5,0.0010012237178774058
MND,MUNDERWA,82.903373,26.776435,,,13,6,7,0.0014462120369340306
SNSI,SAINAGAR SHIRDI,74.4806877,19.780792299999998,CR,Maharashtra,4,2,2,0.00044498831905662476
DLJ,DHOLA JN,71.738273,21.822549000000002,WR,Gujarat,10,5,5,0.001112470797641562
PGW,PHAGWARA JN,75.7655019775,31.217555749800002,,,14,7,7,0.0015574591166981867
JUP,Jhunpa,75.521553,28.777449,?,Rajasthan,4,2,2,0.00044498831905662476
JSG,JHARSUGUDA JN,84.017427,21.862274,,,17,10,7,0.0018912003559906554
KYW,KARCHHUE,84.20715351199999,26.2311244405,,,8,4,4,0.0008899766381132495
MHRN,MAHENDRANATH,84.509909,26.000739,,,5,3,2,0.000556235398820781
TKVR,TAPPA KHAJURIAY,84.688889,25.807401000000002,,,8,4,4,0.0008899766381132495
DPI,DODDAMPATTI,78.42225009,12.18134581,,,10,4,6,0.001112470797641562
AQG,ASHAPURA GOMAT,71.892665,26.950232,NWR,Rajasthan,5,3,2,0.000556235398820781
NEA,NEYKKARAPATTI,78.09669699999999,11.612765,,,10,3,7,0.001112470797641562
GRL,GORAUL,85.318477,25.931048999999998,,,10,4,6,0.001112470797641562
KHI,KURHANI,85.339288,25.979631,,,7,4,3,0.0007787295583490933
VNJ,TIRUPPUR VANJIPALAYAM,77.26580200000001,11.117790999999999,,,11,7,4,0.001223717877405718
CBF,COIMBATORE NORTH,76.954304,11.019937,,,14,6,8,0.0015574591166981867
UMB,AMBALA CANT JN,76.826966,30.338918,,,19,10,9,0.0021136945155189675
SRO,SIRATHU,81.31786,25.650642,,,9,6,3,0.0010012237178774058
SJT,SHUJAATPUR,81.401934,25.605607000000003,,,8,5,3,0.0008899766381132495
BDNP,BIDANPUR,81.44201699999999,25.585017,,,10,5,5,0.001112470797641562
MTPC,MOTIPURA CHAUKI,77.04829951629999,24.6093382288,WCR,Rajasthan,4,2,2,0.00044498831905662476
HTZ,HATHIDAH JN,85.987826,25.367027,,,11,5,6,0.001223717877405718
DDNI,DUDHNOI,90.76188,26.001459,NFR,Assam,7,4,3,0.0007787295583490933
RDE,RUNDHI,77.350991,28.067751,,,15,11,4,0.0016687061964623428
IJ,ITAUNJA,80.89123400000001,27.081066999999997,NER,Uttar Pradesh,5,2,3,0.000556235398820781
RMX,Ramsar,70.866078,25.722252,NWR,Rajasthan,4,2,2,0.00044498831905662476
PBE,PILIBHIT JN,79.813946,28.614977999999997,NER,Uttar Pradesh,20,9,11,0.002224941595283124
RMB,Rampura Beri,75.64547982849999,28.5301320576,NWR,Rajasthan,4,2,2,0.00044498831905662476
MGS,MUGHAL SARAI JN,83.11925000000001,25.278149,,,31,17,14,0.003448659472688842
RSWT,Ramgarh Shekhawati,74.993046,28.169397,NWR,Rajasthan,4,2,2,0.00044498831905662476
BKNA,BAKAINA HALT,78.27473099999999,29.035800000000002,,,4,2,2,0.00044498831905662476
HBD,HOSHANGABAD,77.715594,22.75274,,,10,6,4,0.001112470797641562
ANA,ASLANA,79.319493,23.860522,,,6,3,3,0.0006674824785849371
BNI,BUDNI,77.6812826,22.7871143,,,11,7,4,0.001223717877405718
DMGN,DHAMALGAON,94.85656900000001,27.325566,NFR,Assam,7,3,4,0.0007787295583490933
LKPL,LAKDIKAPUL,78.463527,17.404048000000003,SCR,Andhra Pradesh,4,2,2,0.00044498831905662476
BRUD,BARUD,76.814085,22.052142,WCR,Madhya Pradesh,9,3,6,0.0010012237178774058
DVL,DEVLALI,73.83729,19.897509,,,9,4,5,0.0010012237178774058
JRTR,Jurtara,79.76127199999999,22.253004999999998,,,0,0,0,0.0
REWA,REWA,81.250615,24.537122,WCR,Madhya Pradesh,9,3,6,0.0010012237178774058
DOK,DHOLKA,72.433842,22.731982,WR,Gujarat,5,3,2,0.000556235398820781
NDR,NANDESARI,73.0952734283,22.418331636999998,,,10,6,4,0.001112470797641562
MYG,MIYAGAM KARJAN,73.120353,22.050722,,,15,9,6,0.0016687061964623428
MBA,MAHOBA,79.849079,25.306914,NCR,Uttar Pradesh,7,3,4,0.0007787295583490933
JGZ,Jamgaon,80.198945,22.418426,SECR,Madhya Pradesh,4,2,2,0.00044498831905662476
BHKH,BAGHOI KUSA,84.46243313289999,24.8399006513,,,7,3,4,0.0007787295583490933
NOLI,NOLI,77.31077099999999,28.746571,NR,Uttar Pradesh,4,2,2,0.00044498831905662476
SUJR,SUJRA,77.26134099999999,29.012729,NR,Uttar Pradesh,6,3,3,0.0006674824785849371
AMOD,Amod,72.86546467803419,21.990791167399735,WR,Gujarat,2,1,1,0.00022249415952831238
LKD,LAKODARA,73.09899399999999,21.991872,,,11,6,5,0.001223717877405718
VKL,Vankal,73.23136643506587,21.439673931772646,WR,Gujarat,4,2,2,0.00044498831905662476
BY,BYCULLA,72.833211,18.97695,CR,Maharashtra,8,5,3,0.0008899766381132495
BNR,BHAGWANPUR,85.30109021000001,25.858316719999998,,,10,6,4,0.001112470797641562
KTY,Kotturu,76.21354088187218,14.826788325296278,SWR,Tamil Nadu,0,0,0,0.0
BLMR,Bhalukmara,94.143709,26.685532,NFR,Assam,6,3,3,0.0006674824785849371
ANJ,Anjangaon,77.31896504759789,21.163199753077336,CR,Maharashtra,4,2,2,0.00044498831905662476
DEB,Debagram,88.306807,23.685277,ER,West Bengal,4,2,2,0.00044498831905662476
ELP,Achalpur,77.51926277764142,21.27760302246017,CR,Maharashtra,2,1,1,0.00022249415952831238
BTY,Bethuadahari,88.384597,23.610275,ER,West Bengal,4,2,2,0.00044498831905662476
WARUD,Warud,78.65141943097115,20.74690547756532,CR,Maharashtra,0,0,0,0.0
VLKN,Velankanni,79.84618068672717,10.686877168293023,?,Tamil Nadu,0,0,0,0.0
PCU,PUTLACHERUVU,81.112395,16.484823,SCR,Andhra Pradesh,4,2,2,0.00044498831905662476
BNPT,BENNIPATTI PIRAPUR,85.3090478906,25.892949366,,,14,8,6,0.0015574591166981867
JM,JALAMB JN,76.573236,20.813007000000002,,,10,6,4,0.001112470797641562
GPJ,Gorapur,82.79406,18.346936,ECoR,Andhra Pradesh,2,1,1,0.00022249415952831238
ABEO,Pattaravakkam,80.16618146561086,13.114499981582952,SR,,2,1,1,0.00022249415952831238
SEG,SHEGAON,76.690331,20.801724,,,8,4,4,0.0008899766381132495
GDU,Gudru Halt,80.1163395764,22.2718946035,SECR,Madhya Pradesh,4,2,2,0.00044498831905662476
BGNA,Balgona,87.95045644976199,23.458049719226736,ER,West Bengal,2,1,1,0.00022249415952831238
KLNP,Kalinarayanpur,88.573216,23.206506,ER,West Bengal,5,2,3,0.000556235398820781
NGZ,S K NAGJIHARI,76.755353,20.761640999999997,,,8,2,6,0.0008899766381132495
PS,PARAS,76.815865,20.724519,,,7,3,4,0.0007787295583490933
BRDB,Barda,88.08753041,22.15295838,SER,West Bengal,4,2,2,0.00044498831905662476
GAO,GAIGAON,76.890093,20.720684,,,6,3,3,0.0006674824785849371
RRL,REWRAL,79.468096,21.261121,,,8,4,4,0.0008899766381132495
KHAT,KHAT,79.550792,21.242242,,,5,3,2,0.000556235398820781
BRD,BHANDARA ROAD,79.64752299999999,21.238512,,,7,2,5,0.0007787295583490933
KOKA,KOKA,79.71240900000001,21.263021,,,6,2,4,0.0006674824785849371
DAO,DAGHORA,83.678086,21.857535000000002,,,11,4,7,0.001223717877405718
HGR,HEMAGIRI,83.742815,21.876503999999997,,,9,5,4,0.0010012237178774058
NIR,Nainpur Junction,80.108853,22.425676,SECR,Madhya Pradesh,11,6,5,0.001223717877405718
NCH,NAKACHARI,94.3939129431,26.7081333353,NFR,Assam,10,5,5,0.001112470797641562
APDJ,ALIPUR DUAR JN,89.534048,26.523279,NFR,West Bengal,11,5,6,0.001223717877405718
BRE,BHARWARI,81.4918665,25.5591917,,,7,3,4,0.0007787295583490933
JTK,Jhitkia,88.05297200000001,25.626133,NFR,West Bengal,4,2,2,0.00044498831905662476
MNJ,MANOHARGANJ,81.55907499999999,25.524992,,,4,2,2,0.00044498831905662476
SYWN,SAIYID SARAWAN,81.613788,25.494982,,,5,2,3,0.000556235398820781
MRE,MANAURI,81.662491,25.470171,,,7,3,4,0.0007787295583490933
BMU,BAMHRAULI,81.741641,25.44494,,,7,4,3,0.0007787295583490933
SFG,SUBEDARGANJ,81.789897,25.439879,,,8,4,4,0.0008899766381132495
KLX,KOLAKALUR,80.627521,16.295185999999998,,,13,5,8,0.0014462120369340306
CLVR,CHILUVUR,80.61690800000001,16.379558,,,12,5,7,0.0013349649571698743
KVR,KOVVUR,81.726495,17.007084,,,10,6,4,0.001112470797641562
GVN,GODAVARI,81.77083,17.007707,,,8,4,4,0.0008899766381132495
KJKD,KANJIKODE,76.75531600000001,10.800919,,,9,3,6,0.0010012237178774058
SNKR,Sanka,86.616164,23.52693,SER,West Bengal,4,2,2,0.00044498831905662476
VNK,Binaiki,79.902424,22.72003,SECR,Madhya Pradesh,4,2,2,0.00044498831905662476
GCN,Gocharan,88.45836999999999,22.277738,ER,West Bengal,4,2,2,0.00044498831905662476
SEY,Seoni,79.545769,22.075431,SECR,Madhya Pradesh,4,2,2,0.00044498831905662476
SDMD,Sudamdih,86.44032,23.654478,SER,West Bengal,7,4,3,0.0007787295583490933
BJU,BARAUNI JN,85.988748,25.461768000000003,,,15,8,7,0.0016687061964623428
DMO,DAMOH,79.432246,23.836693,,,6,3,3,0.0006674824785849371
ADD,ADAS ROAD,73.0346944543,22.486628078200003,,,9,4,5,0.0010012237178774058
CLC,Chalala,71.16224249999999,21.4155588,WR,Gujarat,4,2,2,0.00044498831905662476
RNO,RANOLI,73.1122662115,22.405252095399998,,,12,6,6,0.0013349649571698743
HP,HARIPUR,74.024928,26.012397,NWR,Rajasthan,5,3,2,0.000556235398820781
KUGT,Kumarghat,92.0348331158,24.1506303119,NFR,Tripura,4,2,2,0.00044498831905662476
AWB,AURANGABAD,75.31064599999999,19.859276,SCR,Maharashtra,6,3,3,0.0006674824785849371
BNL,BEVINAHALU,77.21298975,15.16697376,SCR,Andhra Pradesh,7,3,4,0.0007787295583490933
SMNH,SOMNATH,70.408254,20.896131999999998,WR,Gujarat,3,1,2,0.0003337412392924686
CUPJ,CUDDALORE PORT,79.766287,11.715119,SR,Tamil Nadu,6,3,3,0.0006674824785849371
PLJ,PALEJ,73.072387,21.921578,,,8,3,5,0.0008899766381132495
GOLE,GOLE,72.00004,25.891938,NWR,Rajasthan,4,2,2,0.00044498831905662476
TRO,TIRORA,79.91803499999999,21.415039,,,7,3,4,0.0007787295583490933
JMG,JAMGA,83.564842,21.874971000000002,,,10,6,4,0.001112470797641562
AHLR,AHALYAPUR,83.824844,26.468381,,,8,4,4,0.0008899766381132495
TEL,TENALI JN,80.640413,16.242409000000002,,,29,19,10,0.0032261653131605296
TAT,Tummanamgutta,78.37926300000001,13.707414,SCR,Andhra Pradesh,4,2,2,0.00044498831905662476
CU,CHAGALLU,81.690558,16.965076999999997,,,12,6,6,0.0013349649571698743
PSDA,PASIVEDALA,81.700939,16.99331,,,10,5,5,0.001112470797641562
MBGA,Marwar Bagra,72.59376099999999,25.208689,NWR,Rajasthan,5,3,2,0.000556235398820781
JNE,JANIYANA,72.336284,25.827638,NWR,Rajasthan,4,2,2,0.00044498831905662476
SMR,SAMDHARI JN,72.57300699999999,25.837202,NWR,Rajasthan,6,3,3,0.0006674824785849371
SUT,SUTLANA,72.951414,25.970783,NWR,Rajasthan,4,2,2,0.00044498831905662476
PBR,PORBANDAR,69.615506,21.643597999999997,WR,Gujarat,5,4,1,0.000556235398820781
CKVD,Chikkandawadi,76.2025684888,14.137920273699999,SWR,Karnataka,4,2,2,0.00044498831905662476
BHG,Bhaton Ki Gali,75.712919,27.105646,NWR,Rajasthan,4,2,2,0.00044498831905662476
HMO,Hanumangarh Town,74.33120188303292,29.574220545495677,NWR,Rajasthan,4,2,2,0.00044498831905662476
SANR,SARDARNAGAR,83.494054,26.700858999999998,,,7,3,4,0.0007787295583490933
GRD,Giridih,86.3146452,24.182255899999998,ER,Jharkhand,3,1,2,0.0003337412392924686
CC,CHAURI CHAURA,83.545894,26.673882,,,10,3,7,0.001112470797641562
KMPT,KOMATIPALLI,79.5158922174,18.023547297,,,4,2,2,0.00044498831905662476
HSP,HASANPARTHI RD,79.50184999999999,18.078262,,,13,7,6,0.0014462120369340306
GGY,Gagariya,70.734877,25.741083,NWR,Rajasthan,4,2,2,0.00044498831905662476
NNPR,NONAPAR,83.969786,26.353209,,,7,3,4,0.0007787295583490933
MW,MAIRWA,84.151979,26.240309,,,9,5,4,0.0010012237178774058
KUY,TIRUPPUR KULIPALAYAM,77.3893135876,11.1440279246,,,13,7,6,0.0014462120369340306
PLL,PARLI,76.559421,10.800415,,,9,4,5,0.0010012237178774058
AGTL,Agartala,91.278481,23.792417,NFR,Tripura,2,1,1,0.00022249415952831238
MNY,MANKARAI,76.500232,10.771526,,,9,3,6,0.0010012237178774058
LDY,LAKKITI,76.434467,10.753217,,,9,6,3,0.0010012237178774058
PLPM,PALAPPURAM,76.398385813,10.7525187905,,,7,3,4,0.0007787295583490933
OTP,OTTAPPALAM,76.377993,10.770046,,,7,4,3,0.0007787295583490933
MNUR,MANNANUR,76.323555,10.749322,,,10,5,5,0.001112470797641562
ZRDE,JIRADEI,84.256142,26.220819,,,7,3,4,0.0007787295583490933
SV,SIWAN JN,84.359267,26.210724000000003,,,9,3,6,0.0010012237178774058
PCK,PACHRUKHI,84.415667,26.162627999999998,,,6,3,3,0.0006674824785849371
DDA,DURAUNDHA JN,84.45894600000001,26.086973,,,6,2,4,0.0006674824785849371
CW,CHAINWA,84.49649600000001,26.022117,,,7,3,4,0.0007787295583490933
POK,POKRAN,71.923129,26.930571,NWR,Rajasthan,4,2,2,0.00044498831905662476
OCH,ODHANIYA CHACHA,71.718687,26.972848,NWR,Rajasthan,4,2,2,0.00044498831905662476
EKMA,EKMA,84.53637,25.967099,,,5,3,2,0.000556235398820781
DDP,DAUDPUR,84.591425,25.90709,,,7,4,3,0.0007787295583490933
KPS,KOPA SAMHOTA,84.65281399999999,25.851866,,,8,4,4,0.0008899766381132495
BTHL,BITHAULI,85.29179,25.817069,,,6,2,4,0.0006674824785849371
GB,GAURI BAZAR,83.667801,26.594934000000002,,,12,5,7,0.0013349649571698743
BALR,BAITALPUR,83.7385572,26.5526634,,,8,3,5,0.0008899766381132495
DEOS,DEORIA SADAR,83.7819590961,26.5076811676,,,7,5,2,0.0007787295583490933
NRA,NUNKHAR,83.880179,26.425483,,,8,4,4,0.0008899766381132495
AGMN,Agomoni,89.786242,26.225947,,,0,0,0,0.0
BND,BHANDUP,72.93723505,19.14200998,,,18,8,10,0.0020024474357548117
ASR,AMRITSAR JN,74.858025,31.631511999999997,,,21,12,9,0.00233618867504728
MUC,MULLURKARA,76.271415,10.705843,,,10,5,5,0.001112470797641562
WKI,WADAKANCHERI,76.237041,10.648956,,,10,6,4,0.001112470797641562
SOG,SURATGARH JN,73.90724800000001,29.324152,NWR,Rajasthan,12,5,7,0.0013349649571698743
SNV,Sondad,80.094149,21.079845,SECR,Maharashtra,4,2,2,0.00044498831905662476
QMRS,Kayamsar,75.000562,28.125576,NWR,Rajasthan,4,2,2,0.00044498831905662476
AYB,Aliyabad,75.758306,16.878268000000002,SWR,Karnataka,4,2,2,0.00044498831905662476
MBF,Munabao,70.276543,25.742614,NWR,Rajasthan,2,1,1,0.00022249415952831238
CLDR,Chilikidara,85.827112,21.243022,ECoR,Orissa,4,2,2,0.00044498831905662476
KLYT,Kolayat,72.95507400000001,27.835319,NWR,Rajasthan,4,2,2,0.00044498831905662476
CLD,CHALSA JN,88.798213,26.882215,NFR,West Bengal,5,2,3,0.000556235398820781
CRX,CARRON,88.9704,26.880279,NFR,West Bengal,5,2,3,0.000556235398820781
ETF,ITARSI F CABIN,77.774856,22.61521,,,8,4,4,0.0008899766381132495
CNPI,Chandanpahari,86.953082,24.404224,ER,Jharkhand,4,2,2,0.00044498831905662476
MIG,MIDGHAT,77.647526,22.828141000000002,,,4,2,2,0.00044498831905662476
BNU,BANDAKPUR,79.575956,23.848205999999998,,,4,2,2,0.00044498831905662476
COD,Chhota Gudha,75.599508,27.293803,NWR,Rajasthan,4,2,2,0.00044498831905662476
CHQ,CHOKA,77.638968,22.864326000000002,,,4,2,2,0.00044498831905662476
MB,MORADABAD,78.765801,28.831621000000002,,,23,10,13,0.0025586828345755923
IRA,ISRANA,76.85285999999999,29.291379,NR,Haryana,4,2,2,0.00044498831905662476
KRCA,KARACHIYA YARD,73.132981,22.380046,,,10,5,5,0.001112470797641562
BJW,BAJVA,73.1431251,22.3662226,,,11,6,5,0.001223717877405718
CLN,KOLLIDAM,79.718347,11.332713,SR,Tamil Nadu,4,2,2,0.00044498831905662476
CNA,CHANDERIYA,74.629979,24.939557999999998,WR,Rajasthan,7,4,3,0.0007787295583490933
CRC,CHARKHARI ROAD,79.74565299999999,25.307555999999998,NCR,Uttar Pradesh,4,2,2,0.00044498831905662476
BTT,BHATNI JN,83.934035,26.381257,,,10,5,5,0.001112470797641562
CSZ,Cossimbazar,88.266903,24.122264,ER,West Bengal,4,2,2,0.00044498831905662476
VRE,VAREDIYA,73.048979,21.85838,,,9,3,6,0.0010012237178774058
NIU,NABIPUR,73.030592,21.807541,,,11,5,6,0.001223717877405718
CVJ,CHAVAJ,73.010489,21.753134000000003,,,14,5,9,0.0015574591166981867
AKV,ANKLESHWAR JN,73.000633,21.623889,,,11,5,6,0.001223717877405718
CNE,CHANDRANATHPUR,92.71665800000001,24.984962,NFR,Assam,4,2,2,0.00044498831905662476
PAO,PANOLI,72.978371,21.535197,,,14,7,7,0.0015574591166981867
CNL,CHANDAWAL,73.86881457700001,25.946542716,NWR,Rajasthan,4,2,2,0.00044498831905662476
BFY,BHESANA,73.7180903,25.82438,NWR,Rajasthan,4,2,2,0.00044498831905662476
HAT,HATHURAN,72.969512,21.501091000000002,,,11,4,7,0.001223717877405718
COL,Coromandel,78.257278,12.97518,SWR,Karnataka,4,2,2,0.00044498831905662476
KDSD,KUDSAD,72.91647999999999,21.37682,,,9,5,4,0.0010012237178774058
SYN,SAYAN,72.890287,21.317203,,,7,3,4,0.0007787295583490933
MQP,Makrandpur,79.290097,28.213407,NER,Uttar Pradesh,4,2,2,0.00044498831905662476
GTX,GOTHANGAM,72.880104,21.294043,,,9,5,4,0.0010012237178774058
MGK,MULANGUNNATHUKAVU,76.207809,10.596938999999999,,,12,7,5,0.0013349649571698743
CNKP,CHANAKYAPURI,77.172004,28.591905,NR,Delhi NCT,6,3,3,0.0006674824785849371
URN,UTRAN,72.85479600000001,21.232602,,,13,9,4,0.0014462120369340306
ST,SURAT,72.840793,21.206568,,,14,6,8,0.0015574591166981867
UDN,UDHNA JN,72.851461,21.171156,,,10,3,7,0.001112470797641562
VRU,VALIVERU,80.605456,16.188934,,,8,4,4,0.0008899766381132495
MRPL,MARAMPALLI,81.63387399999999,16.843925,,,9,3,6,0.0010012237178774058
NDD,NIDADAVOLU JN,81.67550399999999,16.898297,,,12,8,4,0.0013349649571698743
GDM,GUDMA,80.287678,21.416128,,,10,3,7,0.001112470797641562
BEF,BHUPDEOPUR,83.25998102000001,21.975035039999998,,,6,3,3,0.0006674824785849371
RIG,RAIGARH,83.39067,21.891288999999997,,,6,3,3,0.0006674824785849371
KRL,KOTARLIA,83.482238,21.883182,,,8,4,4,0.0008899766381132495
CTND,Chettinad,78.775924,10.160613,SR,Tamil Nadu,4,2,2,0.00044498831905662476
SEPR,SHERPUR,78.25287,28.919358,NR,Uttar Pradesh,4,2,2,0.00044498831905662476
NVS,NAVSARI,72.914294,20.946851,WR,Gujarat,9,6,3,0.0010012237178774058
JBD,Jalalabad,74.268446,30.60775,NR,Punjab,4,2,2,0.00044498831905662476
DDM,DAM DIM,88.67133299999999,26.859243000000003,NFR,West Bengal,5,2,3,0.000556235398820781
COE,CHITROD,70.655356,23.417869,WR,Gujarat,4,2,2,0.00044498831905662476
COM,Chomun Samod,75.70272,27.158223,NWR,Rajasthan,4,2,2,0.00044498831905662476
DKT,DHULKOT,76.78753499999999,30.395686,NR,Haryana,4,2,2,0.00044498831905662476
KUW,KANWAR,81.21464405030001,25.7036520692,,,9,4,5,0.0010012237178774058
CDMR,CHANDAULI MJHWR,83.267724,25.261093,,,7,4,3,0.0007787295583490933
KGA,KHAGA,81.102658,25.761853,,,8,4,4,0.0008899766381132495
KTCE,KATOGHAN,81.16560600000001,25.730035,,,7,3,4,0.0007787295583490933
ASCE,ATHSARAI,81.2620300824,25.678728805000002,,,12,7,5,0.0013349649571698743
CRLM,Carmelaram,77.706014,12.907633,SWR,Karnataka,4,2,2,0.00044498831905662476
CNR,CHANDAR,74.047794,15.264834,SWR,Goa,4,1,3,0.00044498831905662476
CMDP,Chimidipalli,83.07686199999999,18.262764,ECoR,Andhra Pradesh,2,1,1,0.00022249415952831238
BDL,VINDHYACHAL,82.5020212,25.160771699999998,,,4,2,2,0.00044498831905662476
TSA,TISUA,79.58628900000001,28.136577,,,6,2,4,0.0006674824785849371
TAS,Thasra,73.221682,22.797769,WR,Gujarat,4,2,2,0.00044498831905662476
GHT,GHAGHARA GHAT,81.5033135022,27.1026834977,,,7,2,5,0.0007787295583490933
BV,BABHNAN,82.500127,26.938525000000002,,,11,5,6,0.001223717877405718
CLW,Chilwariya,81.69873199999999,27.487001000000003,NER,Uttar Pradesh,4,2,2,0.00044498831905662476
GAUR,GAUR,82.56115799999999,26.913411,,,7,4,3,0.0007787295583490933
TH,TINICH,82.639707,26.882281000000003,,,7,4,3,0.0007787295583490933
BHTR,BHATPAR RANI,84.03310139999999,26.3104766,,,6,3,3,0.0006674824785849371
TUR,TURKI,85.354709,26.034431,,,7,2,5,0.0007787295583490933
RD,RAM DAYALU NAGAR,85.38359600000001,26.097367,,,9,5,4,0.0010012237178774058
BTO,BHITAURA,79.306506,28.469954,,,4,2,2,0.00044498831905662476
PKRA,PARSA KHERA,79.34185199999999,28.433371,,,5,3,2,0.000556235398820781
CHTI,CHANETI,79.42916573,28.3087958495,,,10,5,5,0.001112470797641562
BLPU,BILPUR,79.62578099999999,28.083668,,,8,4,4,0.0008899766381132495
MK,MIRANPUR KATRA,79.674809,28.03708,,,12,7,5,0.0013349649571698743
MILA,MILAKPUR HALT,79.71796182739999,27.988261374,,,11,5,6,0.001223717877405718
TLH,TILHAR,79.741776,27.972984,,,8,5,3,0.0008899766381132495
CQL,CHIRAKKAL,75.353696,11.911049,SR,Kerala,7,4,3,0.0007787295583490933
PNQ,PUNKUNNAM,76.20943,10.535053999999999,,,19,10,9,0.0021136945155189675
TCR,THRISUR,76.207919,10.514790000000001,,,19,7,12,0.0021136945155189675
CMNR,CHAMARAJANAGAR,76.932807,11.934891,SWR,Karnataka,3,1,2,0.0003337412392924686
CMJ,CHAMARAJAPURAM,76.637861,12.29844,SWR,Karnataka,4,2,2,0.00044498831905662476
BKA,BARKHERA,77.649646,22.917359,,,9,3,6,0.0010012237178774058
ODG,OBAIDULLA GANJ,77.587299,22.994912,,,8,4,4,0.0008899766381132495
ACL,ANCHELI,72.944978,20.845167,WR,Gujarat,10,5,5,0.001112470797641562
CVR,CHORVAD ROAD,70.290734,21.055196000000002,WR,Gujarat,5,3,2,0.000556235398820781
CTH,CHIKALTHANA,75.402851,19.859565,SCR,Maharashtra,5,2,3,0.000556235398820781
BTKD,BHARATKUND,82.12739309999999,26.6360965,NR,Uttar Pradesh,6,3,3,0.0006674824785849371
DHW,Dhariwal,75.32156499999999,31.949113,NR,Punjab,5,2,3,0.000556235398820781
SAI,SARAI,85.27660900000001,25.779962,,,7,3,4,0.0007787295583490933
CPE,Chandiposi,84.915988,22.068676999999997,SER,Orissa,4,2,2,0.00044498831905662476
CRU,CHUDAWA,77.1169303369,19.1803282622,SCR,Maharashtra,4,2,2,0.00044498831905662476
DBB,DHUBRI,89.977952,26.023137000000002,NFR,Assam,2,1,1,0.00022249415952831238
PNP,PANIPAT JN,76.96379300000001,29.388948,,,11,5,6,0.001223717877405718
CPS,CHANDPUR SIAU HALT,78.27585499999999,29.13201,NR,Uttar Pradesh,6,3,3,0.0006674824785849371
CX,CHANOL,70.53884199999999,22.427916,WR,Gujarat,10,5,5,0.001112470797641562
CSR,CHAK SIKANDAR,85.365246145,25.6767202377,ECR,Bihar,5,3,2,0.000556235398820781
CRQ,Charpokhari Halt,84.487603186,25.3615157718,ECR,Bihar,4,2,2,0.00044498831905662476
VNA,VARANGAON,75.9006577881,21.0097131944,,,12,6,6,0.0013349649571698743
DAG,DHANG,85.353298,26.7174,ECR,Bihar,6,3,3,0.0006674824785849371
CRW,Charaud,75.6466632,29.0094584,NWR,Haryana,4,2,2,0.00044498831905662476
BTL,BORTALAO,80.626207,21.218301,,,7,3,4,0.0007787295583490933
KHS,KHARSIA,83.102414,21.99178,,,6,4,2,0.0006674824785849371
ROB,ROBERTSON,83.182508,21.988744,,,13,6,7,0.0014462120369340306
CPK,CHAPARMUKH JN,92.511718,26.202272,NFR,Assam,11,5,6,0.001223717877405718
CTW,Chhintanwala,76.014229,30.365958000000003,NR,Punjab,5,2,3,0.000556235398820781
CTA,Chitradurg,76.386431,14.231154,SWR,Karnataka,4,2,2,0.00044498831905662476
MDKU,MODUKURU,80.58380799999999,16.124988000000002,,,18,9,9,0.0020024474357548117
TSR,TSUNDURU,80.58648699999999,16.157497,,,19,9,10,0.0021136945155189675
NBM,NAVABPALEM,81.606702,16.831606,,,11,5,6,0.001223717877405718
NMBR,N MAYURBHANJ ROAD,87.038724,21.666901,,,9,4,5,0.0010012237178774058
BTS,BASTA,87.0637831,21.7029241,,,14,6,8,0.0015574591166981867
CTD,Chhota Udepur,74.014286,22.314788,WR,Gujarat,2,1,1,0.00022249415952831238
DBY,Digboi,95.61698200000001,27.383483,NFR,Assam,4,2,2,0.00044498831905662476
CWI,CHONDI,77.1556666229,19.430619765,SCR,Maharashtra,8,4,4,0.0008899766381132495
CSDR,CHANNASANDRA,77.6629705685,13.010940720799999,SWR,Karnataka,8,3,5,0.0008899766381132495
PGT,PALAKKAD,76.641926,10.802091,,,10,4,6,0.001112470797641562
MNHA,Mindha,75.33241,27.112061,NWR,Rajasthan,6,3,3,0.0006674824785849371
DBO,DABHODA,72.748038,23.168331000000002,WR,Gujarat,10,5,5,0.001112470797641562
DABN,DHABAN,74.54288000000001,29.859997,NWR,Rajasthan,5,3,2,0.000556235398820781
DBI,DABLI RATHAN,74.19093000000001,29.542416,NWR,Rajasthan,6,4,2,0.0006674824785849371
SID,SIDDHPUR,72.367959,23.918067,WR,Gujarat,4,2,2,0.00044498831905662476
ARGD,ARIGADA,85.466475,23.643461000000002,ECR,,4,2,2,0.00044498831905662476
CTJ,CHHATAINI,81.287323,23.994088,WCR,Madhya Pradesh,6,3,3,0.0006674824785849371
KTKD,KATANGI KHURD,80.48673398129999,23.7758696073,WCR,Madhya Pradesh,8,4,4,0.0008899766381132495
CRL,Choral,75.94413499999999,22.450677,WR,Madhya Pradesh,4,2,2,0.00044498831905662476
ABSA,Ambassa,91.860783,23.930507,NFR,Tripura,4,2,2,0.00044498831905662476
NVP,Navalpura,73.19955399999999,23.289155,,,0,0,0,0.0
DBKA,Dabka,76.720809,21.361353,SCR,Madhya Pradesh,4,2,2,0.00044498831905662476
CQR,Champapukur,88.80796000000001,22.656633999999997,ER,West Bengal,2,1,1,0.00022249415952831238
NDAZ,NAYA AZADPUR,77.166876,28.714564,,,12,8,4,0.0013349649571698743
ANDI,ADARSH NAGAR DELHI,77.16670699999999,28.714205,,,5,2,3,0.000556235398820781
CUR,Churu,74.966203,28.288281,NWR,Rajasthan,6,3,3,0.0006674824785849371
BHD,BADLI,77.1377425,28.746799999999997,,,4,2,2,0.00044498831905662476
KHKN,KHERA KALAN,77.115838,28.769717999999997,,,7,5,2,0.0007787295583490933
HUK,HOLAMBI KALAN,77.102334,28.801187,,,9,4,5,0.0010012237178774058
NUR,NARELA,77.085727,28.846886,,,6,2,4,0.0006674824785849371
CWA,Chhindwara Junction,78.953212,22.058201,SECR,Madhya Pradesh,6,3,3,0.0006674824785849371
RDDE,RATHDHANA,77.05914800000001,28.904132,,,5,3,2,0.000556235398820781
CTPE,Chandanattop Halt,76.64532,8.932478000000001,SR,Kerala,4,2,2,0.00044498831905662476
HNN,HARANA KALAN,77.039135,28.945425,,,5,2,3,0.000556235398820781
SNP,SONIPAT,77.017343,28.989423000000002,,,6,4,2,0.0006674824785849371
SLKN,SANDAL KALAN,77.012589,29.063432000000002,,,6,2,4,0.0006674824785849371
RUG,RAJLU GARHI,77.012109,29.090744,,,5,3,2,0.000556235398820781
GNU,GANAUR,77.01074999999999,29.130776,,,5,2,3,0.000556235398820781
BDMJ,BHODWAL MAJRI,77.0082364,29.1852092,,,5,3,2,0.000556235398820781
SMK,SAMALKHA,77.003034,29.240172,,,6,4,2,0.0006674824785849371
DWNA,DIWANA,76.980194,29.318564,,,6,2,4,0.0006674824785849371
BBDE,BABARPUR,76.966178,29.449652,,,10,8,2,0.001112470797641562
KFU,KOHAND,76.968758,29.494782,,,10,5,5,0.001112470797641562
GRA,GHARAUNDA,76.96575000000001,29.541636,,,7,2,5,0.0007787295583490933
BZJT,BAZIDA JATAN,76.965812,29.613391,,,10,8,2,0.001112470797641562
KUN,KARNAL,76.969821,29.694566000000002,,,13,5,8,0.0014462120369340306
BZK,BHAINI KHURD,76.95536200000001,29.751544,,,7,3,4,0.0007787295583490933
TRR,TARAORI,76.93858,29.797906,,,6,3,3,0.0006674824785849371
NLKR,NILOKHERI,76.925491,29.831492,,,6,3,3,0.0006674824785849371
KKDE,KURUKSHETRA JN,76.852795,29.969440000000002,,,9,5,4,0.0010012237178774058
DAVM,DHANUVACHAPURAM,77.124352,8.378802,SR,Kerala,7,3,4,0.0007787295583490933
CTS,CHATTRIPUT,82.590027,18.922722,ECoR,Orissa,4,2,2,0.00044498831905662476
DAVJ,D.A.V.C.H. JALANDHAR,75.56132,31.346977000000003,NR,Punjab,6,3,3,0.0006674824785849371
DLPI,INDRAPURI,77.14358825779999,28.628342466499998,NR,Delhi NCT,4,2,2,0.00044498831905662476
GRG,Guwarighat,79.92761300000001,23.110295,SECR,Madhya Pradesh,6,3,3,0.0006674824785849371
DSJ,DELHI SAFDARJUNG,77.186969,28.582121,NR,Delhi NCT,6,3,3,0.0006674824785849371
DHRN,DHURANA,76.803295,29.253606,NR,Haryana,5,3,2,0.000556235398820781
DUK,DUDIA,72.902042,25.934458,NWR,Rajasthan,5,3,2,0.000556235398820781
DAJ,DUROJI,76.70013,15.227107,SWR,Karnataka,4,2,2,0.00044498831905662476
BTPH,CHAKIA THERMAL HALT,86.01624276369999,25.4012639369,,,20,10,10,0.002224941595283124
JDDA,JATHA,82.875333703,22.0159803866,,,11,5,6,0.001223717877405718
JDI,JHARRADIH,83.050747,21.999876,,,7,3,4,0.0007787295583490933
DKO,Devakottai Road,78.761747,10.037610999999998,SR,Tamil Nadu,4,2,2,0.00044498831905662476
DIB,DIBAI,78.303084,28.19378,NR,Uttar Pradesh,4,2,2,0.00044498831905662476
CNJO,JUHI OUTER CABIN,80.3239098425,26.4531901925,,,8,4,4,0.0008899766381132495
LMA,LAMBIYA,74.58561499999999,25.578333999999998,NWR,Rajasthan,5,3,2,0.000556235398820781
DOHM,Devgarh Madriya,73.855552,25.610206,NWR,Rajasthan,4,2,2,0.00044498831905662476
DYE,DAYANAND NAGAR,78.53134999999999,17.456247,SCR,Andhra Pradesh,4,2,2,0.00044498831905662476
DBV,DABILPUR,78.470315,17.674226,SCR,Andhra Pradesh,4,2,2,0.00044498831905662476
BGZ,BAHADURGARH,76.930886,28.700863000000002,NR,Haryana,7,3,4,0.0007787295583490933
DME,DAMNAGAR,71.509053,21.688346,WR,Gujarat,4,2,2,0.00044498831905662476
AG,Aranghata,88.613551,23.242037,ER,West Bengal,4,2,2,0.00044498831905662476
RLG,RELANGI,81.64411,16.709921,SCR,Andhra Pradesh,4,2,2,0.00044498831905662476
CCAB,BMY C CABIN,81.44306300000001,21.209789,,,4,2,2,0.00044498831905662476
DNDI,DHONDI,76.736112,19.106268,SCR,Maharashtra,4,2,2,0.00044498831905662476
NDO,NIDUBROLU,80.557243,16.067904,,,20,9,11,0.002224941595283124
FKA,Fazilka,74.02541699999999,30.408641,NR,Punjab,6,3,3,0.0006674824785849371
TDD,TADEPALLIGUDEM,81.526314,16.809960999999998,,,11,6,5,0.001223717877405718
PTPU,PRATTIAPADU,81.581431,16.820864999999998,,,13,5,8,0.0014462120369340306
BDHT,Bardi Halt,78.822411,21.621177,SECR,Madhya Pradesh,4,2,2,0.00044498831905662476
DJL,Dodajala Lake,77.652122,13.183156,SWR,Karnataka,4,2,2,0.00044498831905662476
DIU,Dhing,92.45086500000001,26.453101,NFR,Assam,4,2,2,0.00044498831905662476
DGQ,Dugdol,72.096828,24.631708,NWR,Gujarat,2,1,1,0.00022249415952831238
DAU,Dagru,75.047442,30.834858,NR,Punjab,4,2,2,0.00044498831905662476
GWH,GHOSHAWAR,85.24335073670001,25.737421135399998,,,9,4,5,0.0010012237178774058
HJP,HAJIPUR JN,85.2155,25.702909000000002,,,13,7,6,0.0014462120369340306
PUK,PUDUKAD,76.26070700000001,10.420507,,,12,7,5,0.0013349649571698743
NYI,NELLAYI,76.275994,10.392415000000002,,,10,5,5,0.001112470797641562
UKL,UTTUKULI,77.448615,11.156494,,,8,4,4,0.0008899766381132495
TUP,TIRUPPUR,77.341247,11.108906,,,16,5,11,0.001779953276226499
SNO,SOMANUR,77.18638,11.087247,,,9,4,5,0.0010012237178774058
SUU,SULUR ROAD,77.11729,11.049634,,,7,3,4,0.0007787295583490933
IGU,IRUGUR,77.06913399999999,11.017199,,,15,9,6,0.0016687061964623428
SHI,SINGANALLUR,77.03945900000001,11.012921,,,17,7,10,0.0018912003559906554
PLMD,PILAMEDU,76.999566,11.033241,,,13,6,7,0.0014462120369340306
CBE,COIMBATORE JN,76.966298,10.997639,,,16,9,7,0.001779953276226499
PTJ,PODANUR JN,76.990125,10.965425,,,11,7,4,0.001223717877405718
MDKI,MADUKARAI,76.94295000000001,10.900858,,,11,4,7,0.001223717877405718
IJK,IRINJALAKUDA,76.280924,10.339456,,,10,5,5,0.001112470797641562
CKI,CHALAKUDI,76.3218076,10.3017975,,,15,9,6,0.0016687061964623428
DINR,DIVINE NAGAR,76.3363143628,10.2853993721,,,15,7,8,0.0016687061964623428
KRAN,KORATTI ANGADI,76.355901,10.260123,,,16,10,6,0.001779953276226499
KUC,KARUKKUTTY,76.373077,10.225757,,,16,7,9,0.001779953276226499
AFK,ANGAMALI,76.37786,10.183676,,,12,5,7,0.0013349649571698743
CWR,CHOVVARA,76.37218899999999,10.133064,,,12,7,5,0.0013349649571698743
DJ,Darjeeling,88.263326,27.038151,NFR,West Bengal,3,1,2,0.0003337412392924686
AWY,ALUVA,76.356508,10.108163,,,13,8,5,0.0014462120369340306
KLMR,KALAMASSERY,76.32695600000001,10.061818,,,15,6,9,0.0016687061964623428
IPL,EDAPPALLY,76.298271,10.034338,,,12,6,6,0.0013349649571698743
ERN,ERNAKULAM TOWN,76.2861,9.991582000000001,,,16,8,8,0.001779953276226499
ETMD,ETTIMADAI,76.89715500000001,10.898788,,,8,4,4,0.0008899766381132495
WRA,WALAYAR,76.8376135147,10.8471810329,,,11,5,6,0.001223717877405718
DBN,Dhablan,76.276917865,30.3379133215,NR,Punjab,4,2,2,0.00044498831905662476
DBF,Dabpal,81.488923,18.927979999999998,?,Chhattisgarh,2,1,1,0.00022249415952831238
DBZ,Dhing Bazar,92.481039,26.455873,NFR,Assam,4,2,2,0.00044498831905662476
CLMD,CHULLIMADA,76.801793,10.837164999999999,,,8,4,4,0.0008899766381132495
KTKU,KOTTEKAD,76.693457,10.815731,,,10,5,5,0.001112470797641562
DLC,DALMERA,73.65658,28.417832,NWR,Rajasthan,4,2,2,0.00044498831905662476
TNU,TIRUNETTUR,76.30765699999999,9.933729,,,6,4,2,0.0006674824785849371
KUMM,KUMBALAM,76.3116,9.906723,,,8,3,5,0.0008899766381132495
AROR,AROOR HALT,76.30283299999999,9.8791031,,,6,3,3,0.0006674824785849371
EZP,EZHUPPUNNA,76.302391,9.820288000000001,,,5,2,3,0.000556235398820781
TUVR,TURAVUR,76.309979,9.772809,,,4,2,2,0.00044498831905662476
ERSC,ERNAKULAM JN. C,76.28985899999999,9.978060000000001,,,18,14,4,0.0020024474357548117
DIR,DHANAPUR ORISSA,82.50739300000001,18.945173,ECoR,Orissa,4,2,2,0.00044498831905662476
DRN,DEORANIAN,79.476473,28.64478,NER,Uttar Pradesh,4,2,2,0.00044498831905662476
BGS,BEGU SARAI,86.134476,25.425296,ECR,Bihar,7,3,4,0.0007787295583490933
BQQ,BAKHLETA,79.96972000000001,23.846381,,,6,3,3,0.0006674824785849371
GBP,GULABPURA,74.65595449829999,25.9027951891,NWR,Rajasthan,4,2,2,0.00044498831905662476
REI,RITHI,80.140267,23.904168,,,6,3,3,0.0006674824785849371
MBWC,MORADABAD WEST,78.7596338837,28.83865785,,,8,5,3,0.0008899766381132495
HRH,HARTHALA,78.73559542849999,28.8719872056,,,4,2,2,0.00044498831905662476
GOA,GOHAD ROAD,78.439153,26.480421000000003,NCR,Madhya Pradesh,4,2,2,0.00044498831905662476
DHNR,DHANORA DECCAN,78.13275402709999,19.465517438899997,SCR,Maharashtra,6,3,3,0.0006674824785849371
ALD,ALLAHABAD JN,81.828816,25.446241,,,27,15,12,0.003003671153632217
ETAH,Etah,78.65391899999999,27.571173,NCR,Uttar Pradesh,2,1,1,0.00022249415952831238
GG,GANDHIGRAM,72.568831,23.02676,WR,Gujarat,3,1,2,0.0003337412392924686
BSL,BHUSAVAL JN,75.78867170000001,21.0472812,,,28,16,12,0.0031149182333963733
KOPR,KOPAR ROAD,73.077841,19.211345,,,27,12,15,0.003003671153632217
GGLE,GANGATIKURI,88.087286,23.71822,ER,West Bengal,4,2,2,0.00044498831905662476
KWD,KARWANDIA,84.084599,24.953195,,,5,3,2,0.000556235398820781
GDD,Gadra Road,70.64304,25.743851,NWR,Rajasthan,4,2,2,0.00044498831905662476
SSM,SASARAM,84.019423,24.955926,,,8,4,4,0.0008899766381132495
DTAE,DHATRIGRAM,88.31182199999999,23.277796,ER,West Bengal,4,2,2,0.00044498831905662476
SLOR,SELOO ROAD,78.71490899999999,20.776649999999997,,,19,11,8,0.0021136945155189675
SNI,SINDI,78.883342,20.816446,,,31,16,15,0.003448659472688842
DNUA,Dhansura,73.19870999999999,23.351916,WR,Gujarat,4,2,2,0.00044498831905662476
SGRD,SULGARE,82.743775,22.019979,,,6,3,3,0.0006674824785849371
BUA,BARADWAR,82.813724,22.011725000000002,,,9,5,4,0.0010012237178774058
SKT,SAKTI,82.956526,22.011785000000003,,,14,6,8,0.0015574591166981867
EDU,ERIODU,78.05712899000001,10.515627989999999,SR,Tamil Nadu,4,2,2,0.00044498831905662476
SUJ,SARJU,81.648076,27.111885,,,5,2,3,0.000556235398820781
GDN,GANGAIKONDAN,77.786203,8.830736,SR,Tamil Nadu,4,2,2,0.00044498831905662476
LDR,LANDAURA,77.941557,29.814493,,,11,5,6,0.001223717877405718
DUN,DUGANPUR,79.13019,28.658317,,,6,3,3,0.0006674824785849371
CBJ,CLUTTER BUCK GANJ,79.371946,28.396895,,,9,4,5,0.0010012237178774058
BE,BAREILLY,79.4108444,28.337154299999998,,,15,7,8,0.0016687061964623428
DTC,DITOKCHERRA,92.798715,25.090538,NFR,Assam,5,3,2,0.000556235398820781
BPG,BADURPUR GHAT,92.581099,24.872902,NFR,Assam,4,2,2,0.00044498831905662476
GIW,Girdharpur,76.794583,25.845508,NCR,Rajasthan,5,3,2,0.000556235398820781
RYS,RASURIYA,79.47445900000001,28.26396,,,9,3,6,0.0010012237178774058
NYO,NAYAGAON,85.099366,25.763263,,,4,2,2,0.00044498831905662476
PMU,PARMANANDPUR,85.133951,25.741290999999997,,,5,2,3,0.000556235398820781
GIR,Gainsari Junction,82.5441789069,27.526839296800002,NER,Uttar Pradesh,4,2,2,0.00044498831905662476
BPP,BAPATLA,80.46842480000001,15.9086144,,,14,5,9,0.0015574591166981867
APL,APPIKATLA,80.514466,15.970371,,,15,6,9,0.0016687061964623428
MCVM,MACHAVARAM,80.54154100000001,16.025343,,,17,10,7,0.0018912003559906554
CEL,CHEBROL,81.396533,16.819948,,,13,5,8,0.0014462120369340306
GGH,Ghogardiha,86.468503,26.282768,ECR,Bihar,4,2,2,0.00044498831905662476
BPY,BADAMPUDI,81.473751,16.828104,,,10,5,5,0.001112470797641562
ARD,AMARDA ROAD,87.102374,21.734258,,,17,8,9,0.0018912003559906554
PY,PERUNDURAI,77.628672,11.25334,,,9,5,4,0.0010012237178774058
FSR,FAQARSAR,74.57257200000001,30.189431000000003,NR,Punjab,4,2,2,0.00044498831905662476
CFG,CHAKITING,94.0956546234,26.5616754046,NFR,Assam,13,8,5,0.0014462120369340306
IGR,INGUR,77.587299,11.22501,,,8,4,4,0.0008899766381132495
VZ,VIJAYAMANGALAM,77.522231,11.195525,,,9,4,5,0.0010012237178774058
DLA,DOULTA,78.42932499999999,24.998509000000002,,,8,4,4,0.0008899766381132495
TBT,TALBAHAT,78.414552,25.039255,,,12,5,7,0.0013349649571698743
MZX,MATATILA,78.40284000000001,25.0851,,,9,5,4,0.0010012237178774058
BZY,BASAI,78.394254,25.142923,,,7,3,4,0.0007787295583490933
BAB,BABINA,78.451748,25.237832,,,10,5,5,0.001112470797641562
KHJ,KHAJRAHA,78.478365,25.304157999999997,,,13,7,6,0.0014462120369340306
BJI,BIJAULI,78.51774610000001,25.3764678,,,15,10,5,0.0016687061964623428
JHSA,JHANSI A CABIN,78.545787,25.41949,,,6,3,3,0.0006674824785849371
JHS,JHANSI JN,78.55298499999999,25.443585,,,16,7,9,0.001779953276226499
KRQ,KARARI,78.509084,25.530800000000003,,,7,4,3,0.0007787295583490933
DAA,DATIA,78.456356,25.641070000000003,,,9,6,3,0.0010012237178774058
SOR,SONAGIR,78.409099,25.730668,,,10,6,4,0.001112470797641562
KTRA,KOTRA,78.381661,25.811253999999998,,,10,5,5,0.001112470797641562
DBA,DABRA,78.331015,25.881197,,,7,3,4,0.0007787295583490933
SMTL,SIMARIATAL,78.3042595734,25.9219956094,,,8,5,3,0.0008899766381132495
AEH,ANANT PAITH,78.2761320917,25.955389501299997,,,11,5,6,0.001223717877405718
FRH,Farhatnagar,80.143212,27.081164,NR,Uttar Pradesh,4,2,2,0.00044498831905662476
GATD,Gautamdhara,85.6329945703,23.3498809788,SER,Jharkhand,4,2,2,0.00044498831905662476
GEG,Gir Gadhara,70.919246,20.906347,WR,Gujarat,4,2,2,0.00044498831905662476
FLD,Phulad,73.81311799999999,25.623979,NWR,Rajasthan,4,2,2,0.00044498831905662476
GADM,Ganga Dham,81.930509,27.20976,NER,Uttar Pradesh,4,2,2,0.00044498831905662476
DTR,Dhamtari,81.550321,20.714515000000002,SECR,Chhattisgarh,2,1,1,0.00022249415952831238
DRW,DHAREWADA,72.378575,23.960815999999998,WR,Gujarat,4,2,2,0.00044498831905662476
KZQ,KHIMEL,73.279577,25.300189,NWR,Rajasthan,7,4,3,0.0007787295583490933
HDU,HARDUA,80.2834127417,23.9150542164,,,7,4,3,0.0007787295583490933
HDW,HALDWANI,79.533732,29.215097,NER,Uttarakhand,4,2,2,0.00044498831905662476
AKT,AKALTARA,82.422049,22.029121,,,8,4,4,0.0008899766381132495
HBU,Halbarga,77.298175,17.988470000000003,SCR,Karnataka,4,2,2,0.00044498831905662476
GNH,GANGAKHER,76.755511,18.973377,SCR,Maharashtra,5,2,3,0.000556235398820781
NIA,NAILA,82.56458900000001,22.022963999999998,,,8,4,4,0.0008899766381132495
KMGE,KUMAHU,83.946305,24.976944,,,8,3,5,0.0008899766381132495
SSG,SHIU SAGAR ROAD,83.895453,24.999464999999997,,,8,4,4,0.0008899766381132495
CPH,CHAMPA,82.665149,22.034731,,,9,5,4,0.0010012237178774058
GPX,Gautampura Road,75.68198989999999,23.2008894,WR,Madhya Pradesh,4,2,2,0.00044498831905662476
RGQ,RAIGADH ROAD,73.183592,23.596666,NWR,Gujarat,6,3,3,0.0006674824785849371
GS,GODHANESHWAR,72.36834,22.68118,WR,Gujarat,4,2,2,0.00044498831905662476
GLH,Gulaothi,77.801799,28.582962,NR,Uttar Pradesh,4,2,2,0.00044498831905662476
HNB,Hasanabad,88.912953,22.570155,ER,West Bengal,1,0,1,0.00011124707976415619
PUA,PULLA,81.324846,16.809911,,,13,5,8,0.0014462120369340306
KKRM,KAIKORAM,81.36421899999999,16.815341,,,11,4,7,0.001223717877405718
JER,JALESWAR,87.22049100000001,21.79749,,,11,5,6,0.001223717877405718
FYZ,FAIZULLAPUR,80.893347,25.869213,,,10,6,4,0.001112470797641562
ED,ERODE JN,77.72593400000001,11.327682,,,17,7,10,0.0018912003559906554
HR,Harpalu,75.4910470972,28.569053803099997,NWR,Rajasthan,4,2,2,0.00044498831905662476
RUB,RASULABAD,80.977088,25.826999,,,8,4,4,0.0008899766381132495
SNIE,SATH NARAINI,81.03942,25.795325,,,8,3,5,0.0008899766381132495
DUR,DESUR,74.49801,15.754344,SWR,Karnataka,4,2,2,0.00044498831905662476
CNC,CHINCHLI,74.855323,16.571696999999997,SWR,Karnataka,6,3,3,0.0006674824785849371
MTB,MATLABPUR,78.656727,28.989821,,,4,2,2,0.00044498831905662476
KNT,KANTH,78.621471,29.059768000000002,,,5,3,2,0.000556235398820781
MWE,MEWA NAWADA,78.613167,29.118385,,,5,2,3,0.000556235398820781
SEO,SEOHARA,78.580977,29.204807000000002,,,5,3,2,0.000556235398820781
CAJ,CHAKRAJ MAL,78.536047,29.249784000000002,,,5,2,3,0.000556235398820781
DPR,DHAMPUR,78.501588,29.305446,,,4,2,2,0.00044498831905662476
HBW,HABIBWALA,78.47897300000001,29.349034,,,8,6,2,0.0008899766381132495
GKD,GADHAKDA,71.38171899999999,21.237962,WR,Gujarat,6,3,3,0.0006674824785849371
PNI,PURAINI,78.445574,29.388929,,,12,5,7,0.0013349649571698743
NGG,NAGINA,78.424119,29.437919,,,7,3,4,0.0007787295583490933
BEK,BUNDKI,78.3932854,29.522577000000002,,,9,6,3,0.0010012237178774058
GYN,GYANPUR ROAD,82.4272883557,25.280144010999997,NER,Uttar Pradesh,4,2,2,0.00044498831905662476
MSDR,MURSHADPUR,78.3756456903,29.57239523,,,13,5,8,0.0014462120369340306
NBD,NAJIBABAD JN,78.335733,29.603540000000002,,,13,6,7,0.0014462120369340306
FZL,FAZALPUR,78.27795372130001,29.5937410175,,,10,5,5,0.001112470797641562
CNK,CHANDOK,78.152782,29.576786,,,10,4,6,0.001112470797641562
BLW,BALAWALI,78.1124328,29.6274345,,,7,3,4,0.0007787295583490933
RSI,RAISI,78.0664335504,29.6928321018,,,7,4,3,0.0007787295583490933
AAR,ADESAR,70.9720505023,23.552978399500002,WR,Gujarat,4,2,2,0.00044498831905662476
HRR,HARIHAR,75.812314,14.515431,SWR,Karnataka,8,5,3,0.0008899766381132495
GVA,Ganguwada,84.1072235,18.66763705,ECoR,Andhra Pradesh,4,2,2,0.00044498831905662476
GUX,Gurhi,76.58074500000001,21.629554,SCR,Madhya Pradesh,4,2,2,0.00044498831905662476
HMH,HANUMANGARH JN,74.297633,29.614904,NWR,Rajasthan,10,5,5,0.001112470797641562
AAM,Angadippuram,76.20734300000001,10.979489000000001,SR,Kerala,4,2,2,0.00044498831905662476
PHR,PHILLAUR JN,75.78576100000001,31.016907,,,17,10,7,0.0018912003559906554
LDW,LADHOWAL,75.78581100000001,31.016957,,,12,5,7,0.0013349649571698743
LDH,LUDHIANA JN,75.84787299999999,30.912367,,,19,12,7,0.0021136945155189675
BHOI,DHANDARIKALAN BLOCK HUT,75.87188,30.894741,,,8,4,4,0.0008899766381132495
HKR,Kiwar Khed,76.8767,21.186952,SCR,Maharashtra,4,2,2,0.00044498831905662476
DDL,DHANDARI KALAN,75.90949099999999,30.874477,,,12,6,6,0.0013349649571698743
SNL,SANAHWAL,75.9795,30.837436,,,9,5,4,0.0010012237178774058
DOA,DORAHA,76.04330300000001,30.804137,,,9,4,5,0.0010012237178774058
JSPN,JASPALON,76.0801522656,30.7847375851,,,14,7,7,0.0015574591166981867
CHA,CHAWAPALL,76.127464975,30.7594625741,,,7,4,3,0.0007787295583490933
KNN,KHANNA,76.22513400000001,30.707973,,,5,2,3,0.000556235398820781
GVG,GOVINDGARH,76.2970739075,30.6694834261,,,6,3,3,0.0006674824785849371
SIR,SIRHIND JN,76.383194,30.624222,,,6,3,3,0.0006674824785849371
SDY,SADHOO GARH,76.44847259640001,30.5828632034,,,9,2,7,0.0010012237178774058
SBJ,SARAI BANJARA,76.515682,30.538386,,,14,7,7,0.0015574591166981867
RPJ,RAJPURA JN,76.5940201901,30.486458949,,,12,5,7,0.0013349649571698743
SMU,SAMBHU,76.684143667,30.4290274715,,,19,7,12,0.0021136945155189675
CDL,CHODIALA,77.738546,29.896397999999998,,,14,9,5,0.0015574591166981867
IQB,IQBALPUR,77.803799,29.875114,,,12,6,6,0.0013349649571698743
RK,ROORKEE,77.87417,29.851671,,,11,5,6,0.001223717877405718
DNRA,DHANDHERA,77.9019227979,29.8434029837,,,9,4,5,0.0010012237178774058
DSNI,DAUSNI,77.979636,29.784745,,,12,7,5,0.0013349649571698743
CPT,CHANNAPATNA,77.203824,12.659673000000002,SWR,Karnataka,4,2,2,0.00044498831905662476
KGF,KATHGHAR,78.796689,28.826066,,,9,5,4,0.0010012237178774058
DLP,DALPATPUR,78.87718699999999,28.820438,,,10,5,5,0.001112470797641562
MPH,MUNDHA PANDE,78.939038,28.800366999999998,,,6,3,3,0.0006674824785849371
RMU,RAMPUR,79.023419,28.778862999999998,,,9,5,4,0.0010012237178774058
SAR,SHAHZAD NAGAR,79.05214699999999,28.750033000000002,,,6,2,4,0.0006674824785849371
DAM,DHAMORA,79.087745,28.707129000000002,,,7,4,3,0.0007787295583490933
AABH,AMBIKA BHAWANI HALT,84.9690033484,25.751433665,,,12,6,6,0.0013349649571698743
DGA,DIGHWARA,85.003168,25.743938,,,8,4,4,0.0008899766381132495
STLR,SITALPUR,85.03663800000001,25.768739999999998,,,5,2,3,0.000556235398820781
JDR,JIWDHARA,84.906874,26.581722,ECR,Bihar,4,2,2,0.00044498831905662476
AWP,AGHWANPUR,78.702865,28.939542,,,4,2,2,0.00044498831905662476
KIA,KHARI AMRAPUR,72.913948,23.390711,WR,Gujarat,4,2,2,0.00044498831905662476
IMR,IBRAHIMPUR,75.719362,16.802926,SWR,Karnataka,4,2,2,0.00044498831905662476
JND,JUNAGADH JN,70.457612,21.530606,WR,Gujarat,6,3,3,0.0006674824785849371
JA,JALIYA,71.6324910046,21.8163569109,WR,Gujarat,6,3,3,0.0006674824785849371
IDP,INDUPALLI,80.87706899999999,16.479094,SCR,Andhra Pradesh,4,2,2,0.00044498831905662476
DBL,DODBELE,77.351193,13.216441000000001,SWR,Karnataka,5,2,3,0.000556235398820781
KVD,KHURMABAD ROAD,83.848303,25.021489000000003,,,6,4,2,0.0006674824785849371
JBO,Jamadobu,86.410031,23.715138999999997,SER,Jharkhand,4,2,2,0.00044498831905662476
KTQ,KUDRA,83.79337100000001,25.048552,,,4,2,2,0.00044498831905662476
PSE,PUSAULI,83.72151,25.097235,,,4,2,2,0.00044498831905662476
STPT,SITAMPET,81.211206,16.797409,,,9,3,6,0.0010012237178774058
JHBN,JHAMATPUR BAHARAN,88.098669,23.749987,ER,West Bengal,4,2,2,0.00044498831905662476
UBC,AMBALA CITY,76.763996,30.378497,,,16,11,5,0.001779953276226499
JIT,JIRAT,88.461461,23.098255,ER,West Bengal,4,2,2,0.00044498831905662476
BMD,BHIMADOLU,81.26109679,16.80848173,,,11,6,5,0.001223717877405718
JDD,Jerthi Dadhia,75.2010774705559,27.731618001396782,NWR,Rajasthan,4,2,2,0.00044498831905662476
LXD,LAKSHANNATH ROAD,87.25095300000001,21.842011,,,11,4,7,0.001223717877405718
JGJN,JUGIJAN,92.81771,26.028001,NFR,Assam,7,4,3,0.0007787295583490933
JMI,JAMGURI,93.9604479663,26.3877071452,NFR,Assam,8,4,4,0.0008899766381132495
CSM,CANSAULIM,73.897226,15.344532000000001,SWR,Goa,5,2,3,0.000556235398820781
BPW,BURHPURA,78.42955,25.211179,,,7,3,4,0.0007787295583490933
IDM,Indemau,80.767021,26.318344,NR,Uttar Pradesh,2,1,1,0.00022249415952831238
KSR,KASTURI,81.728838,27.139983,,,9,5,4,0.0010012237178774058
MIR,MAIJAPUR,81.773788,27.141734,,,10,4,6,0.001112470797641562
JNO,Junnor Deo,78.592052,22.191279,CR,Madhya Pradesh,4,2,2,0.00044498831905662476
GDK,GONDA KACHAHRI,81.93402688110001,27.1402272205,,,11,5,6,0.001223717877405718
BRCK,BARUACHAK,82.055181,27.122672,,,9,4,5,0.0010012237178774058
JOL,Jogal,86.88271399999999,21.696442,?,Orissa,4,2,2,0.00044498831905662476
ICL,Ichauli,80.178833,25.520955,NCR,Uttar Pradesh,4,2,2,0.00044498831905662476
MOTG,MOTIGANJ,82.103635,27.101387,,,7,3,4,0.0007787295583490933
JLHI,JHILAHI,82.17287785639999,27.072604043299997,,,8,6,2,0.0008899766381132495
KAU,Kachna,88.0246425354,25.6337383216,NFR,West Bengal,4,2,2,0.00044498831905662476
BBHL,Bela Bela,81.2487596802,26.137192374999998,,,0,0,0,0.0
JOA,JANWAL,76.75514700000001,18.559639999999998,SCR,Maharashtra,5,2,3,0.000556235398820781
JADR,Jadar,72.952369,23.745814000000003,WR,Gujarat,4,2,2,0.00044498831905662476
JJW,Jojwa,73.642431,22.253213000000002,WR,Gujarat,4,2,2,0.00044498831905662476
MUR,MANKAPUR JN,82.227648,27.039058,,,12,5,7,0.0013349649571698743
LKNR,LAKHPAT NAGAR,82.2775887885,27.0276257858,,,14,8,6,0.0015574591166981867
MSW,MASKANWA,82.3597396039,27.0013792301,,,16,5,11,0.001779953276226499
ANU,ANANGUR,77.820053,11.396939999999999,,,11,6,5,0.001223717877405718
POE,Pawapuri Road Halt,85.512918,25.160225,,,0,0,0,0.0
SNC,S NARAYAN CHPLA,82.3961659851,26.9810021017,,,10,5,5,0.001112470797641562
HSB,Hasanbazar Halt,84.34929577759999,25.2665823122,ECR,Bihar,4,2,2,0.00044498831905662476
BNGY,BAHMAN JYOTIA,82.4273550012,26.9662637829,,,11,5,6,0.001223717877405718
PATI,PARSA TEWARI,82.45215499999999,26.95565,,,17,9,8,0.0018912003559906554
JI,JHUSI,81.91664399999999,25.431145,NER,Uttar Pradesh,6,3,3,0.0006674824785849371
GOVR,GOVINDNAGAR,82.707468,26.864223000000003,,,9,5,4,0.0010012237178774058
BST,BASTI,82.77005899999999,26.815678,,,13,6,7,0.0014462120369340306
ORW,ORWARA,82.83031100000001,26.802388999999998,,,8,4,4,0.0008899766381132495
CRV,CHUREB,82.97763599999999,26.782155,,,8,5,3,0.0008899766381132495
MOW,MANANWALA,74.96656200000001,31.612827000000003,,,7,3,4,0.0007787295583490933
JNL,JANDIALA,75.05441200000001,31.589979,,,7,3,4,0.0007787295583490933
TRA,TANGRA,75.107232,31.576425999999998,,,8,4,4,0.0008899766381132495
JSH,Jaswantgarh,74.44396800000001,27.668988,NWR,Rajasthan,4,2,2,0.00044498831905662476
BTR,BUTARI,75.183274,31.556444,,,8,4,4,0.0008899766381132495
BBKR,BABA BAKALARAYA,75.238827,31.541835000000003,,,8,4,4,0.0008899766381132495
BEAS,BEAS,75.2908085,31.5193738,,,6,4,2,0.0006674824785849371
DIW,DHILWAN,75.335011,31.498953,,,6,3,3,0.0006674824785849371
RYM,RAMIDI HALT,75.4078429907,31.4659508779,,,14,11,3,0.0015574591166981867
JKI,Kauriaa Jungle,83.29979800000001,26.881072,?,Uttar Pradesh,4,2,2,0.00044498831905662476
HMR,HAMIRA,75.432702,31.45628,,,6,3,3,0.0006674824785849371
KRE,KARTARPUR,75.492544,31.432388,,,5,2,3,0.000556235398820781
SRX,SURA NUSSI,75.541964,31.380553,,,8,4,4,0.0008899766381132495
POM,Punthottam,79.65731229,10.93262802,,,0,0,0,0.0
LOHA,Loha,74.619424,28.006921,NWR,Rajasthan,4,2,2,0.00044498831905662476
BBSL,BABA SODHAL NAGAR,75.5648681348,31.3530203474,,,8,4,4,0.0008899766381132495
JUC,JALANDHAR CITY,75.591499,31.331665,,,12,5,7,0.0013349649571698743
KBA,Kurabalakota,78.48584299999999,13.666284000000001,SCR,Andhra Pradesh,4,2,2,0.00044498831905662476
JRC,JALANDHAR CANT,75.63210600000001,31.306235,,,18,10,8,0.0020024474357548117
ABE,Ambikeshwar,77.963828,26.368567,NCR,Madhya Pradesh,4,2,2,0.00044498831905662476
CEU,CHIHERU,75.70669127869999,31.262694745,,,19,13,6,0.0021136945155189675
MLIH,MAULI HALT,75.769234,31.175,,,24,8,16,0.0026699299143397486
MAUL,MAULA ALI,75.769544,31.17531,,,12,6,6,0.0013349649571698743
GRY,GORAYA,75.77419300000001,31.129722,,,19,10,9,0.0021136945155189675
JTO,Jutogh,77.122043,31.100734,NR,Himachal Pradesh,4,2,2,0.00044498831905662476
JPS,Jamalpur Shaikhan,75.857438,29.699949,?,Punjab,4,2,2,0.00044498831905662476
BTTN,BHATIAN,75.780007,31.071444,,,22,13,9,0.002447435754811436
PPDA,PANCHPATIA DEORIA HALT,84.9361293799,25.768730655699997,,,8,4,4,0.0008899766381132495
KHBV,KHARBAO,72.983444,19.297247,CR,Maharashtra,14,9,5,0.0015574591166981867
KEV,KELA DEVI,77.329069,27.015612,WCR,Rajasthan,4,2,2,0.00044498831905662476
KDE,KORADACHERI,79.49003499999999,10.771022,SR,Tamil Nadu,4,2,2,0.00044498831905662476
SHGN,SHRI GHASINAGAR,76.6268054126,27.086514837299998,,,5,2,3,0.000556235398820781
QGT,KOLAGHAT,87.879653656,22.434330919300002,,,4,2,2,0.00044498831905662476
BW,BIWAI,76.6960924713,27.110623039700002,,,5,3,2,0.000556235398820781
KHM,KUSMHI,83.453837,26.72824,,,9,5,4,0.0010012237178774058
NYN,NAINI,81.86004199999999,25.393138,,,22,10,12,0.002447435754811436
CTHR,CHITAHRA,80.842854,24.862627000000003,WCR,Madhya Pradesh,6,3,3,0.0006674824785849371
STA,SATNA,80.827717,24.568619,WCR,Madhya Pradesh,13,6,7,0.0014462120369340306
KALS,KALAS HALT,75.3899776996,15.08644671,SWR,Karnataka,6,4,2,0.0006674824785849371
KLPM,KAILASAPURAM,77.9946102,8.847387005,SR,Tamil Nadu,4,2,2,0.00044498831905662476
KHNP,Khanapur Deccan,77.382161,17.942175,SCR,Karnataka,4,2,2,0.00044498831905662476
KBSH,Krishna Ballabh,86.482965,24.255819,ER,Jharkhand,4,2,2,0.00044498831905662476
KEMA,KUKMA,69.766265,23.217031,WR,Gujarat,4,2,2,0.00044498831905662476
KKDI,Karaikkudi Junction,78.79331499999999,10.068518,SR,Tamil Nadu,6,3,3,0.0006674824785849371
JXN,JIRONA,77.95139499999999,19.407451000000002,?,Maharashtra,5,2,3,0.000556235398820781
KJZ,KARONJI,82.923013,23.282475,SECR,Chhattisgarh,4,2,2,0.00044498831905662476
KDZ,Kandaghat,77.106996,30.965544,NR,Himachal Pradesh,4,2,2,0.00044498831905662476
NPB,Nagapattinam Beach,79.848443,10.764487,SR,Tamil Nadu,4,2,2,0.00044498831905662476
MNU,MUNDIKOTA,79.834833,21.372513,,,5,3,2,0.000556235398820781
JWN,Jiwa Arain,74.355654,30.673761,NR,Punjab,4,2,2,0.00044498831905662476
KWN,KACHEWANI,79.981657,21.430310000000002,,,9,6,3,0.0010012237178774058
AGN,AMGAON,80.3746491022,21.361292855400002,,,11,3,8,0.001223717877405718
DURG,DURG,81.291837,21.200326999999998,,,17,8,9,0.0018912003559906554
KPNA,KAPAN,82.494827,22.026018,,,8,3,5,0.0008899766381132495
KDTR,KIRODIMALNAGAR,83.33250699999999,21.926994,,,4,2,2,0.00044498831905662476
MTGE,MUTHANI,83.61914300000001,25.173236999999997,,,4,2,2,0.00044498831905662476
SPF,STUARTPURAM,80.406913,15.868003,,,10,7,3,0.001112470797641562
EE,ELURU,81.11976200000001,16.717816,,,13,5,8,0.0014462120369340306
DEL,DENDULURU,81.18047200000001,16.781406,,,12,8,4,0.0013349649571698743
AGV,ANGUA,87.26992299999999,21.892581999999997,,,13,8,5,0.0014462120369340306
DNT,DANTAN,87.284055,21.930376,,,13,8,5,0.0014462120369340306
KHTN,Khutauna,86.397414,26.494365000000002,ECR,Bihar,4,2,2,0.00044498831905662476
BBU,BHABUA ROAD,83.618913,25.173007,,,5,2,3,0.000556235398820781
KJC,Kasganj City,78.658063,27.814972,NER,Uttar Pradesh,4,2,2,0.00044498831905662476
DGO,DURGAUTI,83.539684,25.207897000000003,,,5,3,2,0.000556235398820781
MVPM,MAVELIPALAIYAM,77.89921204650001,11.4809140096,,,14,5,9,0.0015574591166981867
SGE,SANKARIDURG,77.870439,11.445732,,,16,9,7,0.001779953276226499
DCX,DHANICHHA,83.4908372314,25.2271654039,,,6,2,4,0.0006674824785849371
KID,KHAIRAR JN,80.236073,25.451955,NCR,Uttar Pradesh,4,2,2,0.00044498831905662476
KHOH,KHOH,80.979976,25.209491000000003,NCR,Uttar Pradesh,4,2,2,0.00044498831905662476
KLI,Kauli,76.51987899999999,30.418387999999997,NR,Punjab,4,2,2,0.00044498831905662476
KLAR,KULPAHAR,79.63751,25.29552,NCR,Uttar Pradesh,4,2,2,0.00044498831905662476
KMS,KARAMNASA,83.430892,25.239738,,,6,3,3,0.0006674824785849371
KHBJ,KHANNA BANJARI,80.822716,23.897087,WCR,Madhya Pradesh,5,3,2,0.000556235398820781
SYJ,SAIDRAJA,83.35118,25.253531,,,9,4,5,0.0010012237178774058
GAQ,GANJ KHAWAJA,83.18436299999999,25.273922000000002,,,6,2,4,0.0006674824785849371
FOCM,FLYOVER CABIN MUGHALSARAI,83.172391,25.289358999999997,,,6,3,3,0.0006674824785849371
KCT,Kirakat,82.924798,25.645355,NER,Uttar Pradesh,4,2,2,0.00044498831905662476
KLD,KHALILABAD,83.055073,26.77453,,,10,7,3,0.001112470797641562
MHH,MAGHAR,83.133741,26.750013,,,13,4,9,0.0014462120369340306
SIPR,SIHAPAR,83.16487227660001,26.757903231,,,13,8,5,0.0014462120369340306
SWA,SAHJANWA,83.2147,26.763075,,,10,7,3,0.001112470797641562
MWH,MALWAN,80.685594,26.017246,,,4,2,2,0.00044498831905662476
JTB,JAGATBELA,83.278505,26.772224,,,9,6,3,0.0010012237178774058
KJS,Krishnarajasagar,76.56702899999999,12.401425999999999,SWR,Karnataka,8,4,4,0.0008899766381132495
KLK,Kalka,76.931759,30.837667,NR,Haryana,4,2,2,0.00044498831905662476
KKS,KURASTI KALAN,80.752455,25.955085,,,4,2,2,0.00044498831905662476
FTP,FATEHPUR,80.801869,25.917489,,,6,2,4,0.0006674824785849371
DMG,DOMINGARH,83.341993,26.765251,,,9,4,5,0.0010012237178774058
BTK,BANKATA,84.09492,26.265917,,,8,5,3,0.0008899766381132495
KKL,KALA BAKRA,75.63034779659999,31.4751812122,NR,Punjab,6,4,2,0.0006674824785849371
BAGL,BARAGOPAL,84.906765,25.765088,,,7,3,4,0.0007787295583490933
ATNR,AWATAR NAGAR,84.956774,25.764395999999998,,,10,6,4,0.001112470797641562
KHKT,KHOTKHOTI,93.754761,25.952482999999997,NFR,Assam,10,5,5,0.001112470797641562
ARI,ANTRI,78.2266994458,26.0352337224,,,11,5,6,0.001223717877405718
KDPS,KADIPUR SANI HA,80.779037,27.862753,NER,Uttar Pradesh,6,3,3,0.0006674824785849371
KITN,KHIRI TOWN,80.788481,27.902943999999998,NER,Uttar Pradesh,9,5,4,0.0010012237178774058
MNF,MANDA ROAD,82.236678,25.162718,,,12,7,5,0.0013349649571698743
MZP,MIRZAPUR,82.56986900000001,25.13435,,,7,3,4,0.0007787295583490933
JHG,JHINGURA,82.6513464526,25.124474674400002,,,7,3,4,0.0007787295583490933
PRE,PAHARA,82.7247816913,25.1197842638,,,9,3,6,0.0010012237178774058
DAP,DAGMAGPUR,82.800991,25.098881000000002,,,10,4,6,0.001112470797641562
CAR,CHUNAR,82.874703,25.103351,,,15,12,3,0.0016687061964623428
KYT,KAILAHAT,82.947581,25.155223,,,11,5,6,0.001223717877405718
ARW,AHRAURA ROAD,83.0188834607,25.1965007241,,,11,5,6,0.001223717877405718
JEP,JEONATHPUR,83.0618954504,25.2313981241,,,18,11,7,0.0020024474357548117
NEWC,NEW WEST CABIN,83.10921,25.273789999999998,,,14,7,7,0.0015574591166981867
PRKD,POWERKHEDA,77.747363,22.673479,,,9,4,5,0.0010012237178774058
ITKL,ITAYAKALAN,77.5462,23.049837,,,9,5,4,0.0010012237178774058
KOZ,KOSMA,78.837282,27.156663,NCR,Uttar Pradesh,5,2,3,0.000556235398820781
MDDP,MANDI DIP,77.511077,23.093747,,,11,6,5,0.001223717877405718
KTM,KUTRALAM,79.557389,11.069825000000002,SR,Tamil Nadu,8,4,4,0.0008899766381132495
NGN,NANDGAON,74.659526,20.307616,,,14,8,6,0.0015574591166981867
KTX,KATAKHAL JN,92.62706700000001,24.83436,NFR,Assam,12,6,6,0.0013349649571698743
KRBA,Korba,82.71301299999999,22.337584,SECR,Chhattisgarh,5,3,2,0.000556235398820781
ET,ITARSI JN,77.767128,22.608258,,,21,8,13,0.00233618867504728
KSAR,KUDALA SANGAM,75.891059,16.306774,SWR,Karnataka,4,2,2,0.00044498831905662476
KIAT,KYATSANDRA,77.1481127075,13.3161963923,SWR,Karnataka,8,4,4,0.0008899766381132495
KSPR,KASHIPURA SARAR,73.145838,22.120085999999997,,,14,5,9,0.0015574591166981867
CNT,CONTAI ROAD,87.33984000000001,22.078584,,,21,14,7,0.00233618867504728
KRMD,Kuarmunda,84.789851,22.286675000000002,SER,Orissa,4,2,2,0.00044498831905662476
GEA,GHATERA,79.6733909,23.8293873,,,6,3,3,0.0006674824785849371
KQD,KHAIRATABAD DCN,78.46165,17.414221,SCR,Andhra Pradesh,5,2,3,0.000556235398820781
MHUL,Mehuwala Halt,75.31496800000001,29.411154,,,0,0,0,0.0
ORKI,ORKI,73.891318,30.091597,NR,Rajasthan,4,2,2,0.00044498831905662476
HYA,HADIAYA,75.477006,30.337054,NR,Punjab,4,2,2,0.00044498831905662476
MLQ,Malkera Junction,86.29694900000001,23.779733,SER,Jharkhand,4,2,2,0.00044498831905662476
KOHR,Kohir Deccan,77.71197699999999,17.608886,SCR,Andhra Pradesh,4,2,2,0.00044498831905662476
HMQ,HIMMATPURA,75.860597,29.750497,NR,Haryana,5,3,2,0.000556235398820781
NBKH,NABA GRAM KANKU,88.10026,23.661572,ER,West Bengal,5,2,3,0.000556235398820781
ABKA,AMBIKA KALNA,88.353984,23.211377,ER,West Bengal,5,2,3,0.000556235398820781
KMAE,KHAMARGACHHI,88.44421,23.054229,ER,West Bengal,4,2,2,0.00044498831905662476
IPPM,IPURUPALEM,80.38512200000001,15.851913000000001,,,16,7,9,0.001779953276226499
KNNK,Kanina Khas,76.300375,28.321248999999998,NWR,Haryana,4,2,2,0.00044498831905662476
NZD,NUZVID,80.96152799999999,16.649931,,,13,7,6,0.0014462120369340306
KNH,Konch,79.15770702,25.99510551,NCR,Uttar Pradesh,2,1,1,0.00022249415952831238
VAT,VATLUR,81.044473,16.69451,,,11,5,6,0.001223717877405718
HOJ,HAMITONGANJ,89.416841,26.688907,NFR,West Bengal,7,4,3,0.0007787295583490933
KMKD,KHAMKHED,76.122339,20.904161000000002,,,10,6,4,0.001112470797641562
NSI,NIKURSINI,87.30618600000001,22.004654000000002,,,13,7,6,0.0014462120369340306
KTKL,KOTLI KALAN,75.297550556,30.0411022365,NR,Punjab,5,2,3,0.000556235398820781
JSRD,Jhankad Sarala Road,86.304284,20.290186,?,Orissa,4,2,2,0.00044498831905662476
DPT,Dalpat Singhpur,73.524416,29.929458,,,0,0,0,0.0
BLDA,BELDA,87.33691374,22.07144398,,,18,8,10,0.0020024474357548117
MAKR,MALKHERI,78.223009,24.169924,,,15,8,7,0.0016687061964623428
DC,MAGUDANCHAVADI,77.987264,11.55092,,,14,6,8,0.0015574591166981867
BJQ,BAGHORA,78.2603362,24.1358767,,,9,4,5,0.0010012237178774058
KYE,KHURAI,78.33112799999999,24.051525,,,4,2,2,0.00044498831905662476
SMRR,SUMRERI,78.399411,24.006945,,,4,2,2,0.00044498831905662476
KOY,KHEROL,72.934133,23.310434,WR,Gujarat,4,2,2,0.00044498831905662476
JLM,JALIYA MATH,72.877596,23.227583000000003,WR,Gujarat,4,2,2,0.00044498831905662476
JRK,JERUWA KHERA,78.478729,23.973744999999997,,,4,2,2,0.00044498831905662476
CV,KAVERI,77.760945,11.351027,,,11,7,4,0.001223717877405718
ISH,ISARWARA,78.548987,23.927214,,,4,2,2,0.00044498831905662476
NOI,NARIAOLI,78.604147,23.89567,,,5,2,3,0.000556235398820781
KSI,Kosli,76.464704,28.411947,NWR,Haryana,4,2,2,0.00044498831905662476
RTZ,RATONA,78.685372,23.83539,,,6,3,3,0.0006674824785849371
SGO,SAUGOR,78.74292,23.84735,,,6,3,3,0.0006674824785849371
KUV,Kundara,76.67854899999999,8.960373,SR,Kerala,4,2,2,0.00044498831905662476
DEC,DELHI CANTT,77.116577,28.613534,NR,Delhi NCT,12,6,6,0.0013349649571698743
MKRN,MAKRONIA,78.80807700000001,23.867050000000003,,,5,2,3,0.000556235398820781
LDA,LIDHORA KHURD,78.87232300000001,23.852972,,,5,3,2,0.000556235398820781
KYX,KARHIYA BHADELI,79.50456299999999,23.858463999999998,,,6,3,3,0.0006674824785849371
GTY,GOLA PATI,79.738652,23.798776,,,8,4,4,0.0008899766381132495
SAO,SAGONI,79.8114389709,23.811896152499997,,,6,3,3,0.0006674824785849371
SYA,SALAIA,79.96911659119999,23.8460764217,,,5,2,3,0.000556235398820781
KMLR,Kamalur,81.276887,18.854521000000002,ECoR,Chhattisgarh,2,1,1,0.00022249415952831238
MJGP,MAJHGAWAN PHATA,80.3474740967,23.883133289299998,,,14,7,7,0.0015574591166981867
KMZ,KATNI MURWARA,80.4014844,23.8343563,,,11,6,5,0.001223717877405718
KNPS,Kendposi,85.73248199999999,22.294845000000002,SER,Jharkhand,4,2,2,0.00044498831905662476
BKO,BINDKI ROAD,80.580557,26.116562000000002,,,4,2,2,0.00044498831905662476
KSQ,KANSPUR GUGAULI,80.625838,26.074302,,,4,2,2,0.00044498831905662476
NGTN,NAGOTHANE,73.14076899999999,18.539932,CR,Maharashtra,9,4,5,0.0010012237178774058
KNF,Khanudih,86.19215700000001,23.820217999999997,SER,Jharkhand,4,2,2,0.00044498831905662476
AGD,AGASOD,78.216912,24.234023,,,19,12,7,0.0021136945155189675
KOA,KARONDA,78.265477,24.330273,,,12,5,7,0.0013349649571698743
MXS,MOHASA,78.2889,24.378687,,,10,5,5,0.001112470797641562
KORI,Khori,76.498091,28.187268,NWR,Haryana,6,3,3,0.0006674824785849371
DUA,DHAURA,78.321791,24.44965,,,11,4,7,0.001223717877405718
JLN,JAKHALAUN,78.341911,24.547359,,,15,10,5,0.0016687061964623428
JRO,JIRON,78.361937,24.608534000000002,,,14,5,9,0.0015574591166981867
LAR,LALITPUR,78.395791,24.688222,,,13,7,6,0.0014462120369340306
DWA,DAILWARA,78.392945,24.78059,,,11,3,8,0.001223717877405718
JHA,JAKHAURA,78.400513,24.870821,,,10,8,2,0.001112470797641562
GKB,GHATAKA VARANA,76.160353,25.506883,,,6,4,2,0.0006674824785849371
LRD,LAR ROAD,83.91018299999999,26.21389,NER,Uttar Pradesh,4,2,2,0.00044498831905662476
LHM,LEHRA MUHABBAT,75.162817,30.236037,NR,Punjab,4,2,2,0.00044498831905662476
JL,JALGAON JN,75.56287499999999,21.018114999999998,,,13,7,6,0.0014462120369340306
ARE,ARNETHA,76.01867416990001,25.3897784806,,,13,7,6,0.0014462120369340306
LBG,LIMBGAON,77.2061342529,19.176458097999998,SCR,Maharashtra,5,3,2,0.000556235398820781
KPTN,KESHORAI PATAN,75.937733,25.324522,,,12,6,6,0.0013349649571698743
GNCN,GURLA N CABIN,75.9046559998,25.2972303873,,,8,4,4,0.0008899766381132495
HPR,HIRAPUR,74.9366600031,20.424540226700003,,,11,6,5,0.001223717877405718
GQLN,GURLA N,75.90029863459999,25.2936031538,,,7,4,3,0.0007787295583490933
MASK,MAISAR KHANA,75.13917000000001,30.099805,NR,Punjab,10,5,5,0.001112470797641562
LKBL,LAKHABAWAL,69.99951399999999,22.409215,WR,Gujarat,11,6,5,0.001223717877405718
GQLW,GURLA W,75.8848308038,25.2903301845,,,4,2,2,0.00044498831905662476
KZY,Kayalpattinam,78.09973,8.566912,SR,Tamil Nadu,4,2,2,0.00044498831905662476
GQL,GURLA,75.88526800000001,25.270233,,,10,4,6,0.001112470797641562
SNJL,SANJALI,72.98861337459999,21.5758091157,,,11,6,5,0.001223717877405718
KURO,Korari,80.529002,26.48788,NR,Uttar Pradesh,4,2,2,0.00044498831905662476
KSB,KOSAMBA JN,72.95459799999999,21.464052,,,16,8,8,0.001779953276226499
KCCN,KCCN,75.879265,25.239081,,,8,4,4,0.0008899766381132495
KMNP,Kishan Manpura,75.504945,27.299546000000003,NWR,Rajasthan,6,3,3,0.0006674824785849371
STN,SITARAMPUR,86.896472,23.723864,,,11,6,5,0.001223717877405718
TNW,THAPAR NAGAR,86.70137,23.769198,,,5,3,2,0.000556235398820781
MAI,MEHSI,85.096319,26.354898000000002,ECR,Bihar,7,4,3,0.0007787295583490933
LMT,ALMATTI,75.90050000000001,16.3459,SWR,Karnataka,6,3,3,0.0006674824785849371
KXK,Kharkhauda,77.73904300000001,28.833444999999998,NR,Uttar Pradesh,6,3,3,0.0006674824785849371
LKDU,Lankalakoderu,81.68124399999999,16.534517,SCR,Andhra Pradesh,4,2,2,0.00044498831905662476
ABKP,AMBIKAPUR,83.14510899999999,23.137032,SECR,Chhattisgarh,3,1,2,0.0003337412392924686
LM,LIMBDI,71.789599,22.566039999999997,WR,Gujarat,4,2,2,0.00044498831905662476
LGO,LalgopalGanj,81.630185,25.642195,NR,Uttar Pradesh,5,2,3,0.000556235398820781
CI,CHHAPRA KACHERI,84.74709499999999,25.785987000000002,,,14,6,8,0.0015574591166981867
GJH,GOLDINGANJ,84.827254,25.754174,,,9,6,3,0.0010012237178774058
LAP,Lohapur,87.963719,24.302357,ER,West Bengal,4,2,2,0.00044498831905662476
JAQ,JANDRAPETA,80.333681,15.809517,,,17,7,10,0.0018912003559906554
CLX,CHIRALA,80.353602,15.830755,,,15,6,9,0.0016687061964623428
VRVL,VIRAVALLI,80.912201,16.615947,,,19,11,8,0.0021136945155189675
KUP,KUP,75.852845957,30.6007316295,NR,Punjab,4,2,2,0.00044498831905662476
LLJ,LalGanj,80.973175,26.172392000000002,NR,Uttar Pradesh,4,2,2,0.00044498831905662476
CKB,CHAUTH KA BARWARA,76.14905300000001,26.051333,,,7,5,2,0.0007787295583490933
CRKR,CHAURAKHERI,77.12201900000001,24.567234000000003,WCR,Rajasthan,4,2,2,0.00044498831905662476
DXD,DIGOD,76.01539600000001,25.196344,WCR,Rajasthan,6,3,3,0.0006674824785849371
KJME,KAJORAGRAM,87.18466500000001,23.615327,ER,West Bengal,4,2,2,0.00044498831905662476
MAE,Matheran,73.270911,18.989244,CR,Maharashtra,2,1,1,0.00022249415952831238
MADA,Maonda,75.827673,27.809478,NWR,Rajasthan,6,3,3,0.0006674824785849371
VRPD,VIRAPANDY ROAD,78.07458100000001,11.59699,,,10,6,4,0.001112470797641562
KBN,KARBIGWAN,80.502629,26.200502,,,9,4,5,0.0010012237178774058
AUNG,AUNG,80.544495,26.16423,,,6,3,3,0.0006674824785849371
LNN,LONAND,74.190477,18.040769,CR,Maharashtra,5,3,2,0.000556235398820781
SLV,SANDALPUR,78.19639500000001,26.113488,,,6,3,3,0.0006674824785849371
STLI,SITHOULI,78.18700399999999,26.145594,,,8,2,6,0.0008899766381132495
GWL,GWALIOR JN,78.18229199999999,26.216483,,,14,7,7,0.0015574591166981867
RRU,RAYARU,78.12986400000001,26.307454,,,8,5,3,0.0008899766381132495
BAO,BANMOR,78.0989272,26.355565,,,11,7,4,0.001223717877405718
KXA,Kuanriya,74.000153,25.130668,NWR,Rajasthan,4,2,2,0.00044498831905662476
NUB,NURABAD,78.078092,26.406043999999998,,,12,5,7,0.0013349649571698743
SANK,SANK,78.059751,26.430519999999998,,,14,8,6,0.0015574591166981867
MRA,MORENA,78.003442,26.500504,,,17,5,12,0.0018912003559906554
HET,HETAMPUR,77.942969,26.611148,,,11,4,7,0.001223717877405718
GHER,GHER,77.950981,26.666953,,,10,5,5,0.001112470797641562
DHO,DHAULPUR,77.90604900000001,26.697592,,,18,11,7,0.0020024474357548117
KZB,Kurumbur,78.03964,8.585754999999999,SR,Tamil Nadu,4,2,2,0.00044498831905662476
NCU,Nallacheruvu,78.17773399999999,14.020565,SCR,Andhra Pradesh,4,2,2,0.00044498831905662476
MIA,MANIA,77.91964999999999,26.805806,,,15,7,8,0.0016687061964623428
JJ,JAJAU,77.936725,26.934561,,,8,3,5,0.0008899766381132495
BFP,BILOCHPURA AGRA,77.987169,27.202619000000002,,,10,4,6,0.001112470797641562
LWS,LUKWASA,77.590102,25.110195,WCR,Madhya Pradesh,4,2,2,0.00044498831905662476
RNKA,RUNKUTA,77.89793499999999,27.22285,,,8,5,3,0.0008899766381132495
TKEC,TUGLAKABAD EAST CABIN,77.276461,28.547701,,,16,10,6,0.001779953276226499
MALA,MALA,79.916972,28.592851,NER,Uttar Pradesh,8,4,4,0.0008899766381132495
MBO,Mairabari,92.421058,26.450839000000002,NFR,Assam,2,1,1,0.00022249415952831238
MAA,MAVAL,72.70044,24.432277,NWR,Rajasthan,6,3,3,0.0006674824785849371
KWI,KIVARLI,72.8424186963,24.5405071601,NWR,Rajasthan,10,4,6,0.001112470797641562
SLBN,SALAI BANWA,83.00889543950001,24.421213361299998,,,5,3,2,0.000556235398820781
NKJ,NEW KATNI JN,80.4204539438,23.8136370394,,,11,6,5,0.001223717877405718
MMM,MANDAPAM,79.157354,9.280516,SR,Tamil Nadu,4,2,2,0.00044498831905662476
MJHL,MAJADA HALT,78.74320900000001,28.461762,NR,Uttar Pradesh,10,5,5,0.001112470797641562
MLMG,MALLEMADUGU,80.1605882117,17.3251381906,SCR,Andhra Pradesh,11,4,7,0.001223717877405718
RTGN,RATANGAON,79.8925106329,23.8365760851,,,4,2,2,0.00044498831905662476
PTHD,PATOHAN,80.1904672913,23.914016508499998,,,5,2,3,0.000556235398820781
MLSU,MALSAILU,77.1232376385,19.8680489165,SCR,Maharashtra,4,2,2,0.00044498831905662476
ABS,ABOHAR,74.19568617739999,30.1393834225,NR,Punjab,7,3,4,0.0007787295583490933
MONJ,MONGLAJHORA,89.963309,26.259236,NFR,Assam,2,1,1,0.00022249415952831238
MHO,MAHPUR,83.246984,25.605166,NER,Uttar Pradesh,4,2,2,0.00044498831905662476
GSPR,GOSALPUR,80.059225,23.381806,WCR,Madhya Pradesh,7,3,4,0.0007787295583490933
MML,MADAN MAHAL,79.920425,23.159475,WCR,Madhya Pradesh,7,3,4,0.0007787295583490933
MLP,MALLAPUR,75.610219,15.672447,SWR,Karnataka,6,3,3,0.0006674824785849371
ABW,Abutara Halt,89.5868746,26.0707762,NFR,West Bengal,2,1,1,0.00022249415952831238
VGL,VAGHLI,75.074337,20.522648999999998,,,14,9,5,0.0015574591166981867
MGB,Mudigubba,77.994996,14.349934000000001,SCR,Andhra Pradesh,4,2,2,0.00044498831905662476
MKSR,Mokalsar,72.5180445245,25.625350216,NWR,Rajasthan,4,2,2,0.00044498831905662476
MYK,MAYAKONDA,76.08138100000001,14.284214,SWR,Karnataka,7,4,3,0.0007787295583490933
DKZ,DELHI KISHANGANJ,77.201256,28.664731999999997,NR,Delhi NCT,12,7,5,0.0013349649571698743
MORA,MORAIYA,72.454814,22.946834,WR,Gujarat,4,2,2,0.00044498831905662476
KRZ,KHARAWAR,76.681044,28.83154,NR,Haryana,6,3,3,0.0006674824785849371
MKDD,MUKUNDWADI HALT,75.367553,19.859544,SCR,Maharashtra,5,2,3,0.000556235398820781
ABX,AMBARI,78.2166847791,19.6893606972,SCR,Maharashtra,5,3,2,0.000556235398820781
BQT,BAKTAR NAGAR,87.15689900000001,23.589945,,,8,4,4,0.0008899766381132495
RNG,RANIGANJ,87.11698,23.602851,,,14,7,7,0.0015574591166981867
NMC,NIMCHA,87.090288,23.626716,,,8,4,4,0.0008899766381132495
KPK,KALIPAHARI,87.01593,23.6652,,,10,5,5,0.001112470797641562
ASNE,ASANSOL EAST,86.991176,23.686432,,,16,8,8,0.001779953276226499
ASN,ASANSOL JN,86.975152,23.691441,,,14,7,7,0.0015574591166981867
BCQ,BARACHAK,86.92813299999999,23.706726,,,7,3,4,0.0007787295583490933
MIAL,Milaoli,78.120963,26.296423,NCR,Madhya Pradesh,4,2,2,0.00044498831905662476
ZARP,ZARAP,73.734105,15.94768,KR,Maharashtra,8,4,4,0.0008899766381132495
MGI,Manigachi,86.146605,26.213719,ECR,Bihar,4,2,2,0.00044498831905662476
MHN,Mahanadi,88.318628,26.882301000000002,NFR,West Bengal,2,1,1,0.00022249415952831238
MKRD,Machhakunda,82.666955,18.566875,ECoR,Orissa,2,1,1,0.00022249415952831238
MHI,Manihari,87.6197250085,25.343215469,NFR,Bihar,2,1,1,0.00022249415952831238
TOU,TELAPROLU,80.890556,16.598822000000002,,,19,12,7,0.0021136945155189675
MDKD,MADHUKUNDA,86.869091,23.626630000000002,SER,West Bengal,4,2,2,0.00044498831905662476
PMPR,PAMPORE,80.4835424152,26.2451000771,,,14,7,7,0.0015574591166981867
MRJ,MIRAJ JN,74.638839,16.819946,CR,Maharashtra,11,5,6,0.001223717877405718
BHA,BHANDAI,77.96680748,27.06906445,,,10,5,5,0.001112470797641562
MNWL,MANWAL,75.13222499999999,32.769105,NR,Jammu and Kashmir,4,2,2,0.00044498831905662476
AGC,AGRA CANTT,77.990153,27.157992,,,18,10,8,0.0020024474357548117
RKM,RAJA KI MANDI,77.996613,27.193811,,,14,5,9,0.0015574591166981867
KXM,KITHAM,77.817054,27.253709,,,12,8,4,0.0013349649571698743
FHT,FARAH TOWN,77.75808599999999,27.318183,,,13,6,7,0.0014462120369340306
MDVL,MANDAVALLI,81.1607440393,16.518809308199998,SCR,Andhra Pradesh,4,2,2,0.00044498831905662476
FAR,FARAH,77.743659,27.334474,,,10,6,4,0.001112470797641562
CPLE,CHINPAI,87.46063699999999,23.839677000000002,ER,West Bengal,4,2,2,0.00044498831905662476
BAD,BAAD,77.68965184,27.3959406,,,12,6,6,0.0013349649571698743
VRBD,VRINDABAN ROAD,77.622835,27.555461,,,16,9,7,0.001779953276226499
AJH,AJHAI,77.55842299999999,27.63615,,,13,4,9,0.0014462120369340306
CHJ,CHATA,77.502978,27.711992000000002,,,14,8,6,0.0015574591166981867
KSV,KOSI KALAN,77.445999,27.788551,,,13,5,8,0.0014462120369340306
BNCR,BANCHARI,77.362553,27.953084999999998,,,6,3,3,0.0006674824785849371
MJNL,MAJRI NANGAL,76.554869,28.011996999999997,NWR,Rajasthan,6,3,3,0.0006674824785849371
DSPT,DANISHPET,78.1382563446,11.858919162400001,,,7,3,4,0.0007787295583490933
SHLK,SHOLAKA,77.360583,27.973644,,,11,6,5,0.001223717877405718
PWL,PALWAL,77.34223200000001,28.151841,,,16,5,11,0.001779953276226499
AST,ASAOTI,77.323569,28.250878,,,12,6,6,0.0013349649571698743
PYLA,PIYALA BLOCK HUT,77.317824,28.288129,,,4,2,2,0.00044498831905662476
BVH,BALLABGARH,77.312775968,28.3408609239,,,14,7,7,0.0015574591166981867
TNT,TINNAPPATTI,78.09880299999999,11.812422,,,8,5,3,0.0008899766381132495
KPPR,KARUPPUR,78.090379,11.724176,,,9,3,6,0.0010012237178774058
FDN,FARIDABAD NEW TOWN,77.30936799999999,28.376247999999997,,,15,8,7,0.0016687061964623428
TKDC,TUGLAKABAD CABIN,77.303032,28.458853,,,4,2,2,0.00044498831905662476
TKD,TUGLAKABAD,77.294046,28.511962999999998,,,13,8,5,0.0014462120369340306
MIN,Mihinpurwa,81.38446715209999,28.0273441203,NER,Uttar Pradesh,8,4,4,0.0008899766381132495
MME,Mul Marora,79.65827900000001,20.053466,SECR,Maharashtra,4,2,2,0.00044498831905662476
MDPB,MADHOPUR PUNJAB,75.594728,32.359168000000004,NR,Punjab,9,7,2,0.0010012237178774058
GILA,GHIALA,75.64393899999999,32.151615,NR,Punjab,14,6,8,0.0015574591166981867
MEX,MUKERIAN,75.61183799999999,31.941873,NR,Punjab,9,4,5,0.0010012237178774058
MLC,MALKISAR,73.862645,28.654232,NWR,Rajasthan,4,2,2,0.00044498831905662476
KVJ,KESHAVGANJ,73.07132899999999,24.856164,NWR,Rajasthan,5,3,2,0.000556235398820781
NEMA,Nema Halt,85.0722485132,25.409592285400002,?,Bihar,4,2,2,0.00044498831905662476
MV,MAYILADUTURAI JN,79.62868,11.095237000000001,SR,Tamil Nadu,6,3,3,0.0006674824785849371
NILE,NIMTITA,88.00764,24.625338,ER,West Bengal,6,3,3,0.0006674824785849371
BLRD,BALA ROAD,71.703754,22.80462,WR,Gujarat,13,6,7,0.0014462120369340306
MRTY,MURTI,76.59157300000001,18.681887,SCR,Maharashtra,6,3,3,0.0006674824785849371
MCJ,MANJATTIDAL,78.731401,10.792057,SR,Tamil Nadu,4,2,2,0.00044498831905662476
VG,VIRAMGAM JN,72.052968,23.129098,,,18,9,9,0.0020024474357548117
RHNE,ROHINI,74.859800722,20.3628714458,,,14,5,9,0.0015574591166981867
XSK,SOKALI,72.09033854249999,23.1031879212,,,16,8,8,0.001779953276226499
JKA,JAKHVADA,72.1353813153,23.0872076126,,,14,7,7,0.0015574591166981867
VCN,VIROCHANNAGAR,72.1961836121,23.0784842293,,,10,5,5,0.001112470797641562
TGR2,BLOCK AND CATCH SIDING CABINE NO.2,73.499954,19.701406,,,8,4,4,0.0008899766381132495
MZH,MAUHARI,81.769465,23.118661000000003,SECR,Madhya Pradesh,4,2,2,0.00044498831905662476
MVD,MULVAD,75.746926,16.620372,SWR,Karnataka,6,3,3,0.0006674824785849371
NDV,NIDVANDA,77.2731255127,13.245141950999999,SWR,Karnataka,7,4,3,0.0007787295583490933
CE,CHHARODI,72.2509186072,23.049123517599998,,,11,5,6,0.001223717877405718
MRHA,Murahara,86.9345261145,24.9133804384,?,Bihar,4,2,2,0.00044498831905662476
WSE,VASAN IYAWA,72.3131250098,23.026557611799998,,,10,6,4,0.001112470797641562
NANR,Naranpur,85.63786800000001,21.617209,ECoR,Orissa,4,2,2,0.00044498831905662476
SAU,SANAND,72.3847494653,23.024215821600002,,,10,6,4,0.001112470797641562
GGM,GORA GHUMA,72.454405,23.038847999999998,,,8,4,4,0.0008899766381132495
ABD,AMBLI ROAD,72.494044,23.05437,,,15,6,9,0.0016687061964623428
CLDY,CHANDLODIYA,72.543606,23.074516000000003,,,16,8,8,0.001779953276226499
NDH,Nindhar Benar,75.7290964111,27.003881709799998,NWR,Rajasthan,4,2,2,0.00044498831905662476
KOTA,KOTA JN,75.8805,25.223553,,,15,4,11,0.0016687061964623428
SBTF,SABARMATI F CABIN,72.57010600000001,23.085912,,,12,5,7,0.0013349649571698743
MTH,MATAUNDH,80.148507,25.418978,NCR,Uttar Pradesh,4,2,2,0.00044498831905662476
NAD,NAGDA JN,75.41249099999999,23.45592,,,14,6,8,0.0015574591166981867
KRSA,KHARSALIYA,73.55448093439999,22.7050879399,,,10,6,4,0.001112470797641562
DRL,DEROL,73.462158,22.630205,,,8,3,5,0.0008899766381132495
NDY,Nandi Halt,77.71248600000001,13.384141999999999,SWR,Karnataka,4,2,2,0.00044498831905662476
BRC,VADODARA JN,73.181065,22.310756,,,19,8,11,0.0021136945155189675
BKRL,BAKROL,73.4192042773,22.5881026822,,,10,5,5,0.001112470797641562
TNGR,THONGANUR,78.358665,12.082270000000001,,,11,6,5,0.001223717877405718
BDY,BUDDIREDDIPPATI,78.3127518,12.044658609999999,,,9,4,5,0.0010012237178774058
BQI,BOMMIDI,78.2462805359,11.984698435,,,7,3,4,0.0007787295583490933
LCR,LOKUR,78.174049,11.927787,,,6,3,3,0.0006674824785849371
MZQ,MAJGAON ASSAM,90.57413700000001,26.430697,NFR,Assam,9,4,5,0.0010012237178774058
CPN,CHAMPANER RD JN,73.393378,22.541916,,,14,9,5,0.0015574591166981867
LAN,LOTANA,73.363557,22.523268,,,8,3,5,0.0008899766381132495
SMLA,SAMLAYA JN,73.302104,22.483966,,,7,3,4,0.0007787295583490933
AIR,ALINDRA ROAD,73.239854,22.440575,,,7,4,3,0.0007787295583490933
PIO,PILOL,73.186675,22.39641,,,9,6,3,0.0010012237178774058
MQX,MERALGRAM,83.70963400000001,24.19691,ECR,Jharkhand,5,2,3,0.000556235398820781
CYI,CHHAYAPURI,73.179698,22.388284,,,15,7,8,0.0016687061964623428
MYE,Mandhali,75.831855,31.204703000000002,NR,Punjab,2,1,1,0.00022249415952831238
SRWN,SARASWATINAGAR,81.603905,21.251382,,,12,7,5,0.0013349649571698743
MWF,MAGARDAHA,82.905844,24.388752999999998,ECR,Uttar Pradesh,6,3,3,0.0006674824785849371
MFQ,MAHROI,80.919501,23.951414,WCR,Madhya Pradesh,5,2,3,0.000556235398820781
LEK,LAKHAKHERA,80.574139,23.7639,WCR,Madhya Pradesh,8,4,4,0.0008899766381132495
NDM,NIDAMANURU,80.730551,16.507237,SCR,Andhra Pradesh,5,3,2,0.000556235398820781
MTR,MOTIPUR,85.1681972229,26.257038720999997,ECR,Bihar,6,3,3,0.0006674824785849371
MRLI,Murli Halt,87.77319899999999,25.017163,ER,Jharkhand,4,2,2,0.00044498831905662476
MWRN,Madwarani,82.711553,22.165407000000002,SECR,Chhattisgarh,4,2,2,0.00044498831905662476
RXM,ROOMA,80.43035699999999,26.35704,,,11,6,5,0.001223717877405718
NIRA,NIRA,74.20908244200001,18.1049649229,CR,Maharashtra,4,2,2,0.00044498831905662476
ULT,KULTI,86.84886999999999,23.737816,,,7,4,3,0.0007787295583490933
MTV,Matalkunta,77.56294000000001,17.768291,SCR,Andhra Pradesh,4,2,2,0.00044498831905662476
BRR,BARAKAR,86.818859,23.7416829,,,4,2,2,0.00044498831905662476
KMME,KUMARDUBI,86.794065,23.747453,,,7,2,5,0.0007787295583490933
MMU,MUGMA,86.747614,23.751414,,,9,5,4,0.0010012237178774058
KAO,KALUBATHAN,86.661294,23.758149,,,4,2,2,0.00044498831905662476
PKA,PRADHANKHUNTA,86.515977,23.772589999999997,,,10,5,5,0.001112470797641562
MSTH,Misrikh Tirath,80.530303,27.422483999999997,NR,Uttar Pradesh,4,2,2,0.00044498831905662476
MRIJ,Murliganj,87.000446,25.888506,ECR,Bihar,4,2,2,0.00044498831905662476
DOKM,DOKRA HALT,86.480808,23.782884,,,4,2,2,0.00044498831905662476
DHN,DHANBAD JN,86.428956,23.790966,,,11,6,5,0.001223717877405718
MGWN,MAHGAWAN HALT,82.69625099999999,25.817255999999997,NR,Uttar Pradesh,8,4,4,0.0008899766381132495
DDD,DHONDHA DIH,83.79552,25.672848,NER,Uttar Pradesh,11,4,7,0.001223717877405718
KHED,KHED,73.40881499999999,17.712059,KR,Maharashtra,8,3,5,0.0008899766381132495
AT,ASNOTI,74.147683,14.876286,KR,Karnataka,7,3,4,0.0007787295583490933
MTM,Machilipatnam,81.137763,16.171258,SCR,Andhra Pradesh,2,1,1,0.00022249415952831238
JN,JHUND,71.936146626,23.1606089618,,,4,2,2,0.00044498831905662476
SADL,SADLA,71.850678,23.134597,,,4,2,2,0.00044498831905662476
BDI,BHADLI,75.672912326,21.0236632507,,,14,6,8,0.0015574591166981867
TRW,TARSOD,75.63321499999999,21.025557000000003,,,9,4,5,0.0010012237178774058
OSA,AUSA ROAD,76.4079921729,18.3772296262,CR,Maharashtra,4,2,2,0.00044498831905662476
KJ,KAJGAON,75.140405,20.573753,,,13,6,7,0.0014462120369340306
NMD,NOMODA,76.57945000000001,26.280074,WCR,Rajasthan,8,3,5,0.0008899766381132495
HDGR,HADGAON ROAD,77.722863,19.332338999999997,SCR,Maharashtra,5,3,2,0.000556235398820781
PRJ,PRANTIJ,72.862688,23.439324000000003,WR,Gujarat,4,2,2,0.00044498831905662476
CSN,CHALISGAON JN,74.999049,20.464109,,,14,6,8,0.0015574591166981867
BRGZ,VADODARA E CABIN,73.159395,22.363671,,,4,2,2,0.00044498831905662476
NRV,NARIYAR,85.217642,26.240375999999998,ECR,Bihar,6,3,3,0.0006674824785849371
NRY,Nyoriya Husenpur,79.88966099999999,28.734528,NER,Uttar Pradesh,4,2,2,0.00044498831905662476
PPF,PIPLAJ,74.377466,26.164809,NWR,Rajasthan,5,2,3,0.000556235398820781
APA,AMARPURA,74.249302,26.110972999999998,NWR,Rajasthan,4,2,2,0.00044498831905662476
NUQ,NAGAR UNTARI,83.51416499999999,24.285735,ECR,Jharkhand,8,2,6,0.0008899766381132495
KSE,KOSAD,72.86573000000001,21.255892,,,11,5,6,0.001223717877405718
SBC,BANGALORE CITY JN,77.56808299999999,12.977595,SWR,Karnataka,25,12,13,0.002781176994103905
TLD,TILDA,81.794586,21.550734,,,9,3,6,0.0010012237178774058
GED,GULEDAGUDDA RD,75.69565899999999,16.069516,SWR,Karnataka,5,3,2,0.000556235398820781
NBL,NIMBAL,75.859907,17.118384,SWR,Karnataka,6,3,3,0.0006674824785849371
NVG,Nawagaon,78.436386,22.088704,CR,Madhya Pradesh,4,2,2,0.00044498831905662476
NIL,Nilambur Road,76.254779,11.278805,SR,Kerala,2,1,1,0.00022249415952831238
NOMD,Noamundi,85.513684,22.15311,SER,Jharkhand,4,2,2,0.00044498831905662476
ACH,Achalganj,80.54541499999999,26.444642,NR,Uttar Pradesh,4,2,2,0.00044498831905662476
OSRA,Osra,75.77929449999999,23.1782623,WR,Madhya Pradesh,4,2,2,0.00044498831905662476
PAGM,Pennada Agraharam,81.577652,16.541296,SCR,Andhra Pradesh,4,2,2,0.00044498831905662476
NLN,NAILALUNG,93.3888097504,25.7743785055,NFR,Assam,8,3,5,0.0008899766381132495
KDY,KETTANDAPATTI,78.57149100000001,12.626458,,,9,5,4,0.0010012237178774058
UGD,UPPUGUNDURU,80.194463,15.650668,,,23,11,12,0.0025586828345755923
CJM,CHINNA GANJAM,80.236773,15.689502,,,15,7,8,0.0016687061964623428
KVDU,KADAVAKUDURU,80.2572977045,15.722540512,,,13,9,4,0.0014462120369340306
OTN,OATING,93.9872737866,26.429808896500003,NFR,Assam,9,5,4,0.0010012237178774058
NZR,NAZIRA,94.72847999999999,26.905961,NFR,Assam,9,5,4,0.0010012237178774058
NMN,Namanasamudram,78.777507,10.327487,SR,Tamil Nadu,4,2,2,0.00044498831905662476
NPU,Nadiapur,92.204092,24.385641000000003,NFR,Tripura,4,2,2,0.00044498831905662476
NNX,NANAUTA,77.442397,29.712202,NR,Uttar Pradesh,4,2,2,0.00044498831905662476
MTJ,MATHURA JN,77.67311699999999,27.480145,,,27,14,13,0.003003671153632217
ITRN,Itwari Jn (Ng),79.118302,21.156859,,,0,0,0,0.0
BTSR,BHUTESHWAR,77.66784,27.501369999999998,,,24,5,19,0.0026699299143397486
HDL,HODAL,77.38869,27.886147,,,11,6,5,0.001223717877405718
OKA,OKHLA,77.264825,28.559332,,,18,7,11,0.0020024474357548117
OEL,OEL,80.74816,27.819798,NER,Uttar Pradesh,6,2,4,0.0006674824785849371
PD,PHARADAHAN,80.631949,27.993457,NER,Uttar Pradesh,4,2,2,0.00044498831905662476
MOLK,MOLAKARAMPATTI,78.541815,12.466956,,,12,6,6,0.0013349649571698743
KEY,KAGANKARAI,78.510114,12.412541,,,8,5,3,0.0008899766381132495
KNNT,KUNNATHUR,78.49737599999999,12.360518,,,7,3,4,0.0007787295583490933
SLY,SAMALPATTI,78.484032,12.311594,,,8,4,4,0.0008899766381132495
DST,DASAMPATTI,78.438356,12.251026000000001,,,13,8,5,0.0014462120369340306
MAP,MORAPPUR,78.393874,12.124073000000001,,,8,5,3,0.0008899766381132495
NSA,Nishangara,81.311271,28.112457,NER,Uttar Pradesh,4,2,2,0.00044498831905662476
OGM,Oorgaum,78.259747,12.95409,SWR,Karnataka,4,2,2,0.00044498831905662476
NYG,Nayagarh,85.433342,21.839609,?,Orissa,4,2,2,0.00044498831905662476
MHUR,Mohanpur,86.78564800000001,24.488460999999997,ER,Jharkhand,4,2,2,0.00044498831905662476
ONR,Coonoor,76.791337,11.343714,SR,Tamil Nadu,4,2,2,0.00044498831905662476
OBM,Obalapuram,76.836422,15.009799000000001,SWR,Andhra Pradesh,4,2,2,0.00044498831905662476
KPRR,KOTAPAR ROAD,82.30895,19.041434,ECoR,Chhattisgarh,4,2,2,0.00044498831905662476
JTX,JATPIPLI,71.7022163385,23.076354329900003,,,6,3,3,0.0006674824785849371
BAJN,BAJANA,71.77207677000001,23.10173524,,,5,2,3,0.000556235398820781
VSV,VASADVA,71.5952838086,23.0351625148,,,5,2,3,0.000556235398820781
DHG,DHRANGDHRA,71.4791076,22.9871651,,,7,5,2,0.0007787295583490933
SUK,SUKHPUR,71.243815,23.014848,,,4,2,2,0.00044498831905662476
HVD,HALVAD,71.1829095,23.0185158,,,5,2,3,0.000556235398820781
DHNL,DHANALA,71.084085,23.009171000000002,,,4,2,2,0.00044498831905662476
DVY,DEVALIYA,71.01248185,23.02777493,,,4,2,2,0.00044498831905662476
KHXB,KHAKHRECHI,70.90346000000001,23.056445,,,4,2,2,0.00044498831905662476
WDHR,WADHARVA,70.828521,23.07645,,,5,2,3,0.000556235398820781
MALB,MALIYA MIYANA,70.75488469119999,23.103166868099997,,,6,3,3,0.0006674824785849371
KATR,KATARIYA,70.604533,23.289037,,,4,2,2,0.00044498831905662476
VONB,VONDH,70.399876,23.303951,,,6,4,2,0.0006674824785849371
BCOB,BHACHAU BG,70.34497200000001,23.301391,,,7,2,5,0.0007787295583490933
CHIB,CHIRAI BG,70.242149,23.208800999999998,,,6,3,3,0.0006674824785849371
BMSB,BHIMASAR BG,70.174975,23.186504,,,8,3,5,0.0008899766381132495
GIMC,GANDHIDHAM CABIN,70.150716,23.095023,,,10,8,2,0.001112470797641562
PIP,PIPLIA,75.007483,24.203692999999998,WR,Madhya Pradesh,4,2,2,0.00044498831905662476
PNF,PANGAON,76.635315,18.634293,SCR,Maharashtra,5,3,2,0.000556235398820781
PNRA,PANIARA,83.525851,25.902065,NER,Uttar Pradesh,4,2,2,0.00044498831905662476
PRLI,PARLI VAIJNATH,76.524424,18.853005,SCR,Maharashtra,5,2,3,0.000556235398820781
HRDR,HARSAR DEHRI,76.03849100000001,32.104872,NR,Himachal Pradesh,6,3,3,0.0006674824785849371
RKH,RAKHIYAL,72.903803,23.260621,WR,Gujarat,4,2,2,0.00044498831905662476
PLK,PALIA KALAN,80.582392,28.426644,NER,Uttar Pradesh,5,2,3,0.000556235398820781
KVL,KIZHELUR,79.743134,10.754287999999999,SR,Tamil Nadu,4,2,2,0.00044498831905662476
SHU,SHOLINGHUR,79.484589,13.013974,,,6,3,3,0.0006674824785849371
PPA,PIPRA,84.98573499999999,26.489784,ECR,Bihar,4,2,2,0.00044498831905662476
SBT,SABARMATI JN,72.58928200000001,23.077545999999998,,,17,9,8,0.0018912003559906554
SBTA,SABARMATI A CABIN,72.59293100000001,23.050805,,,17,11,6,0.0018912003559906554
ANND,ANAND JN,72.965733,22.561307,,,8,3,5,0.0008899766381132495
VXD,VADOD,73.00645,22.515278000000002,,,9,5,4,0.0010012237178774058
VDA,VASAD JN,73.05999100000001,22.452351,,,13,7,6,0.0014462120369340306
VS,VISHVAMITRI,73.178656,22.283932999999998,,,12,6,6,0.0013349649571698743
MPR,MAKARPURA,73.175422,22.232706,,,11,5,6,0.001223717877405718
BSCN,BHUSAWAL C CABIN,75.821624,21.046545,,,11,6,5,0.001223717877405718
PDL,PENDEKALLU,77.647361,15.374513,SCR,Andhra Pradesh,7,4,3,0.0007787295583490933
OLR,THRISSUR OLLUR HALT,76.237184,10.473341999999999,,,12,6,6,0.0013349649571698743
BDRL,BYADARAHALLI,76.7520832336,12.5019534049,SWR,Karnataka,5,2,3,0.000556235398820781
Y,YELIYUR,76.82957502260001,12.5106209267,SWR,Karnataka,6,3,3,0.0006674824785849371
ACG,ACHEGAON,75.934247,20.976217,,,7,4,3,0.0007787295583490933
CNBI,CHANDARI,80.360645,26.428098,,,6,4,2,0.0006674824785849371
RPRL,RAPARLA HALT,80.16912099999999,15.619244,,,17,8,9,0.0018912003559906554
KPLL,KOTTA PANDILA PALLI,80.281949,15.761413999999998,,,13,7,6,0.0014462120369340306
VTM,VETAPALEMU,80.30065,15.783376,,,13,7,6,0.0014462120369340306
IPPN,IPURUPALEM HALT,80.385512,15.852303000000001,,,14,7,7,0.0015574591166981867
PUU,Punalur,76.916104,9.023336,SR,Tamil Nadu,2,1,1,0.00022249415952831238
HJI,HOJAI,92.851752,26.001794,NFR,Assam,7,3,4,0.0007787295583490933
RHI,Rakhi,72.5544692444,25.6871480115,NWR,Rajasthan,4,2,2,0.00044498831905662476
MHBG,Mahadev Buzurg,82.87452,27.451000999999998,NER,Uttar Pradesh,4,2,2,0.00044498831905662476
PGC,Panchgachia,86.59822100000001,25.969294,ECR,Bihar,6,3,3,0.0006674824785849371
GDPT,GUDAPARTI,82.13113915769999,17.0281747457,,,8,4,4,0.0008899766381132495
SLO,SAMALKOT JN,82.168724,17.044827,,,14,9,5,0.0015574591166981867
PAP,PITHAPURAM,82.257512,17.11087,,,12,5,7,0.0013349649571698743
PGP,Panduranga Pura,80.76459,17.718238,SCR,Andhra Pradesh,4,2,2,0.00044498831905662476
GLP,GOLLAPROLU,82.290817561,17.1516644909,,,19,10,9,0.0021136945155189675
MVRM,MALLAVARAM,82.3152851379,17.1810250515,,,7,3,4,0.0007787295583490933
DGDG,DURGADA GATE,82.3489940906,17.2124765738,,,18,7,11,0.0020024474357548117
RVD,RAVIKAMPADU,82.368151,17.230245,,,10,6,4,0.001112470797641562
ANV,ANNAVARAM,82.41967700000001,17.269633,,,11,6,5,0.001223717877405718
PRTN,Pratapnagar,73.210289,22.281143,WR,Gujarat,4,2,2,0.00044498831905662476
TMPM,TIMMAPURAM,82.4504126416,17.288936392500002,,,11,6,5,0.001223717877405718
RGT,RAJGHAT HALT,87.15507600000001,21.764461999999998,,,15,8,7,0.0016687061964623428
RRJ,RAMARAJU PALLI,77.61736699999999,15.041948,SCR,Andhra Pradesh,9,5,4,0.0010012237178774058
KVTA,KARUVATTA HALT,76.431242,9.316791,SR,Kerala,8,5,3,0.0008899766381132495
PLM,PANELI MOTI,70.15264699999999,21.874341,WR,Gujarat,4,2,2,0.00044498831905662476
RTGH,Ratangarh Junction,74.6236025668,28.0665867073,NWR,Rajasthan,11,5,6,0.001223717877405718
SBI,SABARMATI JN,72.587162,23.072985,,,24,14,10,0.0026699299143397486
PMH,Parao Mahna,75.272772,30.811762,NR,Punjab,4,2,2,0.00044498831905662476
GI,GUDUVANCHERI,80.057147,12.844886,,,4,2,2,0.00044498831905662476
UPM,URAPPAKKAM,80.07175099999999,12.867247,,,4,2,2,0.00044498831905662476
VDR,VANDALUR,80.08439299999999,12.89128,,,5,3,2,0.000556235398820781
PRGL,PERUNGULATTUR,80.095486,12.905451,,,7,4,3,0.0007787295583490933
PLSN,Palsana,75.38008,27.484876,NWR,Rajasthan,6,3,3,0.0006674824785849371
RNW,Renwal,75.356234,27.149463,NWR,Rajasthan,6,3,3,0.0006674824785849371
CTT,CHITRASANI,72.488653,24.267557999999998,NWR,Gujarat,5,3,2,0.000556235398820781
IQG,IQBAL GADH,72.5337815405,24.3460328561,NWR,Gujarat,6,4,2,0.0006674824785849371
SZA,SAROTRA ROAD,72.592045,24.377144,NWR,Gujarat,8,4,4,0.0008899766381132495
NANA,NANA,73.110095,24.925895,NWR,Rajasthan,5,3,2,0.000556235398820781
BBQ,BASIN BRIDGE JN,80.27122100000001,13.102361,,,9,5,4,0.0010012237178774058
TMVL,TIRUMULLAIVAYIL,80.13704246809999,13.1155489623,,,6,4,2,0.0006674824785849371
KBT,KADAMBATTUR,79.862172,13.099513,,,10,6,4,0.001112470797641562
TO,TIRUVALANGADU,79.763145,13.090096,,,5,2,3,0.000556235398820781
EL,ELAMANUR,78.57336000000001,10.879069,SR,Tamil Nadu,4,2,2,0.00044498831905662476
SUBL,HUBLI SOUTH,75.17639000000001,15.332581,,,8,5,3,0.0008899766381132495
RR,RICHHA ROAD,79.488904,28.717268999999998,NER,Uttar Pradesh,4,2,2,0.00044498831905662476
RGH,RAMGARHWA,84.7971486487,26.873842826500002,ECR,Bihar,6,3,3,0.0006674824785849371
SES,SEMARI,73.841822,24.07001,NWR,Rajasthan,6,3,3,0.0006674824785849371
PUC,PUDUCHATIRAM,79.7303939545,11.5405299099,SR,Tamil Nadu,4,2,2,0.00044498831905662476
RHA,Ranaghat Junction,88.568184,23.173344,ER,West Bengal,6,3,3,0.0006674824785849371
PVL,PASUPATIKOVIL,79.19204,10.884228,SR,Tamil Nadu,4,2,2,0.00044498831905662476
RPZ,Ranapratapnagar,73.72805600000001,24.582417,NWR,Rajasthan,5,2,3,0.000556235398820781
RAGM,RAJAGAMBIRAM,78.409255,9.725053,SR,Tamil Nadu,4,2,2,0.00044498831905662476
CVD,CHAVADIPALAIYAM,77.800933,11.255404,SR,Tamil Nadu,5,3,2,0.000556235398820781
RCRA,Ramchaura,83.26840578,26.9979518998,NER,Uttar Pradesh,4,2,2,0.00044498831905662476
RJAK,RAJNAGAR,79.8769002625,24.903476070500002,NCR,Madhya Pradesh,5,3,2,0.000556235398820781
DPL,DANAULI PHLWRIA,86.24940600000001,25.420471,ECR,Bihar,7,3,4,0.0007787295583490933
SFE,Sanodiya,75.279108,27.011243999999998,NWR,Rajasthan,6,3,3,0.0006674824785849371
BH,BHARUCH JN,72.997689,21.706907,,,10,5,5,0.001112470797641562
BDWD,BODWAD,76.017046,20.9035827,,,9,4,5,0.0010012237178774058
KLHD,KOLHADI,76.058938,20.900243,,,6,3,3,0.0006674824785849371
DMD,DHARMADAM,75.46377,11.778949,SR,Kerala,4,2,2,0.00044498831905662476
QLD,QUILANDI,75.693924,11.446139,SR,Kerala,6,2,4,0.0006674824785849371
SK,SAKHUN,75.0911894116,26.7380786343,NWR,Rajasthan,7,4,3,0.0007787295583490933
HNHL,Harnahalli,75.45828601,14.04849031,SWR,Karnataka,4,2,2,0.00044498831905662476
AJJ,ARAKKONAM,79.667991,13.081512,,,14,6,8,0.0015574591166981867
AVN,ANAVARDIKHANPET,79.56735042999999,13.05050406,,,6,3,3,0.0006674824785849371
RMV,RAMAVARAPPADU,80.67971387700001,16.5262013806,SCR,Andhra Pradesh,6,3,3,0.0006674824785849371
GOY,GOVINDPURI,80.313203,26.454423,,,14,9,5,0.0015574591166981867
JTJ,JOLARPETTAI,78.57781999999999,12.560851999999999,,,17,9,8,0.0018912003559906554
CPNL,KANPUR C PANEL,80.31806900000001,26.453654999999998,,,14,7,7,0.0015574591166981867
DEOR,DIYODAR,71.770888,24.113489,WR,Gujarat,4,2,2,0.00044498831905662476
PFL,PIPRALA,71.097619,23.652483999999998,WR,Gujarat,4,2,2,0.00044498831905662476
GMC,KANPUR GOODS MARSHAL,80.33955999999999,26.452292,,,8,4,4,0.0008899766381132495
RMP,RAHIMATPUR,74.17217,17.612152,CR,Maharashtra,6,3,3,0.0006674824785849371
RRP,Rairangpur,86.16420749999999,22.440956,SER,Orissa,2,1,1,0.00022249415952831238
RJY,RAJAMUNDRY,81.783901,16.984159000000002,,,11,6,5,0.001223717877405718
PTPR,Pratabpur,79.8145455212,28.4764188903,NER,Uttar Pradesh,4,2,2,0.00044498831905662476
RSNR,Rai Singh Nagar,73.450472,29.535956,NWR,Rajasthan,2,1,1,0.00022249415952831238
RNB,Ranpura,77.44262,26.579427,NCR,Rajasthan,4,2,2,0.00044498831905662476
RSA,Risama,81.324776,21.058881000000003,SECR,Chhattisgarh,6,3,3,0.0006674824785849371
TI,TIRUNINRAVUR,80.026949,13.123744,,,4,2,2,0.00044498831905662476
RLX,Ramanujampalli,77.87191,14.440531,SCR,Andhra Pradesh,4,2,2,0.00044498831905662476
VEU,VEPPAMPATTU,79.998727,13.123937,,,4,2,2,0.00044498831905662476
PLMG,PULIYAMANGALAM,79.6862378271,13.0834968254,,,6,3,3,0.0006674824785849371
KSVM,KESAVARAM,81.879858,16.930994,,,14,7,7,0.0015574591166981867
DWP,DWARAPUDI,81.922661,16.927556,,,13,6,7,0.0014462120369340306
AWR,ALWAR,76.62126500000001,27.559273,NWR,Rajasthan,6,3,3,0.0006674824785849371
APT,ANAPARTI,81.953181,16.935817,,,11,5,6,0.001223717877405718
BVL,BIKKAVOLU,82.031148067,16.9693168335,,,9,4,5,0.0010012237178774058
PBD,PEDABRAMADVAM,82.078986,16.990821,,,14,6,8,0.0015574591166981867
MPU,MEDAPADU,82.096133,17.005091,,,11,7,4,0.001223717877405718
CRPM,CHANDRAMPALEM,82.2231096558,17.085409527899998,,,12,6,6,0.0013349649571698743
HVM,HAMSAVARAM,82.484867,17.309946999999998,,,13,7,6,0.0014462120369340306
TUNI,TUNI,82.542462,17.361079999999998,,,12,7,5,0.0013349649571698743
GLU,GULLIPADU,82.63345,17.409805,,,9,4,5,0.0010012237178774058
NRP,NARSIPATNAM RD,82.724605,17.452852,,,14,6,8,0.0015574591166981867
REG,REGUPALEM,82.790267,17.505201,,,14,5,9,0.0015574591166981867
BVM,BAYYAVARAM,82.930592,17.660147,,,15,8,7,0.0016687061964623428
KSK,KASIMKOTA,82.963751,17.673315,,,14,8,6,0.0015574591166981867
AKP,ANAKAPALLE,83.00885099999999,17.695503,,,19,11,8,0.0021136945155189675
THY,THADI,83.06429200000001,17.686438000000003,,,15,6,9,0.0016687061964623428
DVD,DUVVADA,83.152059,17.703843,,,27,14,13,0.003003671153632217
ROL,Rajuli,79.703505,20.171116,SECR,Maharashtra,4,2,2,0.00044498831905662476
MRB,MUNIRABAD,76.335537,15.308524,SWR,Karnataka,4,2,2,0.00044498831905662476
RTK,Ramtek,79.326499,21.400715,SECR,Maharashtra,3,1,2,0.0003337412392924686
RIM,Rajim,81.867426,20.969475,SECR,Chhattisgarh,2,1,1,0.00022249415952831238
SJNP,SUJANPUR,75.61346499999999,32.31198,NR,Punjab,5,2,3,0.000556235398820781
SGRA,SANGARIA,74.466053,29.792507999999998,NWR,Rajasthan,7,4,3,0.0007787295583490933
TBM,TAMBARAM,80.1191573807,12.926035689399999,,,7,3,4,0.0007787295583490933
TBMS,TAMBARAM SANATORIUM,80.131614,12.937978000000001,,,5,2,3,0.000556235398820781
CMP,CHROMEPET,80.141157,12.951627,,,5,2,3,0.000556235398820781
PV,PALLAVARAM,80.152451,12.968273,,,7,4,3,0.0007787295583490933
JSR,JASRA,81.774617,25.280002,NCR,Uttar Pradesh,6,2,4,0.0006674824785849371
SBHR,Subrahmanya Road,75.5576150342,12.7312724613,SWR,Karnataka,4,2,2,0.00044498831905662476
SCL,SILCHAR,92.786795,24.830337999999998,NFR,Assam,6,3,3,0.0006674824785849371
SHM,KOLKATA SHALIMAR,88.315615,22.555508,SER,West Bengal,6,5,1,0.0006674824785849371
SCO,SATUNA,76.34805200000001,19.494861,SCR,Maharashtra,4,2,2,0.00044498831905662476
SAPT,Sugapahari,86.5687357202,24.278919666,ER,Jharkhand,4,2,2,0.00044498831905662476
SAF,SALKHAPUR,82.680471,25.655084,NR,Uttar Pradesh,4,2,2,0.00044498831905662476
NGP,NAGPUR,79.089004,21.153567,,,16,6,10,0.001779953276226499
SKS,SALEKASA,80.493224,21.30163,,,10,7,3,0.001112470797641562
SOD,SOJAT ROAD,73.75567199999999,25.862203,NWR,Rajasthan,5,2,3,0.000556235398820781
SMV,Sumaoli,77.9154615387,26.372988907099998,NCR,Madhya Pradesh,4,2,2,0.00044498831905662476
SGRL,SINGRAULI,82.642735,24.204257000000002,ECR,Madhya Pradesh,7,4,3,0.0007787295583490933
SKW,Sheikhupur,79.10472999999999,28.003861999999998,NER,Uttar Pradesh,4,2,2,0.00044498831905662476
SAK,Sak Bahadurpur,73.559848,22.178375,WR,Gujarat,4,2,2,0.00044498831905662476
SAHI,SATHI,84.503862,27.015884999999997,ECR,Bihar,7,3,4,0.0007787295583490933
SFA,SANHERA HALT,77.28233900000001,28.903375,NR,Uttar Pradesh,4,2,2,0.00044498831905662476
SFDE,SAFIDON,76.66142400000001,29.39793,NR,Haryana,4,2,2,0.00044498831905662476
SD,SIDHAULI,80.837587,27.281001999999997,NER,Uttar Pradesh,12,6,6,0.0013349649571698743
MDVE,MAHENDRA VADI,79.51785100000001,13.022630999999999,,,13,7,6,0.0014462120369340306
AMG,ALAMNAGAR,80.86031200000001,26.84708,,,13,7,6,0.0014462120369340306
SDG,SAHADAI BUZURG,85.4550875531,25.6614908641,ECR,Bihar,7,3,4,0.0007787295583490933
SGDP,Sagadapata,85.909396,21.244692,ECoR,Orissa,4,2,2,0.00044498831905662476
PNK,PANKI,80.236441,26.459172000000002,,,11,4,7,0.001223717877405718
SLGR,SIMALUGURI JN,94.756816,26.917281,NFR,Assam,11,6,5,0.001223717877405718
SG,SHAHGARH,80.043015,28.559235,NER,Uttar Pradesh,8,4,4,0.0008899766381132495
MNI,MANGAON,73.275679,18.247286000000003,KR,Maharashtra,11,5,6,0.001223717877405718
KXJ,Karimganj Junction,92.373769,24.860717,NFR,Assam,4,2,2,0.00044498831905662476
HAA,HARWADA,74.259657,14.740761999999998,KR,Karnataka,9,5,4,0.0010012237178774058
ANKL,ANKOLA,74.332936,14.645347,KR,Karnataka,7,3,4,0.0007787295583490933
SDC,SAIDABAD,82.12019500000001,25.379137,NER,Uttar Pradesh,5,3,2,0.000556235398820781
MS,CHENNAI EGMORE,80.260193,13.077677999999999,,,19,7,12,0.0021136945155189675
KRV,KARAVADI,80.11315599999999,15.553014,,,17,9,8,0.0018912003559906554
ANB,AMMANABROLU,80.148353,15.596402,,,13,7,6,0.0014462120369340306
KAQ,KOLANUKONDA,80.604782,16.448173,,,14,6,8,0.0015574591166981867
KCC,KRISHNA CANAL,80.604553,16.477152,,,20,11,9,0.002224941595283124
SPRM,Sitapuram Halt,83.982854,18.814443,ECoR,Orissa,4,2,2,0.00044498831905662476
SLPM,Shivalingapuram,83.066187,18.196655,ECoR,Andhra Pradesh,2,1,1,0.00022249415952831238
BZA,VIJAYAWADA JN,80.61864800000001,16.518262,,,24,14,10,0.0026699299143397486
RYC,Rayakkottai,78.027508,12.514891,SWR,Tamil Nadu,5,3,2,0.000556235398820781
GALA,GUNADALA,80.667911,16.537426,,,11,6,5,0.001223717877405718
SBW,Shewbabudih,86.390668,23.659482,SER,Jharkhand,4,2,2,0.00044498831905662476
MBD,MUSTABADA,80.73176799999999,16.546882,,,7,3,4,0.0007787295583490933
GWM,GANNAVARAM,80.795715,16.555839,,,10,4,6,0.001112470797641562
PAVP,PEDDA AVUTAPALE,80.839432,16.562545,,,17,5,12,0.0018912003559906554
SDI,Sagardighi,88.105398,24.287789,ER,West Bengal,6,3,3,0.0006674824785849371
SDNR,Seydunganallur,77.834992,8.639358,SR,Tamil Nadu,4,2,2,0.00044498831905662476
RUT,RATNAL,69.897403,23.186898,WR,Gujarat,4,2,2,0.00044498831905662476
ERS,ERNAKULAM JN,76.290672,9.969541999999999,,,25,14,11,0.002781176994103905
DK,Dakor,73.15859180000001,22.747203,WR,,4,2,2,0.00044498831905662476
MGLI,Mangli,79.666123,20.643535999999997,,,0,0,0,0.0
SVH,Sonadanga,88.354092,23.636393,ER,West Bengal,4,2,2,0.00044498831905662476
SMBX,SAMBA,75.120256,32.528358000000004,NR,Jammu and Kashmir,7,3,4,0.0007787295583490933
SEX,Seroni Road,76.88447099999999,25.943966000000003,NCR,Madhya Pradesh,4,2,2,0.00044498831905662476
SOS,SOMESAR,73.450999,25.520225999999997,NWR,Rajasthan,10,4,6,0.001112470797641562
SUKU,Suku,82.726061,18.714329,ECoR,Orissa,2,1,1,0.00022249415952831238
PWU,PARANUR,79.98366,12.730200000000002,,,5,2,3,0.000556235398820781
SKL,SINGAPERUMAL KOIL,80.0010589618,12.7624604323,,,6,3,3,0.0006674824785849371
MMNK,MARAIMALAM NAGAR,80.019875,12.796619999999999,,,5,3,2,0.000556235398820781
CTM,KATTANGULATTUR,80.026118,12.805715,,,4,2,2,0.00044498831905662476
POTI,POTHERI HALT,80.03693,12.820867999999999,,,4,2,2,0.00044498831905662476
TLM,TRISULAM,80.166111,12.98064,,,6,2,4,0.0006674824785849371
MN,MINAMBAKKAM,80.174625,12.98432,,,5,3,2,0.000556235398820781
PZA,PALAVANTHANGAL,80.186651,12.990115000000001,,,7,5,2,0.0007787295583490933
STM,ST THOMAS MOUNT,80.199392,12.994906,,,7,3,4,0.0007787295583490933
GDY,GUINDY,80.211922,13.007672000000001,,,6,3,3,0.0006674824785849371
SP,SAIDAPET,80.224183,13.02415,,,5,3,2,0.000556235398820781
MBM,MAMBALAM,80.228164,13.038154,,,4,2,2,0.00044498831905662476
MKK,KODAMBAKAM,80.231305,13.052565999999999,,,4,2,2,0.00044498831905662476
NBK,NUNGAMBAKKAM,80.232742,13.065363,,,5,3,2,0.000556235398820781
MSC,CHENNAI CHETPAT,80.24337,13.074663000000001,,,6,3,3,0.0006674824785849371
SQF,SUKRITIPUR,92.582849,24.913078000000002,NFR,Assam,5,2,3,0.000556235398820781
SXR,SERNDANUR,79.518251,11.869105000000001,SR,Tamil Nadu,4,2,2,0.00044498831905662476
PRAR,PAROR,76.460155,32.08098,NR,Himachal Pradesh,7,4,3,0.0007787295583490933
HNH,HANUMANAHALLI,75.9987814502,14.3589476214,SWR,Karnataka,5,3,2,0.000556235398820781
SPGR,SAMPIGE ROAD,76.760983,13.270203,SWR,Karnataka,8,5,3,0.0008899766381132495
SPX,SAPATGRAM,90.10955799999999,26.334709,NFR,Assam,4,2,2,0.00044498831905662476
SSZ,SADDA SINGHWALA,75.32479556150001,30.0282558081,NR,Punjab,5,3,2,0.000556235398820781
CWLE,CHOWRIGACHA,88.18645099999999,23.942472,ER,West Bengal,4,2,2,0.00044498831905662476
LRU,LALPUR UMRI,76.680536,26.429998,WCR,Rajasthan,7,3,4,0.0007787295583490933
MXL,MOKHOLI,76.460845,26.160967,WCR,Rajasthan,6,3,3,0.0006674824785849371
TNGL,TORANAGALLU,76.66392400000001,15.203137,SWR,Karnataka,5,2,3,0.000556235398820781
SVHE,SISVINHALLI,75.3193615509,15.4300360491,SWR,Karnataka,5,3,2,0.000556235398820781
LKX,LAKSHMIPUR,88.302374,23.502512000000003,ER,West Bengal,4,2,2,0.00044498831905662476
MYGL,MIYAGAM KARJAN JUNCTION NG,73.119763,22.050131999999998,,,17,9,8,0.0018912003559906554
SWC,SHIVRAMPUR,80.82678299999999,25.219375000000003,NCR,Uttar Pradesh,4,2,2,0.00044498831905662476
SPDM,SINGHPUR DUMRA,79.8964954901,25.065781416,NCR,Madhya Pradesh,4,2,2,0.00044498831905662476
DMLE,DUMURDAHA,88.43266200000001,23.040053,ER,West Bengal,4,2,2,0.00044498831905662476
SRZ,SARDARGARH,73.740791,29.364244000000003,NWR,Rajasthan,8,4,4,0.0008899766381132495
DL,DALADI,71.069304,22.585067,WR,Gujarat,9,4,5,0.0010012237178774058
BRGY,VADODARA D CABIN,73.159087,22.344458,,,14,7,7,0.0015574591166981867
CSTM,MUMBAI CST,72.836903,18.944481,CR,Maharashtra,21,12,9,0.00233618867504728
KNHN,KANTHAN JN,79.238908,21.225502000000002,,,11,7,4,0.001223717877405718
MLD,MALIHABAD,80.71503200000001,26.930598,,,5,2,3,0.000556235398820781
G,GONDIA JN,80.190842,21.462435,,,9,5,4,0.0010012237178774058
SYF,Semai,77.516308,26.282698,NCR,Madhya Pradesh,6,3,3,0.0006674824785849371
SRTE,Soorothee,77.70277399999999,26.657818,NCR,Rajasthan,4,2,2,0.00044498831905662476
DBEC,DEVBALODA CHARODA,81.45049,21.21335,,,15,8,7,0.0016687061964623428
SRR,SHORANUR JN,76.27219600000001,10.758854999999999,,,15,8,7,0.0016687061964623428
LATI,LATIA CABIN,82.402106,22.027897,,,13,7,6,0.0014462120369340306
BPH,BELPAHAR,83.84907630000001,21.827212300000003,,,9,5,4,0.0010012237178774058
SSI,Shirsai,74.578044,18.314695999999998,CR,Maharashtra,4,2,2,0.00044498831905662476
BSBP,BIR SHIBPUR,88.053112,22.473359000000002,,,19,7,12,0.0021136945155189675
MRGM,MAURIGRAM,88.25607790219999,22.5801540304,,,16,7,9,0.001779953276226499
SPV,Sivapur,75.939298,13.647065,SWR,Karnataka,4,2,2,0.00044498831905662476
SRF,Sagar Jambagaru,75.15471199999999,14.142728,SWR,Karnataka,4,2,2,0.00044498831905662476
SMPA,Shampura,75.233108,25.222941000000002,WCR,Rajasthan,5,3,2,0.000556235398820781
DXK,DHANA KHERLI,77.53577899999999,26.950169,NCR,Uttar Pradesh,7,4,3,0.0007787295583490933
RBS,RUPBAS,77.5909632294,26.9903803821,NCR,Rajasthan,9,4,5,0.0010012237178774058
FTS,FATEHPUR SIKRI,77.670597,27.093989,NCR,Uttar Pradesh,4,2,2,0.00044498831905662476
PTLI,PATHAULI,77.924593761,27.1568431942,NCR,Uttar Pradesh,9,5,4,0.0010012237178774058
TNR,TANGUTURU,80.033546,15.337535,,,13,5,8,0.0014462120369340306
OGL,ONGOLE,80.057404,15.498064000000001,,,16,9,7,0.001779953276226499
RMW,ROSHAN MAU,79.984729,26.479318,,,11,5,6,0.001223717877405718
MTO,MAITHA,80.025181,26.476492,,,9,6,3,0.0010012237178774058
MAO,MADGAON,73.97072399999999,15.267911000000002,KR,Goa,14,6,8,0.0015574591166981867
SXB,SAMBRE,74.593121,15.891067999999999,SWR,Karnataka,6,3,3,0.0006674824785849371
SNE,SHENOLI,74.252881,17.200729,CR,Maharashtra,5,3,2,0.000556235398820781
SW,SEHRAMAU,80.296582,28.360763,NER,Uttar Pradesh,6,3,3,0.0006674824785849371
NKB,NAGRAKOTA,88.917581,26.885533,NFR,West Bengal,4,2,2,0.00044498831905662476
GRU,GAROPARA,89.48526169979999,26.6574376742,NFR,West Bengal,5,2,3,0.000556235398820781
SMLG,Shimiliaguda,82.95710500000001,18.303639999999998,ECoR,Andhra Pradesh,2,1,1,0.00022249415952831238
THP,Taherpur,88.54311899999999,23.259379000000003,ER,West Bengal,4,2,2,0.00044498831905662476
VJM,VYASARPADI JEEVA,80.256873,13.108338,,,10,6,4,0.001112470797641562
PER,PERAMBUR,80.24453299999999,13.10702,,,10,4,6,0.001112470797641562
ADH,ANDHERI,72.84685300000001,19.1174289,WR,Maharashtra,5,2,3,0.000556235398820781
SYE,Sindewahi,79.668805,20.2955,SECR,Maharashtra,4,2,2,0.00044498831905662476
SSKL,Suskal,73.806077,22.316377000000003,?,Gujarat,4,2,2,0.00044498831905662476
SUP,Srungavarapukota,83.132531,18.116239,ECoR,Andhra Pradesh,2,1,1,0.00022249415952831238
CGL,CHENGALPATTU,79.981519,12.692863999999998,,,6,3,3,0.0006674824785849371
GOT,GOT,78.82300099999999,28.870965,NER,Uttar Pradesh,6,3,3,0.0006674824785849371
TKHA,TAKHA,78.76725900000001,27.135742999999998,NCR,Uttar Pradesh,4,2,2,0.00044498831905662476
DMP,Dharampur Himachal,77.023914,30.900491,NR,Himachal Pradesh,4,2,2,0.00044498831905662476
TVL,TADWAL,75.975729,17.393190999999998,SWR,Maharashtra,6,3,3,0.0006674824785849371
UDZ,UDAIPUR CITY,73.699632,24.566862,NWR,Rajasthan,6,3,3,0.0006674824785849371
UMRA,UMRA,73.771734,24.522588,NWR,Rajasthan,6,3,3,0.0006674824785849371
TT,TITTE,79.1834,10.844904,SR,Tamil Nadu,4,2,2,0.00044498831905662476
TGB,Tangarbasuli,85.0638054443,23.3740319962,SER,Jharkhand,4,2,2,0.00044498831905662476
KGMR,KANGRA MANDIR,76.276521,32.09448999999999,NR,Himachal Pradesh,5,2,3,0.000556235398820781
TOM,TONDAMANPATTI,78.823761,10.786552,SR,Tamil Nadu,4,2,2,0.00044498831905662476
KTSH,KOTMI SONAN HLT,82.360215,22.024158,,,7,4,3,0.0007787295583490933
TRB,TIRUVERUMBUR,78.776419,10.787167,SR,Tamil Nadu,4,2,2,0.00044498831905662476
PPI,PIPARIYA,78.354538,22.753941,WCR,Madhya Pradesh,7,5,2,0.0007787295583490933
MWA,MANDWA,76.389861,21.517291,CR,Madhya Pradesh,12,8,4,0.0013349649571698743
NPNR,NEPANAGAR,76.397032,21.463933,CR,Madhya Pradesh,11,3,8,0.001223717877405718
UA,UPLETA,70.282434,21.746916,WR,Gujarat,4,2,2,0.00044498831905662476
SAV,SAVDA,75.91065900000001,21.111116,CR,Maharashtra,5,3,2,0.000556235398820781
HSD,HOSDURGA ROAD,76.1332331232,13.8632737545,SWR,Karnataka,6,4,2,0.0006674824785849371
TKU,Tanakallu,78.201224,13.922427,SCR,Andhra Pradesh,4,2,2,0.00044498831905662476
SKM,SINGARAYAKONDA,80.027126,15.253117999999999,,,13,7,6,0.0014462120369340306
AAP,AMBIAPUR,79.826878,26.515363999999998,,,6,3,3,0.0006674824785849371
TPT,TIRUPATTUR JN,78.561419,12.497951,,,9,4,5,0.0010012237178774058
VLD,Vayalpad,78.624967,13.634506,SCR,Andhra Pradesh,4,2,2,0.00044498831905662476
CAM,CHHOTA AMBANA,86.57461305,23.762753179999997,,,6,3,3,0.0006674824785849371
PKL,PAPINAYAKNAHALI,76.490876,15.236108999999999,SWR,Karnataka,4,2,2,0.00044498831905662476
LTI,LATTERI,79.06525500000001,12.966994,,,23,10,13,0.0025586828345755923
TPQ,Topokal,81.878645,19.007080000000002,ECoR,Chhattisgarh,2,1,1,0.00022249415952831238
KVN,KAVANUR,78.96927299999999,12.948577,,,11,5,6,0.001223717877405718
CLE,CHINTALPALLI,79.701487,17.914855999999997,SCR,Andhra Pradesh,14,8,6,0.0015574591166981867
GYM,GUDIYATTAM,78.916157,12.937470999999999,,,12,6,6,0.0013349649571698743
JJK,JHINJHAK,79.734225,26.554994,,,7,5,2,0.0007787295583490933
VLT,VALATHOOR,78.839324,12.889517,,,16,6,10,0.001779953276226499
UHP,UDHAMPUR,75.154881,32.92664,NR,Jammu and Kashmir,4,2,2,0.00044498831905662476
MPI,MELPATTI,78.797049,12.859507,,,9,5,4,0.0010012237178774058
AB,AMBUR,78.721266,12.782934,,,9,4,5,0.0010012237178774058
VGM,VINNAMANGALAM,78.67871600000001,12.728899,,,10,6,4,0.001112470797641562
VN,VANIYAMBADI,78.621651,12.678487,,,8,3,5,0.0008899766381132495
TAZ,TARGAON,74.155817,17.514242,CR,Maharashtra,6,3,3,0.0006674824785849371
TLR,Tulsipur,82.4114096783,27.531769928899998,NER,Uttar Pradesh,4,2,2,0.00044498831905662476
SAN,SANDILA,80.517354,27.059455,,,9,3,6,0.0010012237178774058
TLE,Talgaria,86.335511,23.681625999999998,SER,Jharkhand,4,2,2,0.00044498831905662476
RBD,RAHIMABAD,80.600638797,26.9993432467,,,8,3,5,0.0008899766381132495
KFD,KARANJADI,73.404252,17.998115,KR,Maharashtra,10,6,4,0.001112470797641562
MEH,MELALATHUR,78.875384,12.917803000000001,,,12,8,4,0.0013349649571698743
TII,Tingrai,95.535143,27.464468,NFR,Assam,4,2,2,0.00044498831905662476
UM,UMARDASHI,72.4205625555,24.1003209724,WR,Gujarat,7,4,3,0.0007787295583490933
VJ,VIRINCHIPURAM,79.024717,12.961297,,,15,8,7,0.0016687061964623428
GIMB,GANDHIDHAM BG,70.14775399999999,23.069086,,,13,9,4,0.0014462120369340306
MAS,CHENNAI CENTRAL,80.27485630000001,13.0847613,,,22,11,11,0.002447435754811436
PEW,PERAMBUR LOCOMOTIVE WORKS,80.225105,13.107826,,,7,3,4,0.0007787295583490933
SPAM,SENJI PANAMBAKKAM,79.83276000000001,13.093945,,,11,4,7,0.001223717877405718
THBN,THANA BHAWAN,77.4104337677,29.592663211399998,NR,Uttar Pradesh,4,2,2,0.00044498831905662476
TEP,Tempa,79.60522300000001,20.678242,SECR,Maharashtra,4,2,2,0.00044498831905662476
MUQ,MARUDUR,78.45029299999999,10.914737,SR,Tamil Nadu,4,2,2,0.00044498831905662476
VMD,Vadlamannadu,81.098875,16.300176,SCR,Andhra Pradesh,6,3,3,0.0006674824785849371
UNDI,UNDI,81.46418718439999,16.580375476,SCR,Andhra Pradesh,5,2,3,0.000556235398820781
EKH,EKSARI HALT,85.889325,25.134973,ECR,Bihar,6,3,3,0.0006674824785849371
TLS,Bettahalsoor,77.60618600000001,13.166875999999998,SWR,Karnataka,4,2,2,0.00044498831905662476
TPY,Tadakalpudi,80.532205,17.530163,SCR,Andhra Pradesh,4,2,2,0.00044498831905662476
UDGR,Udgir,77.1099430353,18.3906018255,SCR,Maharashtra,4,2,2,0.00044498831905662476
KZT,KULITTHURAI,77.218817,8.302348,SR,Tamil Nadu,5,2,3,0.000556235398820781
PTM,PADALAM,79.95084399999999,12.590197,,,7,2,5,0.0007787295583490933
OV,OTIVAKKAM,79.97565300000001,12.623128,,,6,4,2,0.0006674824785849371
TRX,TIRUMANI,79.988514,12.670639,,,16,13,3,0.001779953276226499
UKH,UKHALI,76.60581400000001,18.912675,SCR,Maharashtra,5,3,2,0.000556235398820781
VAA,Bhaga Junction,86.405555,23.723330999999998,SER,Jharkhand,5,2,3,0.000556235398820781
SAE,SIMARIA,86.013734,25.410723,,,12,7,5,0.0013349649571698743
KZJT,KAZIPET TOWN,79.517705,17.983151,,,18,8,10,0.0020024474357548117
KZJE,KAZIPET E CABIN,79.561183,17.975697,,,6,3,3,0.0006674824785849371
VLR,VELLORE CANT,79.127493,12.910718,SR,Tamil Nadu,4,2,2,0.00044498831905662476
UGP,UGARPUR,79.511652,27.351481,NCR,Uttar Pradesh,4,2,2,0.00044498831905662476
VAN,Vadhvana,73.487264,22.152185,WR,Gujarat,4,2,2,0.00044498831905662476
VDL,VITHISVARANKOL,79.703785,11.195825000000001,SR,Tamil Nadu,4,2,2,0.00044498831905662476
AO,AONLA,79.16915,28.296051,NR,Uttar Pradesh,9,4,5,0.0010012237178774058
DBR,DABHAURA,81.30312500000001,25.11793,NCR,Uttar Pradesh,11,6,5,0.001223717877405718
NU,NARSINGHPUR,79.214385,22.943112,WCR,Madhya Pradesh,6,3,3,0.0006674824785849371
GAR,GADARWARA,78.79173399999999,22.899459,WCR,Madhya Pradesh,6,3,3,0.0006674824785849371
JUH,JUJHARPUR,77.75641,22.604976999999998,,,10,5,5,0.001112470797641562
KMNN,KHAMANON,76.48869499999999,30.775754,,,4,2,2,0.00044498831905662476
AMLO,AMLO,85.98023400000001,23.768893,ECR,,4,2,2,0.00044498831905662476
AMSA,AMMASANDRA,76.71148570000001,13.264571,SWR,Karnataka,7,4,3,0.0007787295583490933
GRJA,GORINJA,69.0411941809,22.1759911277,WR,Gujarat,6,4,2,0.0006674824785849371
GTW,GATORA,82.22767,22.053427000000003,,,6,3,3,0.0006674824785849371
VEI,VELLIYANI,78.114795,10.841,SR,Tamil Nadu,5,3,2,0.000556235398820781
DLQ,DALELNAGAR,80.419624,27.118537,,,8,3,5,0.0008899766381132495
VID,VILAVADE,73.619321,16.785593,KR,Maharashtra,7,3,4,0.0007787295583490933
KT,KUMTA,74.420652,14.436871,KR,Karnataka,4,2,2,0.00044498831905662476
PHD,PHAPHUND,79.5542552124,26.632118317699998,,,9,5,4,0.0010012237178774058
KNS,KANCHAUSI,79.6354260596,26.59792371,,,9,4,5,0.0010012237178774058
VTE,Venkatagiri Kote Halt,77.73159,13.32831,SWR,Karnataka,4,2,2,0.00044498831905662476
AGI,AMGURI,94.524011,26.812601,NFR,Assam,12,5,7,0.0013349649571698743
APB,ANUPPAMBATTU,80.23076900000001,13.304293,,,15,10,5,0.0016687061964623428
PON,PONNERI,80.19879900000001,13.332319,,,16,8,8,0.001779953276226499
KVP,KAVARAIPPETTAI,80.146879,13.36347,,,13,7,6,0.0014462120369340306
GPD,GUMMIDIPUNDI,80.123431,13.409631,,,19,7,12,0.0021136945155189675
ELR,ELAVUR,80.11617799999999,13.458350999999999,,,14,8,6,0.0015574591166981867
AKM,ARAMBAKKAM,80.074371,13.532686,,,10,4,6,0.001112470797641562
TADA,TADA,80.035435,13.587948,,,15,4,11,0.0016687061964623428
AP,ASHOKAPURAM,76.635315,12.273762000000001,SWR,Karnataka,4,2,2,0.00044498831905662476
AKAT,AKKAMPET,80.0188634064,13.6491060718,,,13,7,6,0.0014462120369340306
SPE,SULLURUPETA,80.018161,13.696463,,,16,5,11,0.001779953276226499
PEL,POLIREDDIPALEM,79.9800264775,13.7594908008,,,17,10,7,0.0018912003559906554
ALY,ALLAHABAD CITY,81.829736,25.442410000000002,NER,Uttar Pradesh,7,4,3,0.0007787295583490933
DVR,DORAVARI CHATRAM,79.951308,13.814297,,,15,9,6,0.0016687061964623428
VRB,VISHRAMBAG,74.602231,16.850569999999998,CR,Maharashtra,5,2,3,0.000556235398820781
NYP,NAYADUPETA,79.900898,13.908321,,,14,5,9,0.0015574591166981867
UWNR,Udwant Nagar Halt,84.61131300000001,25.496532000000002,ECR,Bihar,4,2,2,0.00044498831905662476
PYA,PEDAPARIYA,79.875372,14.021481,,,21,11,10,0.00233618867504728
ODUR,ODUR,79.855368,14.072185000000001,,,15,9,6,0.0016687061964623428
GDR,GUDUR JN,79.845121,14.148227,,,18,6,12,0.0020024474357548117
MBL,MANUBOLU,79.87707,14.226551,,,26,8,18,0.002892424073868061
KMLP,KOMMARAPUDI,79.893501,14.257776999999999,,,12,6,6,0.0013349649571698743
DIG,DUGGIRALA,80.62356999999999,16.327559,,,11,6,5,0.001223717877405718
URR,Umred,79.330741,20.850672,SECR,Maharashtra,4,2,2,0.00044498831905662476
TYM,Tirumayam,78.759423,10.246016,SR,Tamil Nadu,4,2,2,0.00044498831905662476
UCR,Unchahar Junction,81.30014299999999,25.902315,NR,Uttar Pradesh,6,3,3,0.0006674824785849371
GBHA,GAROBIGHA HALT,85.46715300000001,24.826792,?,,5,3,2,0.000556235398820781
AMX,Amlakhurd,76.65068500000001,21.510235,SCR,Madhya Pradesh,4,2,2,0.00044498831905662476
TVNL,TIRVNLNLUR ROAD,79.380205,11.798583,,,7,5,2,0.0007787295583490933
KDMD,KANDAMBAKKAM,79.386975,11.811502,,,7,3,4,0.0007787295583490933
VM,VILLUPURAM JN,79.500101,11.942971,,,15,7,8,0.0016687061964623428
MYP,MUNDILYAMPAKKAM,79.5116865137,11.995680489400002,,,6,3,3,0.0006674824785849371
VVN,VIKRAVANDI,79.538038,12.037928,,,5,3,2,0.000556235398820781
PEI,PERANI,79.552577,12.104212,,,5,2,3,0.000556235398820781
NMO,NEDI MOLLYANUR,79.56707,12.128075,,,11,7,4,0.001223717877405718
MTL,MAILAM,79.60220000000001,12.160501,,,5,3,2,0.000556235398820781
TMV,TINDIVANAM,79.65133499999999,12.229410999999999,,,4,2,2,0.00044498831905662476
PCLM,PANCHALAM,79.691931,12.275612,,,4,2,2,0.00044498831905662476
OLA,OLAKUR,79.72191900000001,12.306462999999999,,,4,2,2,0.00044498831905662476
KSGL,KARASANGAL,79.749958,12.333838,,,4,2,2,0.00044498831905662476
TZD,TOZHUPPEDU,79.783575,12.367080999999999,,,5,3,2,0.000556235398820781
ACK,ACHARAPAKKAM,79.821722,12.406776,,,6,3,3,0.0006674824785849371
MLMR,MELMARUVATTUR,79.83380100000001,12.429554,,,5,2,3,0.000556235398820781
VPH,Vachaspati Nagar,86.325158,26.400204,ECR,Bihar,4,2,2,0.00044498831905662476
PQM,PAKKAM,79.850569,12.465125,,,4,2,2,0.00044498831905662476
VTL,Vadtal Swaminarayan,72.876748,22.591636,WR,Gujarat,2,1,1,0.00022249415952831238
MMK,MADURANTAKAM,79.89308700000001,12.50442,,,6,3,3,0.0006674824785849371
GMN,GOREGAON,72.849389,19.164447,WR,Maharashtra,6,4,2,0.0006674824785849371
WDA,WADRENGDISA,93.177527,25.263973,NFR,Assam,4,2,2,0.00044498831905662476
BAF,Bap,72.32740791990001,27.2881821763,?,Rajasthan,4,2,2,0.00044498831905662476
AHH,AHMADGARH,75.829518,30.683642000000003,NR,Punjab,4,2,2,0.00044498831905662476
AGE,Angai,77.46692,26.606593,NCR,Rajasthan,4,2,2,0.00044498831905662476
AHI,ASHTI,75.4030697949,17.8447367757,CR,Maharashtra,4,2,2,0.00044498831905662476
ALP,ALAPAKAM,79.7272273724,11.6178033436,SR,Tamil Nadu,4,2,2,0.00044498831905662476
BANL,BHATANGLI,76.678145,18.446006999999998,?,Maharashtra,4,2,2,0.00044498831905662476
AMW,AMAN VADI,77.065281,20.300507,SCR,Maharashtra,6,3,3,0.0006674824785849371
AYM,ADIYAKKAMANGALAM,79.68058,10.756748,SR,Tamil Nadu,4,2,2,0.00044498831905662476
ASV,ASARVA JN,72.612937,23.043981000000002,WR,Gujarat,6,3,3,0.0006674824785849371
AMT,AMMAPET,79.31573800000001,10.779506,SR,Tamil Nadu,4,2,2,0.00044498831905662476
ATT,ATARI,74.607241,31.594934000000002,NR,Punjab,5,2,3,0.000556235398820781
JJA,JAJAN PATTI,77.573854,27.354893999999998,WCR,Rajasthan,6,3,3,0.0006674824785849371
ARS,ARASUR,79.72470399999999,11.270467,SR,Tamil Nadu,4,2,2,0.00044498831905662476
KNDP,KHANDIP,76.911821,26.641030999999998,WCR,Rajasthan,7,3,4,0.0007787295583490933
YDM,Yedamangala,75.44308500000001,12.714668,SWR,Karnataka,4,2,2,0.00044498831905662476
NNW,NARAYANPUR TATWAR,76.635578,26.344258999999997,WCR,Rajasthan,7,4,3,0.0007787295583490933
BA,BANDRA,72.84045439,19.05445443,WR,Maharashtra,4,2,2,0.00044498831905662476
AEJ,ARNEJ,72.268322,22.582088000000002,WR,Gujarat,4,2,2,0.00044498831905662476
NPKM,NANDIYAMPAKKAM,80.2758,13.268080999999999,,,11,7,4,0.001223717877405718
DDCE,DUNDI,80.21665700000001,23.557854000000003,WCR,Madhya Pradesh,9,3,6,0.0010012237178774058
GRO,GURRA,77.86729,22.632067,WCR,Madhya Pradesh,6,3,3,0.0006674824785849371
KVZ,KAVALI,79.988271,14.915993,,,13,7,6,0.0014462120369340306
TTU,TETTU,80.00582100000001,15.042824,,,15,8,7,0.0016687061964623428
UPD,ULAVAPADU,80.01336400000001,15.167112,,,22,9,13,0.002447435754811436
KTZ,KHUTWANSA,77.602425,22.545189,WCR,Madhya Pradesh,6,2,4,0.0006674824785849371
KKN,KHIRKIYA,76.85944699999999,22.166444000000002,WCR,Madhya Pradesh,6,3,3,0.0006674824785849371
BALI,Bhaili,73.1319768447429,22.266245011489417,WR,Gujarat,4,2,2,0.00044498831905662476
ATQ,Arantangi,78.99684813804924,10.164469056963739,SR,Tamil Nadu,4,2,2,0.00044498831905662476
AGAE,AGRADWIP,88.22611699999999,23.58096,ER,West Bengal,4,2,2,0.00044498831905662476
DSNR,DASHNAGAR,88.3078029926,22.5986336217,,,9,4,5,0.0010012237178774058
TPKR,TIKIAPARA,88.324322,22.599036,,,14,9,5,0.0015574591166981867
AMLP,Amalpur,73.508313,22.161144,WR,Gujarat,5,3,2,0.000556235398820781
AUS,Anupshahr,75.21122979931533,28.947951113517377,NWR,Rajasthan,4,2,2,0.00044498831905662476
ASLU,Aslu,75.07484199999999,28.368987999999998,NWR,Rajasthan,6,3,3,0.0006674824785849371
GHSR,GHASARA HALT,79.360808,26.72284,,,15,5,10,0.0016687061964623428
ULD,ACHALDA,79.404392,26.701949,,,14,5,9,0.0015574591166981867
AEL,Ateli,76.25310499999999,28.100118,NWR,Haryana,6,3,3,0.0006674824785849371
WTR,WATHAR,74.135767,17.89054,CR,Maharashtra,6,3,3,0.0006674824785849371
WLH,VALHA,74.1605539337,18.1836347437,CR,Maharashtra,5,2,3,0.000556235398820781
BAAR,Bandar P.H.,88.086816,22.052122,?,West Bengal,4,2,2,0.00044498831905662476
AE,Amreli,71.228012,21.607831,WR,Gujarat,4,2,2,0.00044498831905662476
MST,MASIT,80.257914,27.269928999999998,,,7,3,4,0.0007787295583490933
BGH,BAGHAULI,80.296314,27.228081,,,9,4,5,0.0010012237178774058
TPND,TALOJA PANCHAND,73.087316,19.078901,CR,Maharashtra,7,3,4,0.0007787295583490933
ADVI,ADAVALI,73.592514,16.921753,KR,Maharashtra,8,4,4,0.0008899766381132495
AGL,AMARGOL,75.09820837459999,15.4117921224,SWR,Karnataka,6,3,3,0.0006674824785849371
AS,ARJANSAR,73.87196899999999,28.933796,NWR,Rajasthan,4,2,2,0.00044498831905662476
BAKT,Barhara Kothi,87.09631900000001,25.776942,ECR,Bihar,6,3,3,0.0006674824785849371
CM,Campierganj,83.267384,27.05777,NER,Uttar Pradesh,6,3,3,0.0006674824785849371
DB,Dabhoi Junction,73.415466,22.137755,WR,Gujarat,9,4,5,0.0010012237178774058
ULU,ULUNDURPET,79.317787,11.702177,,,5,3,2,0.000556235398820781
AGZ,AMAGURA,82.147342,19.068103,ECoR,Chhattisgarh,4,2,2,0.00044498831905662476
AGB,AMBAGAON,82.239507,19.062527,ECoR,Chhattisgarh,4,2,2,0.00044498831905662476
MYKR,MATYAKHERI HALT,74.951915,24.309449,,,2,1,1,0.00022249415952831238
BBLK,B L DASPURI,79.36351860779999,27.316999355900002,NCR,Uttar Pradesh,4,2,2,0.00044498831905662476
ARV,ARNI ROAD,79.209033,12.630801,SR,Tamil Nadu,4,2,2,0.00044498831905662476
BARI,Bari,77.61817468,26.65005846,NCR,Rajasthan,4,2,2,0.00044498831905662476
BAT,Batala Junction,75.1944316,31.8214816,NR,Punjab,5,2,3,0.000556235398820781
BBV,BABHULGOAN,75.383427,17.778326000000003,CR,Maharashtra,4,2,2,0.00044498831905662476
ASI,Arseni,80.39386,27.243104,NR,Uttar Pradesh,4,2,2,0.00044498831905662476
APE,ANDANAPPETTAI,79.84409600000001,10.758823,SR,Tamil Nadu,4,2,2,0.00044498831905662476
BEHR,BEOHARI,81.3797154,24.0002687,WCR,Madhya Pradesh,4,2,2,0.00044498831905662476
ARNH,Arjunahalli,76.391729,12.512857,SWR,Karnataka,4,2,2,0.00044498831905662476
BFG,Bagthar,77.52218902999999,26.79623183,NCR,Uttar Pradesh,4,2,2,0.00044498831905662476
BBAR,BARA,81.21186200000001,24.001215,WCR,Madhya Pradesh,8,4,4,0.0008899766381132495
BDYP,Bidyadharpur,88.452872,22.425122,ER,West Bengal,4,2,2,0.00044498831905662476
ASAN,ASAN,76.882594,29.40129,NR,Haryana,4,2,2,0.00044498831905662476
ATUL,ATUL,72.9271335858,20.544593354,WR,Gujarat,12,7,5,0.0013349649571698743
AONI,Amoni,92.91960900000001,26.448121,NFR,Assam,4,2,2,0.00044498831905662476
HRI,HARDOI,80.147877,27.399414,,,7,3,4,0.0007787295583490933
BBE,BAGHI BARDIHA,85.623332,24.953077,ECR,Bihar,7,3,4,0.0007787295583490933
BFX,BAGHI GHAUSPUR,85.684033,25.051952,ECR,Bihar,7,3,4,0.0007787295583490933
BDV,BADANAVALU,76.74904447,12.075565500000002,SWR,Karnataka,4,2,2,0.00044498831905662476
PGU,PADUGUPADU,79.989954,14.496976,,,17,7,10,0.0018912003559906554
KJJ,KODAVALURU,79.99490800000001,14.564331,,,16,5,11,0.001779953276226499
TMC,TALAMANCHI,79.998171,14.607124,,,11,8,3,0.001223717877405718
AXR,ALLURU ROAD,79.989036,14.710541,,,15,8,7,0.0016687061964623428
BTTR,BITRAGUNTA,79.98314599999999,14.768584800000001,,,12,6,6,0.0013349649571698743
SVPM,S VENKTESWRPALM,79.982262,14.806671,,,10,6,4,0.001112470797641562
KPO,KARANPURA,76.7783649164,27.1230467855,,,6,3,3,0.0006674824785849371
BUDA,BHUDA,76.8145379749,27.1289860174,,,6,3,3,0.0006674824785849371
MURD,MANDAWAR MAHUA RD,76.8508226947,27.1560976594,,,6,4,2,0.0006674824785849371
ANDN,Anand Nagar,83.270698,27.103714,NER,Uttar Pradesh,8,4,4,0.0008899766381132495
GOS,GHOSRANA,76.90338,27.179904,,,5,3,2,0.000556235398820781
DTF,DANTLA,76.9610701135,27.1971512117,,,4,2,2,0.00044498831905662476
KL,KHERLI,77.0364244739,27.2002567722,,,5,2,3,0.000556235398820781
ARK,Arakku,82.86256,18.333991,ECoR,Andhra Pradesh,2,1,1,0.00022249415952831238
TBL,TARCHERRA BRLRM,77.104134,27.205008000000003,,,5,3,2,0.000556235398820781
NBI,NADBAI,77.2080875122,27.213674308399998,,,4,2,2,0.00044498831905662476
PPEA,PAPRERA,77.308829,27.226004,,,5,2,3,0.000556235398820781
HK,HELAK,77.378757,27.234442,,,5,3,2,0.000556235398820781
BTE,BHARATPUR JN,77.488613,27.237106999999998,,,11,5,6,0.001223717877405718
ATR,Attar,76.204918,21.998734000000002,WR,Madhya Pradesh,4,2,2,0.00044498831905662476
NHB,NOH BACHHAMDI,77.546395,27.223368999999998,,,5,2,3,0.000556235398820781
IK,IKRAN,77.608741,27.211065,,,5,3,2,0.000556235398820781
CIK,CHIKSANA,77.663925,27.199896,,,5,2,3,0.000556235398820781
ANY,Arumuganeri,78.091842,8.579144,SR,Tamil Nadu,4,2,2,0.00044498831905662476
BAKA,Banka,86.91169348999999,24.8659010332,?,Bihar,4,2,2,0.00044498831905662476
AH,ACHHNERA JN,77.7578389026,27.1817602284,,,7,4,3,0.0007787295583490933
TDL,TUNDLA JN,78.233285,27.207747,,,17,9,8,0.0018912003559906554
BAW,CHIK BANAVAR,77.50634099999999,13.073539,SWR,Karnataka,4,2,2,0.00044498831905662476
PVN,PAVUNUR,79.31580600000001,11.600544,,,6,2,4,0.0006674824785849371
BFN,Bugana,75.8278150574,29.258822195,NR,Haryana,4,2,2,0.00044498831905662476
ANF,Anandapuram,75.209164,14.073324,SWR,Karnataka,4,2,2,0.00044498831905662476
BBN,Barbil,85.36905800000001,22.104577,SER,Odisha,2,1,1,0.00022249415952831238
HNG,HIRANGAON,78.31461900000001,27.175703000000002,,,9,5,4,0.0010012237178774058
FZD,FIROZABAD,78.386691,27.147415,,,8,5,3,0.0008899766381132495
MNR,MAKKHANPUR,78.4715,27.119485,,,8,4,4,0.0008899766381132495
SKB,SHIKOHABAD JN,78.57495499999999,27.085686,,,13,7,6,0.0014462120369340306
KAA,KAURARA,78.664813,27.029,,,6,3,3,0.0006674824785849371
BDN,BHADAN,78.73749459999999,26.9793918,,,9,4,5,0.0010012237178774058
BBL,BALRAI,78.8237102228,26.9205023929,,,10,5,5,0.001112470797641562
JGR,JASWANTNAGAR,78.893731,26.872978000000003,,,8,4,4,0.0008899766381132495
SB,SARAI BHOPAT,78.94470899999999,26.837847,,,12,5,7,0.0013349649571698743
ETW,ETAWAH,79.021502,26.785970000000002,,,16,7,9,0.001779953276226499
EKL,EKDIL,79.116455,26.76628,,,12,4,8,0.0013349649571698743
BNT,BHARTHANA,79.2163612,26.7502248,,,13,7,6,0.0014462120369340306
DBM,DABOLIM,73.849937,15.389334,SWR,Goa,6,3,3,0.0006674824785849371
AUWA,AUWA,73.564613,25.665207000000002,NWR,Rajasthan,8,4,4,0.0008899766381132495
JP,JAIPUR,75.786923,26.920203,,,14,8,6,0.0015574591166981867
BEB,Beldanga,88.2429681,23.9320594,ER,West Bengal,4,2,2,0.00044498831905662476
BHLI,BOHALI,75.27417043950001,17.5887732682,CR,Maharashtra,4,2,2,0.00044498831905662476
BASN,BHAINSWAN,76.680769,29.094392,NR,Haryana,6,3,3,0.0006674824785849371
BHNA,Bhayna,88.64165885999999,23.31226134,ER,West Bengal,4,2,2,0.00044498831905662476
BHME,BHANDARIDAH,86.05509864230001,23.7566729304,ECR,,4,2,2,0.00044498831905662476
BCU,BHUCHCHU,75.0951862,30.209881999999997,NR,Punjab,4,2,2,0.00044498831905662476
BHL,BHILWARA,74.63077340000001,25.3435508,NWR,Rajasthan,4,2,2,0.00044498831905662476
KVA,KAVAS,71.538716,25.867466,NWR,Rajasthan,4,2,2,0.00044498831905662476
BDW,BANDANWARA,74.6913786,26.1253008,NWR,Rajasthan,5,3,2,0.000556235398820781
BJV,Bijauria,79.65527399999999,28.574785,NER,Uttar Pradesh,6,3,3,0.0006674824785849371
BHJ,Barhaj Bazar,83.731497,26.283912,NER,Uttar Pradesh,2,1,1,0.00022249415952831238
DRD,DAHANU ROAD,72.74336799999999,19.991217,WR,Maharashtra,9,3,6,0.0010012237178774058
BJRA,BHAJERA,76.6568744922,27.100774588100002,,,5,2,3,0.000556235398820781
BDXT,BASAI DHANKOT,76.983187,28.464735,NR,Haryana,4,2,2,0.00044498831905662476
BCHN,Bochasan Junction,72.847673,22.402073,WR,Gujarat,8,4,4,0.0008899766381132495
BHT,Bhattu,75.34013,29.387323,NWR,Haryana,4,2,2,0.00044498831905662476
SHR,SIHORA ROAD,80.110265,23.467136,WCR,Madhya Pradesh,8,5,3,0.0008899766381132495
SGBJ,SURGAON BANJARI,76.544215,21.946109,WCR,Madhya Pradesh,16,8,8,0.001779953276226499
BADR,Bhader,70.928979,21.36507,WR,Gujarat,4,2,2,0.00044498831905662476
TLA,TITVALA,73.202714,19.296504000000002,,,16,9,7,0.001779953276226499
BJUD,BAJUD,71.82792500000001,21.736131,WR,Gujarat,4,2,2,0.00044498831905662476
KON,KUDALNAGAR,78.108666,9.944876,,,10,4,6,0.001112470797641562
BDSW,Budhsinghwala,74.22266067937016,29.831708406844584,NWR,Rajasthan,2,1,1,0.00022249415952831238
BER,BEAWAR,74.3149711,26.1089078,NWR,Rajasthan,5,3,2,0.000556235398820781
BGDA,Bogada,86.5881717944,20.2787142311,?,Orissa,4,2,2,0.00044498831905662476
AWG,Awa Garh,78.47340000000001,27.464247,NCR,Uttar Pradesh,4,2,2,0.00044498831905662476
SBK,SHAHBAZ KULI,83.67465299999999,25.632101000000002,NER,Uttar Pradesh,10,5,5,0.001112470797641562
ENR,ENNORE,80.32212448269999,13.218195717099999,,,18,9,9,0.0020024474357548117
NLS,NELLORE SOUTH,79.983464,14.444474999999999,,,14,7,7,0.0015574591166981867
AVL,AMRITVEL,71.679671,21.077372,WR,Gujarat,4,2,2,0.00044498831905662476
NLR,NELLORE,79.989383,14.460592,,,22,10,12,0.002447435754811436
BGA,BAGALIA,86.51904643,23.44693617,SER,West Bengal,5,2,3,0.000556235398820781
BERO,BERO,86.72660900000001,23.548271,SER,West Bengal,9,3,6,0.0010012237178774058
DVBH,MAKUDAN VIRAPANDI BLOCK HUT,78.037941,11.580796,,,11,6,5,0.001223717877405718
AVT,Avati,77.72667899999999,13.299092,SWR,Karnataka,4,2,2,0.00044498831905662476
BIV,Bamhani Banjur,80.324566,22.438916000000003,SECR,Madhya Pradesh,4,2,2,0.00044498831905662476
BGB,Budge Budge,88.19469228000001,22.49310248,ER,West Bengal,1,1,0,0.00011124707976415619
UMNR,UMESHNAGAR,86.431195,25.461085,ECR,Bihar,11,8,3,0.001223717877405718
BDBP,BASUDEBPUR,87.98253549799999,24.6355270351,ER,Bihar,8,4,4,0.0008899766381132495
MOL,MULI ROAD,71.43486,22.676562,WR,Gujarat,8,4,4,0.0008899766381132495
AZA,AZARA,91.613927,26.099339999999998,NFR,Assam,6,4,2,0.0006674824785849371
BAHI,Balenahalli,76.56637599999999,14.250321000000001,SWR,Karnataka,4,2,2,0.00044498831905662476
BDHP,BHUDPUR,77.29116829590001,29.218093878,NR,Uttar Pradesh,4,2,2,0.00044498831905662476
SHW,SAMHON,79.320694,26.734186,,,13,4,9,0.0014462120369340306
PATA,PATA,79.4794183441,26.6666191003,,,9,6,3,0.0010012237178774058
PJY,PARA JANI HALT,79.634896,26.596933,,,7,4,3,0.0007787295583490933
RURA,RURA,79.908216,26.485377,,,9,5,4,0.0010012237178774058
BPU,BHAUPUR,80.12429014,26.46811536,,,11,7,4,0.001223717877405718
CNB,KANPUR CENTRAL,80.350966,26.454240000000002,,,19,10,9,0.0021136945155189675
CHK,CHAKERI,80.40654599999999,26.381159999999998,,,9,3,6,0.0010012237178774058
SSL,SIRSAUL,80.462852,26.297301,,,9,4,5,0.0010012237178774058
RAMA,RAMVA,80.8532993597,25.8911534211,,,9,3,6,0.0010012237178774058
BKF,Bhikhna Thori,84.61057,27.333596,ECR,Bihar,2,1,1,0.00022249415952831238
BGJT,Bagha Jatin,88.387421,22.482615000000003,ER,West Bengal,4,2,2,0.00044498831905662476
BGPL,Baghuapal,86.013166,21.042219,ECoR,Orissa,4,2,2,0.00044498831905662476
BEHS,Bihar Sharif,85.5390747,25.206116,ECR,Bihar,4,2,2,0.00044498831905662476
BHRB,Bhairabi,92.54106045,24.19545969,?,Mizoram,2,1,1,0.00022249415952831238
BDWL,BIRADHWAL,73.896516228,29.1741168151,NWR,Rajasthan,5,2,3,0.000556235398820781
BANE,BASNI,73.010639,26.222963,NWR,Rajasthan,5,3,2,0.000556235398820781
BHZ,BIHARA,92.689054,24.9628178,NFR,Assam,5,2,3,0.000556235398820781
BHI,BAHERI,79.5003221,28.777391,NER,Uttar Pradesh,4,2,2,0.00044498831905662476
BHB,BADLA GHAT,86.5871439,25.553762900000002,ECR,Bihar,4,2,2,0.00044498831905662476
BJNR,BIJAINAGAR,74.65305889999999,25.931003,NWR,Rajasthan,4,2,2,0.00044498831905662476
BGHI,BAGAHAI ROAD,81.018663,24.555903,WCR,Madhya Pradesh,7,3,4,0.0007787295583490933
BDDR,BADODAR,70.295846,21.361072999999998,WR,Gujarat,4,2,2,0.00044498831905662476
BIJ,Birnagar,88.55125199999999,23.2358754,ER,West Bengal,4,2,2,0.00044498831905662476
BJO,BIJNOR,78.14680469999999,29.3856298,NR,Uttar Pradesh,4,2,2,0.00044498831905662476
BHLA,BEHULA,88.4287921,23.181967399999998,ER,West Bengal,4,2,2,0.00044498831905662476
BLQR,BILASPUR ROAD,79.254263,28.865600999999998,NER,Uttar Pradesh,4,2,2,0.00044498831905662476
BHLE,Barahat,87.0100837976,24.9206004744,ER,Bihar,8,4,4,0.0008899766381132495
BGAE,BALAGARH,88.4525522,23.1215453,ER,West Bengal,4,2,2,0.00044498831905662476
BJRI,BIJURI,82.1189461,23.250338600000003,SECR,Madhya Pradesh,4,2,2,0.00044498831905662476
BHTA,BHATIYA,69.2803623,22.0881542,WR,Gujarat,9,5,4,0.0010012237178774058
BKRO,BOKARO THERMAL,85.87557819999999,23.7851503,ECR,,4,2,2,0.00044498831905662476
CHCR,CHACHER,79.354918,21.241422,,,7,2,5,0.0007787295583490933
DNL,DHANOLI,80.42759080629999,21.3221098696,,,8,5,3,0.0008899766381132495
LLP,Lalitgram,87.01226592063904,26.35666473117378,ECR,Bihar,4,2,2,0.00044498831905662476
NI,NAYDONGRI,74.8366330817,20.3484309504,,,17,9,8,0.0018912003559906554
HJN,HOWRAH JN. CABIN,88.342811,22.583533,,,24,22,2,0.0026699299143397486
PKE,PIMPAR KHED,74.7559997266,20.307455334,,,15,8,7,0.0016687061964623428
PJN,PANJHAN,74.606561,20.275504,,,14,8,6,0.0015574591166981867
HSL,HISVAHAL,74.57099,20.283239000000002,,,13,5,8,0.0014462120369340306
PNV,PANEVADI,74.494903,20.26527,,,10,4,6,0.001112470797641562
MMR,MANMAD JN,74.438305,20.249887,,,16,12,4,0.001779953276226499
TGR3,BLOCK AND CATCH SIDING CABINE NO.3,73.485951,19.674468,,,6,3,3,0.0006674824785849371
BDGP,BADANAGUPPE,76.861228,11.990316,SWR,Karnataka,4,2,2,0.00044498831905662476
KYN,KALYAN JN,73.12974,19.234716000000002,,,21,5,16,0.00233618867504728
PMR,PITAMBARPUR,79.538072,28.200105,,,8,5,3,0.0008899766381132495
BIQ,BANSI PAHARPUR,77.457241,26.93277,NCR,Rajasthan,6,2,4,0.0006674824785849371
CTTP,CHITRAPUR HALT,74.536566,14.036147999999999,KR,Karnataka,8,3,5,0.0008899766381132495
BFD,BORHAT,95.277512,27.164263,NFR,Assam,8,5,3,0.0008899766381132495
BGM,BELGAUM,74.5095639,15.8492433,SWR,Karnataka,5,2,3,0.000556235398820781
BGU,BAIRGANIA,85.27333399999999,26.738281999999998,ECR,Bihar,4,2,2,0.00044498831905662476
BGRM,Biggabas Ramsara,74.20154742999999,28.04769242,NWR,Rajasthan,4,2,2,0.00044498831905662476
BEML,BEML Nagar,78.24197815000001,12.9786413,SWR,Karnataka,4,2,2,0.00044498831905662476
BKT,BAKSHI KA TALAB,80.922331,26.983452,NER,Uttar Pradesh,6,3,3,0.0006674824785849371
BFPA,Bhopatpur,79.8051375,28.375464097400002,NER,Uttar Pradesh,8,4,4,0.0008899766381132495
BJP,BIJAPUR,75.7400012,16.8310603,SWR,Karnataka,7,4,3,0.0007787295583490933
BILA,Bheslana,75.304187,27.065209000000003,NWR,Rajasthan,6,3,3,0.0006674824785849371
VJA,VEJANDLA,80.519729,16.237226,SCR,Andhra Pradesh,6,3,3,0.0006674824785849371
SJL,SANGAM JAGARLAMUDI,80.570521,16.246589,SCR,Andhra Pradesh,5,2,3,0.000556235398820781
BDE,Bodeli,73.71657979999999,22.2701906,WR,Gujarat,5,3,2,0.000556235398820781
GCAB,GCAB,81.431558,21.204607999999997,,,12,7,5,0.0013349649571698743
BIA,BHILAI,81.4217238,21.202598300000002,,,9,5,4,0.0010012237178774058
BPHB,BHILAI POWER HOUSE,81.375901,21.208119,,,9,4,5,0.0010012237178774058
BQR,BHILAI NAGAR,81.33434510000001,21.2013382,,,9,5,4,0.0010012237178774058
BADK,BARKA,77.2733021582,29.0725646906,NR,Uttar Pradesh,6,3,3,0.0006674824785849371
BDKT,Badakhandita,86.08383554000001,20.365448699999998,ECoR,Orissa,4,2,2,0.00044498831905662476
BELA,Bela,84.981353,24.97843,ECR,Bihar,9,5,4,0.0010012237178774058
VDE,VEDAYAPALEM,79.957106,14.404478,,,21,12,9,0.00233618867504728
TRL,TIRUVALLUR,79.913105,13.115764,,,6,3,3,0.0006674824785849371
BIDR,Bidar,77.5137793,17.9116836,SCR,Karnataka,4,2,2,0.00044498831905662476
WCN,WIMCO NAGAR,80.305807,13.180491,,,7,3,4,0.0007787295583490933
KAVM,KATHIVAKKAM,80.31674199999999,13.204343999999999,,,9,4,5,0.0010012237178774058
VKT,VENKATACHALAM,79.92732000000001,14.327256,,,21,12,9,0.00233618867504728
BHM,Bahram,75.894193,31.197575,NR,Punjab,2,1,1,0.00022249415952831238
BGPA,Bageshapura,76.2293551874,13.143803441600001,SWR,Karnataka,4,2,2,0.00044498831905662476
BHRJ,Becharji,72.02941299999999,23.516602,WR,Gujarat,4,2,2,0.00044498831905662476
SDM,SURAREDDIPALEM,80.045682,15.407571,,,20,7,13,0.002224941595283124
PRH,POWERPET,81.106602,16.713189,,,13,7,6,0.0014462120369340306
VGT,UNGUTURU,81.42356000000001,16.824498,,,11,5,6,0.001223717877405718
BMGM,BRAHMANAGUDEM,81.67527695,16.930258209999998,,,10,4,6,0.001112470797641562
KYM,KADIYAN,81.832674,16.914337999999997,,,12,4,8,0.0013349649571698743
BBPM,BALABHADRAPURAM,82.00037565999999,16.96580143,,,9,6,3,0.0010012237178774058
NASP,NARASINGAPALLI,82.891038,17.606751,,,16,6,10,0.001779953276226499
GPT,GOPALAPATNAM,83.214877,17.748818,,,12,6,6,0.0013349649571698743
VKD,BAKHRABAD,87.36345,22.118541,,,18,10,8,0.0020024474357548117
NYA,NARAYANGARH,87.380456,22.174233,,,12,4,8,0.0013349649571698743
BPE,BENAPUR,87.37624084000001,22.271352309999997,,,14,7,7,0.0015574591166981867
HIJ,HIJILLI,87.32016899999999,22.319921,,,20,11,9,0.002224941595283124
BKL,BONA KALU,80.261499,17.031591000000002,SCR,Andhra Pradesh,14,7,7,0.0015574591166981867
BLO,BHULON,76.968812,24.635909,WCR,Rajasthan,4,2,2,0.00044498831905662476
BMHR,BAMANHERI,77.70639,29.514761999999997,NR,Uttar Pradesh,5,3,2,0.000556235398820781
BME,BARMER,71.397067,25.744521900000002,NWR,Rajasthan,5,3,2,0.000556235398820781
BLC,BOLDA,77.2735908,19.5520321,SCR,Maharashtra,8,4,4,0.0008899766381132495
BKWA,BAKAYANWALA,73.98581800000001,30.143292,NR,Rajasthan,4,2,2,0.00044498831905662476
BLDI,BHILDI,72.008187,24.194251,WR,Gujarat,6,3,3,0.0006674824785849371
BJ,BAHJOI,78.6315064,28.401499599999998,NR,Uttar Pradesh,8,4,4,0.0008899766381132495
ADIJ,AHMEDABAD JN,72.60171600000001,23.025715,,,4,2,2,0.00044498831905662476
BMSR,Bhimasar,70.88691945187747,23.533660939738297,WR,Gujarat,0,0,0,0.0
BLWR,BILESHWAR,70.830427,22.382129,WR,Gujarat,10,7,3,0.001112470797641562
BKDE,BUDHAKHERA,76.557193,29.378719,NR,Haryana,4,2,2,0.00044498831905662476
HCAB,BMY H CABIN,81.46489100000001,21.220990999999998,,,8,4,4,0.0008899766381132495
KOK,KORUKKUPET JN,80.27837727340001,13.120489801700002,,,12,6,6,0.0013349649571698743
BHY,BHAYAVADAR,70.23614485659999,21.8478371804,WR,Gujarat,4,2,2,0.00044498831905662476
BL,VALSAD,72.9335291,20.6085595,WR,Gujarat,11,6,5,0.001223717877405718
TNP,TONDIARPETTAI,80.28092114379999,13.1262400028,,,9,5,4,0.0010012237178774058
BNSP,BANSAPAHAR,81.050022,25.055505,WCR,Uttar Pradesh,9,3,6,0.0010012237178774058
ULB,ULUBARIA,88.093209,22.472428,,,18,6,12,0.0020024474357548117
BLP,Balrampur,82.16066989870001,27.4158206073,NER,Uttar Pradesh,6,3,3,0.0006674824785849371
VOC,V.O.C. NAGAR,80.28745678409999,13.140301627300001,,,11,4,7,0.001223717877405718
CTRE,CHITTERI,79.597909,13.068171999999999,,,10,5,5,0.001112470797641562
TUG,THALANGAI,79.42612799999999,13.003678,,,6,3,3,0.0006674824785849371
APH,ANUPGARH,73.2045643,29.1968977,NWR,Rajasthan,5,2,3,0.000556235398820781
WJR,WALAJAH ROAD JN,79.360511,12.970676,,,8,4,4,0.0008899766381132495
BJMR,BAIJNATH MANDIR,76.65152893999999,32.052625660000004,NR,Himachal Pradesh,4,2,2,0.00044498831905662476
MCN,MUKUNDARAYAPURM,79.289067,12.977678,,,8,5,3,0.0008899766381132495
TVT,TIRUVOTTIYUR,80.296454,13.160025,,,14,9,5,0.0015574591166981867
BMR,BIKRAMPUR,79.586316,23.082226,WCR,Madhya Pradesh,9,5,4,0.0010012237178774058
BKH,BANKHEDI,78.5379969,22.7748819,WCR,Madhya Pradesh,5,3,2,0.000556235398820781
AKRA,Akra,88.249021,22.514668,ER,West Bengal,2,1,1,0.00022249415952831238
BPF,BANAPURA,77.4807316095,22.4703575471,WCR,Madhya Pradesh,10,3,7,0.001112470797641562
BLKR,BALLEKERE HALT,76.023514,13.502322000000001,SWR,Karnataka,8,3,5,0.0008899766381132495
SUCH,SUCHINDRAM,77.466792,8.149479,SR,Tamil Nadu,7,3,4,0.0007787295583490933
BJWS,Bojawas,76.25286799999999,28.312786,NWR,Haryana,4,2,2,0.00044498831905662476
BLGA,Belagula,76.5887032642,12.385698676899999,SWR,Karnataka,4,2,2,0.00044498831905662476
BLLI,BALLI,74.0209756,15.151725800000001,KR,Goa,9,4,5,0.0010012237178774058
BJMD,Bara Jamda,85.41239200000001,22.1665327,SER,Jharkhand,6,3,3,0.0006674824785849371
BMP,Bramhapuri,79.867537,20.603943,SECR,Maharashtra,4,2,2,0.00044498831905662476
BIC,Bichia,81.2720808,28.1830705,NER,Uttar Pradesh,4,2,2,0.00044498831905662476
BILK,Bilkha,70.6004021,21.443078399999997,WR,Gujarat,4,2,2,0.00044498831905662476
BMPR,Badampahar,86.18081819999999,22.2640234,SER,Orissa,1,1,0,0.00011124707976415619
BMGR,Bamangram,88.1912832245,25.622139865799998,NFR,West Bengal,4,2,2,0.00044498831905662476
BPN,Banpur,88.76185515,23.45186861,ER,West Bengal,4,2,2,0.00044498831905662476
BMLL,Bamla,76.244079,28.832463999999998,NWR,Haryana,4,2,2,0.00044498831905662476
BMW,Bamhni,79.364152,20.922361,SECR,Maharashtra,4,2,2,0.00044498831905662476
KOTR,KORATTUR,80.184062,13.113345,,,9,3,6,0.0010012237178774058
PCW,PERAMBUR CARRIAGE WORKS,80.23865900000001,13.107240000000001,,,6,3,3,0.0006674824785849371
VLK,VILLIVAKKAM,80.209621,13.110062,,,9,5,4,0.0010012237178774058
BNHL,Bellenahalli,76.554391,14.243859,SWR,Karnataka,4,2,2,0.00044498831905662476
PVM,PATTARAVKKAM,80.166656,13.114872,,,8,5,3,0.0008899766381132495
ABU,AMBATTUR,80.1525249074,13.114305980800001,,,11,7,4,0.001223717877405718
ANNR,ANNANUR,80.126743,13.116018,,,6,3,3,0.0006674824785849371
KMSI,Kumsi,75.402042,14.051954,,,0,0,0,0.0
AVD,AVADI,80.10051800000001,13.118247,,,7,3,4,0.0007787295583490933
HC,HINDU COLLEGE,80.074903,13.118538,,,6,3,3,0.0006674824785849371
PAB,PATTABIRAM,80.06542400000001,13.11926,,,7,4,3,0.0007787295583490933
NEC,NEMILICHERRY HALT,80.045378,13.121643,,,5,2,3,0.000556235398820781
SVR,SEVVAPET ROAD,79.96668799999999,13.124996999999999,,,5,2,3,0.000556235398820781
PTLR,PUTLUR HALT,79.93709999999999,13.122922,,,6,4,2,0.0006674824785849371
EGT,EGATTUR HALT,79.88406,13.106198,,,8,4,4,0.0008899766381132495
BJE,Bhojudih Junction,86.4469993,23.642174999999998,SER,Jharkhand,9,4,5,0.0010012237178774058
MAF,MANUR,79.801508,13.096025,,,9,5,4,0.0010012237178774058
MSU,MOSUR,79.7188409808,13.0857348949,,,5,3,2,0.000556235398820781
MLPM,MELPAKKAM,79.659245,13.080671,,,19,13,6,0.0021136945155189675
MRLM,MARUDALAM,79.399298,12.99726,,,4,2,2,0.00044498831905662476
BPZ,BAZPUR,79.1463827,29.1578998,NER,Uttarakhand,4,2,2,0.00044498831905662476
BRY,BAREILLY,79.4109744,28.3372843,NER,Uttar Pradesh,7,4,3,0.0007787295583490933
BQZ,BALLALPUR,87.91224299999999,24.747459000000003,ER,West Bengal,4,2,2,0.00044498831905662476
BNN,BARNALA,75.5492466,30.370396799999998,NR,Punjab,4,2,2,0.00044498831905662476
BNJL,BINJHOL HALT,76.92378099999999,29.344605,NR,Haryana,4,2,2,0.00044498831905662476
KAV,KALAMNA,79.140955,21.168195,,,13,6,7,0.0014462120369340306
BNH,BHIMNATH,71.92503,22.245963,WR,Gujarat,5,2,3,0.000556235398820781
BNVD,BHANVAD,69.79885780000001,21.9330444,WR,Gujarat,5,3,2,0.000556235398820781
BRGM,Baraigram Junction,92.344106,24.684059,NFR,Assam,6,3,3,0.0006674824785849371
BSPR,BISHRAMPUR,82.98289000000001,23.179178,SECR,Chhattisgarh,4,2,2,0.00044498831905662476
BRH,BAIKUNTHPUR RD,82.5298836,23.317286,SECR,Chhattisgarh,4,2,2,0.00044498831905662476
SAL,SALWA,79.292976,21.236542,,,10,5,5,0.001112470797641562
BTKL,Bhatkal,74.56730199046433,13.987012001486875,KR,Karnataka,4,2,2,0.00044498831905662476
TAR,THARSA,79.41467,21.256602,,,7,4,3,0.0007787295583490933
TMR,TUMSAR ROAD,79.75141900000001,21.342437,,,8,4,4,0.0008899766381132495
GJ,GANGAJHARI,80.058885,21.443153,,,8,4,4,0.0008899766381132495
BNSR,BHAGWANSAR,73.859791,29.343806,NWR,Rajasthan,8,4,4,0.0008899766381132495
PJB,PANIAJOB,80.693768,21.183732000000003,,,8,4,4,0.0008899766381132495
THL,TIRUVALAM,79.245745,12.974779,,,8,4,4,0.0008899766381132495
BQH,Bhanohad Punjab,75.70970576,30.85173825,NR,Punjab,4,2,2,0.00044498831905662476
SVUR,SEVUR,79.189821,12.971785,,,11,5,6,0.001223717877405718
KPD,KATPADI JN,79.13534100000001,12.972734,,,23,12,11,0.0025586828345755923
BPRA,BARIPURA,79.943488,25.340728000000002,NCR,Uttar Pradesh,4,2,2,0.00044498831905662476
PCKM,PACHACHAKUPAM,78.757365,12.822656,,,7,4,3,0.0007787295583490933
DGG,DONGARGARH,80.759857,21.185492,,,6,4,2,0.0006674824785849371
BPO,Baripada,86.73709000000001,21.9227408,SER,Orissa,2,1,1,0.00022249415952831238
BO,Borsad,72.909158,22.401548000000002,WR,Gujarat,4,2,2,0.00044498831905662476
JTR,JATKANHAR,80.821965,21.1798,,,7,4,3,0.0007787295583490933
BS,Banisar,73.8954879211,28.067563416,NWR,Rajasthan,4,2,2,0.00044498831905662476
ATH,ANTAH,76.3072684,25.1611771,WCR,Rajasthan,4,2,2,0.00044498831905662476
BON,BHONRA,76.1976736633,25.171061136400002,WCR,Rajasthan,6,3,3,0.0006674824785849371
BOV,Bhatgaon,81.71272400000001,21.171626,SECR,Chhattisgarh,6,3,3,0.0006674824785849371
MUA,MUSRA,80.879372,21.152966,,,8,4,4,0.0008899766381132495
BNCE,BANGALORE EAST,77.6184701,13.001479999999999,SWR,Karnataka,8,4,4,0.0008899766381132495
BRP,Baruipur Junction,88.431647,22.366657999999997,ER,West Bengal,6,3,3,0.0006674824785849371
AAH,ITEHAR,78.683783,26.562635,NCR,Madhya Pradesh,4,2,2,0.00044498831905662476
RYT,RAYAT PURA,78.38188099999999,26.456937,NCR,Madhya Pradesh,4,2,2,0.00044498831905662476
BBY,BHADROLI,78.181356,26.30595,NCR,Madhya Pradesh,4,2,2,0.00044498831905662476
BAKL,BAKAL,80.940946,21.123637,,,8,4,4,0.0008899766381132495
BTKB,Bathna Krittibas Halt,88.48266943,23.236313600000003,ER,West Bengal,2,1,1,0.00022249415952831238
GD,GONDA JN,81.97815200000001,27.154613,,,23,11,12,0.0025586828345755923
AKZ,Akashi,84.8877858557,23.385124400800002,SER,Jharkhand,4,2,2,0.00044498831905662476
BR,BANDH BARETA,77.364108,26.910367,NCR,Rajasthan,6,3,3,0.0006674824785849371
DAN,DHANETA,79.264748,28.512293999999997,,,7,3,4,0.0007787295583490933
CKYD,CHAKRA ROAD,83.672178,26.001213,NER,Uttar Pradesh,4,2,2,0.00044498831905662476
MUP,MURHIPAR,81.14815399999999,21.183141,,,10,5,5,0.001112470797641562
BOKE,BHOKE,73.3810615,17.0490546,KR,Maharashtra,9,5,4,0.0010012237178774058
RSM,RASMARA,81.2164,21.204118,,,8,4,4,0.0008899766381132495
PHQ,PARDHANDE,75.3769414349,20.7292951895,,,18,9,9,0.0020024474357548117
PC,PACHORA JN,75.34831,20.668385,,,16,6,10,0.001779953276226499
BSKH,Basukinath,87.045099,24.388941000000003,ER,Jharkhand,4,2,2,0.00044498831905662476
BSKN,Bhesana Manknaj,72.3312086395,23.4987569498,WR,Gujarat,4,2,2,0.00044498831905662476
GAA,GALAN,75.27700034419999,20.6095998065,,,11,4,7,0.001223717877405718
NGD,NAGARDEVLA,75.1981061108,20.6030016547,,,13,7,6,0.0014462120369340306
AV,ASVALI,73.751085,19.817370999999998,,,11,6,5,0.001223717877405718
PI,PADLI,73.66573299999999,19.783928,,,14,7,7,0.0015574591166981867
GO,GHOTI,73.63594400000001,19.722911,,,19,11,8,0.0021136945155189675
IGP,IGATPURI,73.56237899999999,19.694053,,,18,7,11,0.0020024474357548117
SHAD,SHAHAD,73.158611,19.244702,,,10,5,5,0.001112470797641562
ASE,ASAUDAH,76.85877285,28.73653776,NR,Haryana,8,4,4,0.0008899766381132495
ABO,ASTHAL BOHAR,76.629155,28.857765,NR,Haryana,5,3,2,0.000556235398820781
KZH,KILA ZAFARGARH,76.4289531995,29.0805810005,NR,Haryana,6,3,3,0.0006674824785849371
BNQL,BHANKALA HALT,77.4743493237,29.845590837699998,NR,Uttar Pradesh,4,2,2,0.00044498831905662476
BQA,BANKURA,87.07468750000001,23.224387099999998,SER,West Bengal,7,3,4,0.0007787295583490933
BRLI,Barauli,77.424988,26.552056,NCR,Uttar Pradesh,4,2,2,0.00044498831905662476
BPRH,Balpur Halt,82.694138,22.115136,SECR,Chhattisgarh,4,2,2,0.00044498831905662476
BNKI,Banmankhi Junction,87.193664,25.885092,ECR,Bihar,8,4,4,0.0008899766381132495
AIP,ATTIPPATTU,80.2889459058,13.2611631708,,,17,6,11,0.0018912003559906554
MJR,MINJUR,80.26019199999999,13.281979,,,16,4,12,0.001779953276226499
BRJ,Brace Bridge,88.301496,22.517861,ER,West Bengal,2,1,1,0.00022249415952831238
BZGT,Bazurghat,92.38341799999999,24.607593,NFR,Assam,4,2,2,0.00044498831905662476
ALGP,Algapur,92.59591800000001,24.754753,?,Assam,4,2,2,0.00044498831905662476
TAN,TARANA ROAD,76.06701699999999,23.264582,,,7,3,4,0.0007787295583490933
DWO,DOIWALA,78.12218,30.175451000000002,NR,Uttarakhand,5,3,2,0.000556235398820781
BRSQ,BRAR SQUARE,77.14079000000001,28.613526,NR,Delhi NCT,4,2,2,0.00044498831905662476
KAT,KHATAULI,77.736988,29.273712,NR,Uttar Pradesh,5,2,3,0.000556235398820781
BUB,Bissau,75.0612084,28.2401014,NWR,Rajasthan,4,2,2,0.00044498831905662476
PQY,PABLI KHAS,77.698335,29.05601,NR,Uttar Pradesh,5,3,2,0.000556235398820781
GUH,GULDHAR,77.455792,28.703751999999998,NR,Uttar Pradesh,8,5,3,0.0008899766381132495
BRRD,BORDI ROAD,72.766138,20.122424,WR,Gujarat,6,4,2,0.0006674824785849371
BRU,BHAIROGANJ,84.24239742,27.151418149999998,ECR,Bihar,6,3,3,0.0006674824785849371
BTH,BETTIAH,84.5229561,26.8058847,ECR,Bihar,6,4,2,0.0006674824785849371
MKU,MALKAPUR,76.202946,20.891974,,,12,4,8,0.0013349649571698743
BSDL,BHARSENDI,82.06039,24.036488,WCR,Madhya Pradesh,7,3,4,0.0007787295583490933
BSC,Bulandshahr,77.8482415,28.3919187,NR,Uttar Pradesh,4,2,2,0.00044498831905662476
BTPG,Betheria Ghola,88.573321,22.350122,ER,West Bengal,4,2,2,0.00044498831905662476
BTPD,Bethampurdi,80.573657,17.543986,SCR,Andhra Pradesh,4,2,2,0.00044498831905662476
BTG,BASHARATGANJ,79.2851956,28.288009,NR,Uttar Pradesh,5,3,2,0.000556235398820781
BTIC,BHATINDA CANTT,74.954044,30.19088,NR,Punjab,4,2,2,0.00044498831905662476
ALL,ALAL,75.72074952000001,30.377724999999998,NR,Punjab,4,2,2,0.00044498831905662476
WADO,WADODA,76.279846955,20.8885446711,,,10,5,5,0.001112470797641562
KJL,KHUMGAON BURTI,76.401107,20.866943,,,10,6,4,0.001112470797641562
NN,NANDURA,76.46015799999999,20.838889,,,12,5,7,0.0013349649571698743
BTD,BOTAD JN,71.6655966,22.182870599999998,WR,Gujarat,6,3,3,0.0006674824785849371
BU,BASWA,76.575644,27.149686000000003,NWR,Haryana,4,2,2,0.00044498831905662476
AK,AKOLA JN,77.005497,20.723084,,,12,5,7,0.0013349649571698743
DKS,DAREKASA,80.580751,21.271299000000003,,,6,3,3,0.0006674824785849371
BUGL,Buglanwali,74.23897337168455,29.79175066957987,NWR,Rajasthan,2,1,1,0.00022249415952831238
BSX,BASAR,77.938506,18.86512,SCR,Andhra Pradesh,4,2,2,0.00044498831905662476
BWZ,Baddowal,75.742678,30.862116999999998,NR,Punjab,4,2,2,0.00044498831905662476
BSQ,BARSI TAKLI,77.060902,20.576054000000003,SCR,Maharashtra,8,4,4,0.0008899766381132495
PARH,PARAKHEDA,77.642772,25.705583,WCR,Madhya Pradesh,7,4,3,0.0007787295583490933
BLNR,BIRLANAGAR,78.1953108,26.237555,,,10,4,6,0.001112470797641562
BUQ,Bargi,79.875125,22.995932999999997,SECR,Madhya Pradesh,6,3,3,0.0006674824785849371
SIKD,SIKRODA KWANRI,77.96285300000001,26.569564,,,9,7,2,0.0010012237178774058
BSJ,Bhupalsagar,74.2116131934,24.8477620899,NWR,Rajasthan,6,3,3,0.0006674824785849371
BRPK,Bisharpara Kodaliya,88.434731,22.676284,ER,West Bengal,4,2,2,0.00044498831905662476
TY,TULUKAPATI,77.936903,9.467438999999999,SR,Tamil Nadu,6,4,2,0.0006674824785849371
BYSA,Basulyasutahata,88.13056325,22.12030128,SER,West Bengal,4,2,2,0.00044498831905662476
BRG,BARGARH,81.4500584753,25.164270416300003,NCR,Uttar Pradesh,7,4,3,0.0007787295583490933
KSRA,KASARA,73.472003,19.647159,,,11,5,6,0.001223717877405718
OMB,OOMBERMALI,73.422651,19.628026000000002,,,8,4,4,0.0008899766381132495
MH,Marahra,85.446664,25.100178,CR,,0,0,0,0.0
KE,KHARDI,73.393442,19.579952,,,13,5,8,0.0014462120369340306
THS,THANSIT,73.35181299999999,19.549981,,,28,23,5,0.0031149182333963733
BSGR,Bhagsar,74.40197699999999,30.452385,NR,Punjab,4,2,2,0.00044498831905662476
ATG,ATGAON,73.3276912396,19.5031813038,,,16,9,7,0.001779953276226499
ASO,ASANGAON,73.307859,19.439277999999998,,,17,10,7,0.0018912003559906554
VSD,VASIND,73.26768899999999,19.406422,,,9,5,4,0.0010012237178774058
KDV,KHADAVLI,73.21871043,19.35621892,,,12,6,6,0.0013349649571698743
ABY,AMBIVLI,73.17171,19.267587,,,11,5,6,0.001223717877405718
DIVA,DIVA,73.041905,19.188394,,,22,11,11,0.002447435754811436
SNRD,MUMBAI SANDHURST ROAD,72.839733,18.962311,CR,Maharashtra,7,2,5,0.0007787295583490933
BXB,Banga,75.999562,31.177139,NR,Punjab,2,1,1,0.00022249415952831238
TNA,THANE,72.97541700000001,19.185757000000002,,,11,4,7,0.001223717877405718
BVW,Bahminiwala,74.19313199999999,30.548939999999998,NR,Punjab,4,2,2,0.00044498831905662476
MLND,MULUND,72.956933,19.172355,,,6,3,3,0.0006674824785849371
KUF,KAURHA,80.102675,27.462683,,,7,5,2,0.0007787295583490933
KAR,KARNA,80.19623499999999,27.32161,,,6,3,3,0.0006674824785849371
NHU,NAHUR,72.946683,19.154646,,,10,7,3,0.001112470797641562
BTQ,Betnoti,86.8435187,21.741339999999997,SER,Orissa,4,2,2,0.00044498831905662476
BSN,BANASANDRA,76.659317,13.265332,SWR,Karnataka,6,4,2,0.0006674824785849371
MOI,MORI BERA,73.136306,25.035574999999998,NWR,Rajasthan,5,3,2,0.000556235398820781
BRLY,BIROLIYA,73.192517,25.170546,NWR,Rajasthan,8,5,3,0.0008899766381132495
RT,ROHAT,73.0953188199,25.921475609399998,NWR,Rajasthan,8,5,3,0.0008899766381132495
BSRX,BAGEVADI RD,75.82814753,16.47986853,SWR,Karnataka,6,3,3,0.0006674824785849371
AIPP,ATTIPPATTU PUDU NAGAR,80.299606,13.249326,,,18,11,7,0.0020024474357548117
BZG,Bilga,75.66684099999999,31.058267,NR,Punjab,4,2,2,0.00044498831905662476
LMC,LAKHAMANCHI,71.14841382110001,22.5718124104,WR,Gujarat,7,4,3,0.0007787295583490933
BDME,Baidyanathdham Deoghar,86.6920701,24.4892623,ER,Jharkhand,2,1,1,0.00022249415952831238
BTW,BARSI TOWN,75.718169,18.240993,CR,Maharashtra,4,2,2,0.00044498831905662476
BWW,Barwaha,76.0302621,22.255445899999998,WR,Madhya Pradesh,4,2,2,0.00044498831905662476
JWLS,JAWAN WALA SHEHAR,76.003772,32.14165,NR,Himachal Pradesh,4,2,2,0.00044498831905662476
KIM,KIM,72.926702,21.399697,,,10,6,4,0.001112470797641562
SER,SAMAYANALLUR,78.035087,9.981546,,,8,5,3,0.0008899766381132495
CDD,Chandod,73.45218163914979,21.99195697308774,WR,Gujarat,2,1,1,0.00022249415952831238
DPH,DADHAPARA,82.123182,22.028156,,,8,4,4,0.0008899766381132495
JRMG,JAIRAMNAGAR,82.29651100000001,22.034344,,,5,2,3,0.000556235398820781
UGN,UGAON,74.136829,20.122591999999997,,,10,5,5,0.001112470797641562
BXT,Bamanhat,89.62797752581537,26.076284459879247,NFR,West Bengal,1,0,1,0.00011124707976415619
BXK,BANDARKHAL,92.80071699999999,25.069785,NFR,Assam,4,2,2,0.00044498831905662476
BWX,BAHMAN DIWANA,74.849153,30.225526,NR,Punjab,5,3,2,0.000556235398820781
BYHA,BARYA RAM,82.22659200000001,25.566931,NR,Uttar Pradesh,6,3,3,0.0006674824785849371
CRK,CHARKHERA,77.171177,22.367273,WCR,Madhya Pradesh,6,2,4,0.0006674824785849371
BUTA,BHADUTALA,87.3208,22.485657,SER,West Bengal,7,3,4,0.0007787295583490933
CDGR,CHANDRAKONA RD,87.340588,22.739076,SER,West Bengal,4,2,2,0.00044498831905662476
BZO,BARSOLA,76.231711,29.394379,NR,Haryana,7,4,3,0.0007787295583490933
DG,DINDIGUL JN,77.985472,10.35381,,,12,5,7,0.0013349649571698743
VO,VELLODU,77.951415,10.317775999999999,,,7,3,4,0.0007787295583490933
ABI,AMBATURAI,77.924468,10.272226,,,7,4,3,0.0007787295583490933
KQN,KODAIKANAL ROAD,77.909593,10.179613000000002,,,10,6,4,0.001112470797641562
VDP,VADIPPATTI,77.945674,10.086114,,,11,5,6,0.001223717877405718
CDQ,CHADOTAR,72.37251094,24.18394723,WR,Gujarat,4,2,2,0.00044498831905662476
BWL,BAWAL,76.572402,28.070281,NWR,Haryana,7,4,3,0.0007787295583490933
BVRT,BHIMAVARAM TOWN,81.516853,16.547348,SCR,Andhra Pradesh,6,3,3,0.0006674824785849371
BQN,BAGRI NAGAR,73.787801,25.895725000000002,NWR,Rajasthan,6,4,2,0.0006674824785849371
KYR,KARUPPATTI,77.94839300000001,10.044464999999999,,,9,4,5,0.0010012237178774058
SDN,SHOLAVANDAN,77.96508200000001,10.02227,,,12,7,5,0.0013349649571698743
BUG,BAGAHA,84.066991,27.130045000000003,ECR,Bihar,5,3,2,0.000556235398820781
CAI,CHANPATIA,84.53063900000001,26.94163,ECR,Bihar,6,4,2,0.0006674824785849371
CAA,CHAKIA,85.04636,26.417182,ECR,Bihar,4,2,2,0.00044498831905662476
BXM,BELRAYAN,80.915268,28.379381,NER,Uttar Pradesh,6,3,3,0.0006674824785849371
BVQ,BHILAVDI,74.51678100000001,17.008048,CR,Maharashtra,6,3,3,0.0006674824785849371
ANR,ANARA,86.559763,23.481082,SER,West Bengal,5,2,3,0.000556235398820781
BWPL,Balwant Pura Chelasi,75.44328689999999,27.9104715,NWR,Rajasthan,4,2,2,0.00044498831905662476
CATD,Chataud,81.73716,21.015051,SECR,,4,2,2,0.00044498831905662476
CID,Chiraidongri,80.287402,22.411417999999998,SECR,Madhya Pradesh,4,2,2,0.00044498831905662476
KGFR,KATHGHAR RIGHT BANK,78.8082265295,28.832108335,,,12,5,7,0.0013349649571698743
KGFE,KATHGHAR EAST,78.8095,28.832685,,,15,9,6,0.0016687061964623428
BHGJ,Bihariganj,86.992655,25.732598999999997,ECR,Bihar,2,1,1,0.00022249415952831238
HTGR,HATHIGADH,71.444628,21.620099999999997,WR,Gujarat,4,2,2,0.00044498831905662476
CHBN,Chandkhira Bagn,92.287381,24.515852,NFR,Assam,4,2,2,0.00044498831905662476
MKY,MEKKUDI,78.628737,10.87109,SR,Tamil Nadu,4,2,2,0.00044498831905662476
MIL,MILAK,79.16411699999999,28.612475,,,7,2,5,0.0007787295583490933
NRS,NAGARIA SADAT,79.205555,28.550179,,,11,5,6,0.001223717877405718
BXC,Barwala,75.88703100000001,29.367534,NR,Haryana,4,2,2,0.00044498831905662476
BLM,BALAMU JN,80.352497,27.167362999999998,,,14,7,7,0.0015574591166981867
UTA,UMAR TALI,80.473465,27.086986,,,8,2,6,0.0008899766381132495
CBG,Charbhuja Road,73.946241,25.352227999999997,NWR,Rajasthan,4,2,2,0.00044498831905662476
HNA,HONNAVAR,74.433196,14.316931,KR,Karnataka,4,2,2,0.00044498831905662476
SEN,SENAPURA,74.6840119482,13.717680182199999,KR,Karnataka,6,3,3,0.0006674824785849371
CGX,Chargola,92.416794,24.845883999999998,NFR,Assam,4,2,2,0.00044498831905662476
TMP,TAMARAIPADI,78.0445917407,10.4023417558,,,7,4,3,0.0007787295583490933
VDM,VADAMADURA,78.1021599634,10.4363355768,,,6,4,2,0.0006674824785849371
AYR,AYYALUR,78.157049,10.483391,,,9,4,5,0.0010012237178774058
KFC,KALPATTICHATRAM,78.2343675623,10.518065672899999,,,12,6,6,0.0013349649571698743
VPJ,VALYAMPATTI,78.3098143988,10.544055019,,,11,5,6,0.001223717877405718
CII,CHETTIYAPATTI,78.3662318384,10.575644554,,,8,3,5,0.0008899766381132495
BYR,BHAYANDAR,72.85303900000001,19.311766,WR,Maharashtra,6,2,4,0.0006674824785849371
BHU,BHANDU MOTIDAU,72.38933899999999,23.709061000000002,WR,Gujarat,8,6,2,0.0008899766381132495
CG,Canning,88.667458,22.313264,ER,West Bengal,2,1,1,0.00022249415952831238
CGLA,Changotola,80.11878948120001,22.2299461588,?,,2,1,1,0.00022249415952831238
CHKB,CHAKKI BANK,75.636651,32.259653,NR,Punjab,10,3,7,0.001112470797641562
JAR,Junair Halt,85.2506963452,25.273607371900003,,,0,0,0,0.0
CH,CHANDAUSI JN,78.780268,28.458626000000002,NR,Uttar Pradesh,13,7,6,0.0014462120369340306
DGI,DUNGRI,72.949119,20.687336000000002,WR,Gujarat,8,4,4,0.0008899766381132495
BIS,BISWA BRIDGE,76.33919345,20.885157149999998,,,12,7,5,0.0013349649571698743
YAD,YEULKHED,77.07497000000001,20.724559000000003,,,7,3,4,0.0007787295583490933
KKT,Kath Kuiyan,84.0478709076,26.8568018382,,,0,0,0,0.0
BGN,BORGAON,77.1796502,20.7290593,,,10,3,7,0.001112470797641562
DDY,DUDWINDI,75.258143,31.237553,NR,Punjab,4,2,2,0.00044498831905662476
KTP,KATEPURNA,77.25938099999999,20.723777,,,8,4,4,0.0008899766381132495
SUM,SUMMIT,74.3431299774,20.2117506011,,,11,4,7,0.001223717877405718
LS,LASALGAON,74.22597599999999,20.154847999999998,,,10,5,5,0.001112470797641562
DDN,DEHRADUN,78.0336011,30.3140377,NR,Uttarakhand,6,3,3,0.0006674824785849371
MZR,MURTAJAPUR,77.35482499999999,20.736468000000002,,,9,4,5,0.0010012237178774058
CDSL,CHANDRESAL,75.943986,25.212948,WCR,Rajasthan,6,3,3,0.0006674824785849371
CDG,CHANDIGARH,76.82208,30.7019773,NR,Chandigarh,11,6,5,0.001223717877405718
MANA,MANA,77.469063,20.761491,,,7,3,4,0.0007787295583490933
MNDA,MANDURA,77.52258400000001,20.78015,,,7,4,3,0.0007787295583490933
CPJ,KAPTANGANJ JN,83.69990700000001,26.926388,NER,Uttar Pradesh,4,2,2,0.00044498831905662476
AWS,ASWANI HALT,84.051843,27.15958,ECR,Bihar,5,2,3,0.000556235398820781
KUM,KURAM,77.58733000000001,20.808396000000002,,,11,4,7,0.001223717877405718
TKI,TAKLI,77.65695,20.833253,,,11,6,5,0.001223717877405718
KKJ,KAKORI,80.79835,26.885454000000003,,,8,4,4,0.0008899766381132495
LNWT,LUCKNOW WEST (ALH),80.909614,26.829443,,,23,12,11,0.0025586828345755923
DES,DESARI,85.4087656586,25.6683593565,ECR,Bihar,6,2,4,0.0006674824785849371
NR,NIPHAD,74.079481,20.096584,,,12,7,5,0.0013349649571698743
BD,BADNERA JN,77.73231969999999,20.8567925,,,10,6,4,0.001112470797641562
BKJ,BARKUR,74.75968040000001,13.477458799999999,KR,Karnataka,6,3,3,0.0006674824785849371
BFR,BEKAL FORT,75.04278599999999,12.385524,SR,Kerala,8,4,4,0.0008899766381132495
DMK,Dilmili,81.737851,18.987443,ECoR,Chhattisgarh,2,1,1,0.00022249415952831238
DGHR,Deoghar,86.69712126,24.51178242,ER,Jharkhand,4,2,2,0.00044498831905662476
ALUR,Alur Halt,75.99049337,12.98251226,SWR,Karnataka,4,2,2,0.00044498831905662476
TMT,TIMTALA,77.79476000000001,20.812496,,,9,4,5,0.0010012237178774058
MLR,MALKHED,77.862831,20.821793,,,10,4,6,0.001112470797641562
CND,CHANDUR,77.9821558,20.8045192,,,10,7,3,0.001112470797641562
DIP,DIPORE,78.040981,20.79317,,,7,3,4,0.0007787295583490933
DMN,DHAMANGAON,78.138054,20.784674000000003,,,9,4,5,0.0010012237178774058
TLN,TALNI,78.230026,20.754248,,,10,4,6,0.001112470797641562
PLO,PULGAON JN,78.318111,20.726734,,,9,4,5,0.0010012237178774058
KAOT,KAOTHA,78.376203,20.737041,,,9,5,4,0.0010012237178774058
DAE,DAHEGAON,78.463093,20.729315,,,15,7,8,0.0016687061964623428
WR,WARDHA JN,78.594157,20.732777,,,14,7,7,0.0015574591166981867
SEGM,SEVAGRAM,78.619225,20.739076,,,19,8,11,0.0021136945155189675
VADR,WARUD,78.65067138549999,20.7471655405,,,18,9,9,0.0020024474357548117
TGP,TULJAPUR,78.808237,20.800701,,,29,15,14,0.0032261653131605296
BOK,BORKHEDI,78.97444766000001,20.860176040000002,,,19,9,10,0.0021136945155189675
BTBR,BUTI BORI,79.01362896,20.91847276,,,18,6,12,0.0020024474357548117
CBX,CHAND BHAN,74.88002100000001,30.445148,NR,Punjab,5,3,2,0.000556235398820781
GMG,GUMGAON,79.030314,20.993595999999997,,,11,6,5,0.001223717877405718
DEV,DEVARAYI,74.57136412999999,15.44947863,SWR,Karnataka,4,2,2,0.00044498831905662476
KRI,KHAPTI,79.048839,21.049338,,,13,6,7,0.0014462120369340306
AJNI,AJNI,79.0825197485,21.1268588122,,,15,11,4,0.0016687061964623428
KP,KAMPTEE,79.197947,21.21172,,,11,4,7,0.001223717877405718
CGA,CHENGEL,88.13891000000001,22.486845,,,9,6,3,0.0010012237178774058
DGBZ,Dongri Buzurg,79.676645,21.573844,SECR,Maharashtra,4,2,2,0.00044498831905662476
BVA,BAURIA JN,88.1635216052,22.5035911202,,,11,5,6,0.001223717877405718
NALR,NALPUR,88.185699,22.529208,,,17,9,8,0.0018912003559906554
DEEG,Deeg,77.32451142,27.48655053,NCR,Rajasthan,4,2,2,0.00044498831905662476
ABB,ABADA,88.19939199999999,22.547877,,,18,7,11,0.0020024474357548117
SEL,SANKRALL,88.2090743463,22.5613094942,,,14,9,5,0.0015574591166981867
ADL,ANDUL,88.239643,22.575169,,,15,10,5,0.0016687061964623428
SRC,SANTRAGACHI JN,88.284011,22.58393,,,16,10,6,0.001779953276226499
RMJ,RAMRAJATALA,88.295438,22.587778,,,12,6,6,0.0013349649571698743
DGNR,Durganagar,88.419,22.650758,ER,West Bengal,4,2,2,0.00044498831905662476
MPA,MANAPARAI,78.4177652356,10.6075620105,,,9,5,4,0.0010012237178774058
BHGN,BHILGAON,93.926117,26.354394000000003,NFR,Assam,7,4,3,0.0007787295583490933
SMDM,SAMUDRAM,78.493545,10.652687,,,5,2,3,0.000556235398820781
KLS,KOLATUR,78.547696,10.700678,,,9,4,5,0.0010012237178774058
CHB,CHABUA,95.1720581342,27.481420709000002,NFR,Assam,13,6,7,0.0014462120369340306
DEO,DEOKALI,80.705156,27.977317000000003,NER,Uttar Pradesh,4,2,2,0.00044498831905662476
CHNR,CHHAN ARORIAN,75.35904533,32.46131096,NR,Jammu and Kashmir,10,5,5,0.001112470797641562
BDHY,BUDHI,75.432931,32.440429,NR,Jammu and Kashmir,10,3,7,0.001112470797641562
CKKN,CHAK KALAN,75.623498,32.083103,NR,Punjab,8,3,5,0.0008899766381132495
BNGL,BHANGALA,75.61231335209999,32.0195148161,NR,Punjab,10,5,5,0.001112470797641562
CDH,Chakdaha,88.529672,23.078406,ER,West Bengal,4,2,2,0.00044498831905662476
CGH,CHOLANG,75.639894,31.617259999999998,NR,Punjab,8,4,4,0.0008899766381132495
DIC,DAHISAR,72.859587,19.250166,WR,Maharashtra,6,3,3,0.0006674824785849371
CHN,Chhina,75.271993,31.902255,NR,Punjab,5,3,2,0.000556235398820781
MLYA,Maliya,88.136281,22.831668,ER,West Bengal,4,2,2,0.00044498831905662476
DMU,Dhamua,88.392178,22.290179,ER,West Bengal,4,2,2,0.00044498831905662476
DON,DERAWAN HALT,76.104438,23.230256999999998,SER,Jharkhand,2,1,1,0.00022249415952831238
BSP,BILASPUR JN,82.167585,22.057473,,,13,6,7,0.0014462120369340306
DLB,DAULATABAD,75.210494,19.916367,SCR,Maharashtra,5,2,3,0.000556235398820781
DHT,DHAMARA GHAT,86.599522,25.590821,ECR,Bihar,5,2,3,0.000556235398820781
DLGN,DHALGAON,74.9887134,17.120967200000003,CR,Maharashtra,4,2,2,0.00044498831905662476
DKY,DHOKI,76.10298900000001,18.353216,CR,Maharashtra,4,2,2,0.00044498831905662476
DLSR,DALHOGI ROAD,75.75084299999999,32.289064,?,,7,5,2,0.0007787295583490933
DRBR,Deoraha Baba Road,83.87109099999999,26.283979000000002,NER,,4,2,2,0.00044498831905662476
DLR,DULLAHAPUR,83.423264,25.799898,NER,Uttar Pradesh,4,2,2,0.00044498831905662476
DCAB,DCAB,81.477969,21.226612,,,6,3,3,0.0006674824785849371
DKE,DIHAKHO,93.126587,25.427907,NFR,Assam,4,2,2,0.00044498831905662476
CABN,BHILAI CABIN,81.499084,21.236052,,,10,5,5,0.001112470797641562
DNEA,DANEA,85.658334,23.799131,ECR,,4,2,2,0.00044498831905662476
DPLN,Diplana,74.88112287595868,29.182572629698868,NWR,Rajasthan,4,2,2,0.00044498831905662476
KMI,KUMHARI,81.516054,21.243782,,,10,3,7,0.001112470797641562
DOW,Davol,72.953112,22.39911,WR,,4,2,2,0.00044498831905662476
DHR,DHARNAODA,77.09925299999999,24.592205,WCR,Rajasthan,5,3,2,0.000556235398820781
SZB,SARONA CABIN,81.5736163281,21.2532719083,,,10,6,4,0.001112470797641562
DHPR,DAPPAR,76.8075098584,30.5176409515,NR,Punjab,4,2,2,0.00044498831905662476
R,RAIPUR JN,81.629328,21.256462000000003,,,13,7,6,0.0014462120369340306
WRC,W R S COLONY PH,81.639183,21.277967999999998,,,10,4,6,0.001112470797641562
URK,URKURA,81.644569,21.289034,,,12,6,6,0.0013349649571698743
DUMR,Dumra,85.533639,26.576993,ECR,Bihar,2,1,1,0.00022249415952831238
DISA,DISA,72.1796003,24.237125199999998,WR,Gujarat,4,2,2,0.00044498831905662476
CKV,CHERUKUVADA,81.42156278,16.58967159,SCR,Andhra Pradesh,5,2,3,0.000556235398820781
LKO,LUCKNOW,80.925291,26.830675,,,26,13,13,0.002892424073868061
DLI,OLD DELHI,77.228356,28.661815999999998,NR,Delhi NCT,19,7,12,0.0021136945155189675
MDH,MANDHAR,81.704606,21.33807,,,13,8,5,0.0014462120369340306
SLH,SILIARI,81.755534,21.426336000000003,,,11,5,6,0.001223717877405718
BKTH,BAIKUNTH,81.7800294,21.4976724,,,8,3,5,0.0008899766381132495
CHV,CHARVATTUR,75.15435,12.213321,SR,Kerala,6,4,2,0.0006674824785849371
CDRA,CHANDERA,75.168292,12.179818,SR,Kerala,12,6,6,0.0013349649571698743
BYL,BELHA,82.077189,21.961973,,,10,5,5,0.001112470797641562
PUG,PUNGGUDI,78.620151,10.748083000000001,,,7,4,3,0.0007787295583490933
TPJ,TIRUCHIRAPPALLI,78.685355,10.794067,,,13,6,7,0.0014462120369340306
CHBT,CHAKARBHATHA,82.112168,22.003082,,,13,8,5,0.0014462120369340306
DTRD,Diyatara Road,72.8399187915,27.733596247399998,?,Rajasthan,4,2,2,0.00044498831905662476
IB,IB,83.94878100000001,21.815777,,,7,3,4,0.0007787295583490933
KGP,KHARAGPUR JN,87.32845599999999,22.341431999999998,,,26,15,11,0.002892424073868061
FLR,PHULESWAR,88.11604889590001,22.4778756365,,,10,6,4,0.001112470797641562
DHH,Dinhata,89.5868746,26.0707762,NFR,West Bengal,2,1,1,0.00022249415952831238
DKDP,Dakshin Durgapur,88.399338,22.308871,ER,West Bengal,4,2,2,0.00044498831905662476
DJRZ,To Darjeeling,88.3332302,26.8521353,NFR,West Bengal,1,1,0,0.00011124707976415619
DJG,DULIAJAN,95.30695200000001,27.367712,NFR,Assam,7,3,4,0.0007787295583490933
DKM,DIKOM,95.0806742816,27.4642265659,NFR,Assam,12,6,6,0.0013349649571698743
DHNA,Dhachna,87.9869386938,25.6464732123,NFR,Bihar,4,2,2,0.00044498831905662476
JTIN,Jethian,85.3141277319,24.929548151899997,,,0,0,0,0.0
DMR,Dharmanagar,92.16824700000001,24.366946,NFR,Tripura,4,2,2,0.00044498831905662476
DPDP,Dhapdhapi,88.459855,22.315994,ER,West Bengal,4,2,2,0.00044498831905662476
ENB,Ellenabad,74.6579341054894,29.44410399265112,NWR,Rajasthan,5,2,3,0.000556235398820781
DLCR,Dullabcherra,92.477671,24.505297000000002,NFR,Assam,2,1,1,0.00022249415952831238
DVH,Devi Halt,78.86207,21.706411,SECR,Madhya Pradesh,4,2,2,0.00044498831905662476
DGX,Dagaon,92.61368900000001,26.444446,NFR,Assam,4,2,2,0.00044498831905662476
DKWA,Dokwa,75.32336400000001,28.579787000000003,NWR,Rajasthan,4,2,2,0.00044498831905662476
DUH,Dudda,76.2042468,13.08842214,SWR,Karnataka,5,3,2,0.000556235398820781
DHI,Dhule,74.768847,20.887752,CR,Maharashtra,2,1,1,0.00022249415952831238
DHU,Dhubulia,88.441145,23.483546,ER,West Bengal,4,2,2,0.00044498831905662476
DOGL,Donigal,75.73412167570001,12.9040478098,SWR,Karnataka,4,2,2,0.00044498831905662476
DSM,DARASURAM,79.35638399999999,10.944384000000001,SR,Tamil Nadu,5,3,2,0.000556235398820781
DWX,DEWAS,76.051191,22.977556,WR,Madhya Pradesh,7,3,4,0.0007787295583490933
DOR,DUNDARA,72.796892,25.895799,NWR,Rajasthan,6,3,3,0.0006674824785849371
DMH,Dauram Madhepura,86.782638,25.908513,ECR,Bihar,3,2,1,0.0003337412392924686
DPK,Dholipal,74.25159995444119,29.76082671390587,NWR,Rajasthan,6,3,3,0.0006674824785849371
AHO,ADARSHNAGAR,74.653432493,26.411579930800002,NWR,Rajasthan,5,3,2,0.000556235398820781
DNN,Dina Nagar,75.467351,32.134789,NR,Punjab,4,2,2,0.00044498831905662476
DPC,Darliput,82.74651899999999,18.365186,ECoR,Orissa,2,1,1,0.00022249415952831238
DWK,DWARKA,68.980434,22.251023,WR,Gujarat,8,3,5,0.0008899766381132495
RJN,RAJ NANDGAON,81.039019,21.101186000000002,,,12,6,6,0.0013349649571698743
DOZ,DAURAI,74.619546,26.395604000000002,NWR,Rajasthan,6,2,4,0.0006674824785849371
PMS,PARMALKASA,81.09869,21.140859000000003,,,9,3,6,0.0010012237178774058
DOC,Daun Kalan,76.4585689563,30.3792190643,NR,Punjab,4,2,2,0.00044498831905662476
MXA,MARAUDA,81.35973,21.15958,SECR,Chhattisgarh,10,5,5,0.001112470797641562
BQF,BARAHMUAFI,81.009932,25.039892,WCR,Uttar Pradesh,12,3,9,0.0013349649571698743
DOE,DEORI,80.009808,23.298434999999998,WCR,Madhya Pradesh,7,4,3,0.0007787295583490933
DRHI,DAGARHKERI,76.8264017633,22.0812732116,WCR,Madhya Pradesh,8,4,4,0.0008899766381132495
DGN,DONGARGAON,76.36406699999999,21.641314,CR,Madhya Pradesh,8,4,4,0.0008899766381132495
KBSN,KASBE-SUKENE,74.02714900000001,20.072296,,,10,4,6,0.001112470797641562
KW,KHERVADI,73.973978,20.046948,,,8,6,2,0.0008899766381132495
ODHA,ODHA,73.910456,20.01601,,,9,3,6,0.0010012237178774058
NK,NASIK ROAD,73.841897,19.947627,,,8,6,2,0.0008899766381132495
LT,LAHAVIT,73.815119,19.852905,,,8,2,6,0.0008899766381132495
KJMG,KANJUR MARG,72.928041,19.128181,,,11,5,6,0.001223717877405718
GC,GHATKOPAR,72.908591,19.085984999999997,,,6,2,4,0.0006674824785849371
LTT,LOKMANYA TILAK TERM,72.89173899999999,19.070320000000002,,,36,9,27,0.004004894871509623
DRB,Debari,73.805352,24.606987,NWR,Rajasthan,7,3,4,0.0007787295583490933
FAP,FAKHARPUR HALT,77.293521,28.846965,NR,Uttar Pradesh,4,2,2,0.00044498831905662476
DSA,DELHI SHAHDARA,77.293154,28.673098,NR,Delhi NCT,8,4,4,0.0008899766381132495
GZT,GHAZIPUR GHAT,83.60480199999999,25.600279999999998,NER,Uttar Pradesh,7,4,3,0.0007787295583490933
PGN,PERUGAMANI,78.54751,10.889271,SR,Tamil Nadu,4,2,2,0.00044498831905662476
DMV,DIMAPUR,93.72781599999999,25.905701999999998,NFR,Nagaland,10,4,6,0.001112470797641562
DWF,DUDH SAGAR WATER FALLS,74.31403358,15.31333714,SWR,Karnataka,4,2,2,0.00044498831905662476
FSG,PHURSUNGI,74.026016,18.455828999999998,CR,Maharashtra,5,3,2,0.000556235398820781
FLU,Phulia,88.49634,23.229896999999998,ER,West Bengal,2,1,1,0.00022249415952831238
DPS,Dangoaposi,85.59273,22.167964,SER,Jharkhand,4,2,2,0.00044498831905662476
DZKT,Durga Chak Town,88.136032,22.066831,SER,West Bengal,4,2,2,0.00044498831905662476
EPR,Mumbai Elphinstone Road,72.835426,19.00694,WR,Maharashtra,4,2,2,0.00044498831905662476
ELL,Eraligu,92.33263099999999,24.665398,NFR,Assam,4,2,2,0.00044498831905662476
DLN,DILDARNAGAR JN,83.668324,25.419424,,,9,5,4,0.0010012237178774058
DNWH,Daniyawan Bazar Halt,85.2908951074,25.4345036206,?,Bihar,4,2,2,0.00044498831905662476
AHM,AHIMANPUR,82.511544,25.252404,NER,Uttar Pradesh,4,2,2,0.00044498831905662476
FA,FALNA,73.23495299999999,25.235808,NWR,Rajasthan,9,4,5,0.0010012237178774058
DODH,Dodh,74.52193700000001,30.841607,NR,Punjab,4,2,2,0.00044498831905662476
DRGJ,DARAGANJ,81.87998999999999,25.44265,NER,Uttar Pradesh,8,3,5,0.0008899766381132495
DQN,Dhanera,72.032364,24.506528,NWR,Gujarat,4,2,2,0.00044498831905662476
DUMK,Dumka,87.254975,24.289527,ER,Jharkhand,3,2,1,0.0003337412392924686
SRGM,SRIRANGAM,78.696348,10.857918,,,7,5,2,0.0007787295583490933
GOC,PONMALAI GOLDEN ROCK,78.709755,10.791837,,,8,4,4,0.0008899766381132495
DZK,Durgachak,88.15527399999999,22.082011,SER,West Bengal,4,2,2,0.00044498831905662476
TPTN,TIRUCHIRAPALI TOWN,78.702834,10.829084,,,6,3,3,0.0006674824785849371
UKV,UTTAMARKOVIL,78.702346,10.877948,,,7,4,3,0.0007787295583490933
BXS,PICHCHANDARKOVL,78.720236,10.881112,,,6,2,4,0.0006674824785849371
VLDE,VALADI,78.757917,10.872869000000001,,,7,4,3,0.0007787295583490933
MAND,MANDURAI,78.78619599999999,10.873068,,,6,4,2,0.0006674824785849371
LLI,LALGUDI,78.813672,10.875733,,,12,7,5,0.0013349649571698743
KTTR,KATTUR,78.855173,10.895833999999999,,,8,4,4,0.0008899766381132495
PMB,PULLAMBADI,78.91757299999999,10.940214,,,8,4,4,0.0008899766381132495
KKPM,KALLAKKUDI PLGH,78.948759,10.966118999999999,,,5,2,3,0.000556235398820781
KLGM,KALLAGAM,79.00542629819999,11.0256145326,,,6,3,3,0.0006674824785849371
SLTH,SILLAKKUDI,79.0368619916,11.095633418,,,5,3,2,0.000556235398820781
ALU,ARIYALUR,79.06831799999999,11.150035,,,5,2,3,0.000556235398820781
OTK,OTTAKOVIL,79.109674,11.222726000000002,,,6,3,3,0.0006674824785849371
VER,VELLUR HALT,79.13844999999999,11.242453000000001,,,6,2,4,0.0006674824785849371
SNDI,SENDURAI,79.168778,11.256462,,,9,5,4,0.0010012237178774058
MTUR,MATHUR,79.20580299999999,11.318107,,,8,3,5,0.0008899766381132495
ICG,ICHCHANGADU,79.2197551199,11.371003803499999,,,7,4,3,0.0007787295583490933
PNDM,PENNADAM,79.219978,11.397962999999999,,,6,3,3,0.0006674824785849371
TLNR,TALANALLUR,79.24125000000001,11.436374,,,5,3,2,0.000556235398820781
VRT,VRIDDHACHALM TN,79.279462,11.482273000000001,,,6,4,2,0.0006674824785849371
DPD,DOSAPADU,80.938771,16.468807,SCR,Andhra Pradesh,4,2,2,0.00044498831905662476
GAMI,Gogameri,75.03507563844323,29.160244032368652,NWR,Rajasthan,4,2,2,0.00044498831905662476
GANI,GHARNI,76.758368,18.476969999999998,?,Maharashtra,4,2,2,0.00044498831905662476
DVN,DEVTHANA,77.689981,19.274562,SCR,Maharashtra,4,2,2,0.00044498831905662476
DXH,DUHAI,77.480363,28.730283,NR,Uttar Pradesh,6,3,3,0.0006674824785849371
DWLE,Dhauni,86.9930409827,25.010329682000002,ER,Bihar,6,3,3,0.0006674824785849371
DUI,DHURI JN,75.86660300000001,30.372740999999998,NR,Punjab,9,4,5,0.0010012237178774058
FPS,Fatehpur Shekhawati,74.971043,28.000728000000002,NWR,Rajasthan,4,2,2,0.00044498831905662476
DWJ,DWARKAGANJ,82.109076,26.316418,NR,Uttar Pradesh,8,4,4,0.0008899766381132495
DI,DOMBIVILI,73.0869,19.218218,,,18,11,7,0.0020024474357548117
VK,VIKHROLI,72.928312,19.11196,,,6,2,4,0.0006674824785849371
VVH,VIDYAVIHAR,72.897181,19.079258,,,9,5,4,0.0010012237178774058
VGN,VANGAON,72.76318500000001,19.882845,WR,Maharashtra,17,7,10,0.0018912003559906554
EKR,Ekangarsarai,85.2322638,25.2224815,ECR,Bihar,4,2,2,0.00044498831905662476
GGN,GURGAON,77.010739,28.489165,NR,Haryana,6,3,3,0.0006674824785849371
DTW,DATEWAS,75.616682,29.893255,NR,Punjab,7,4,3,0.0007787295583490933
NAI,Nangi,88.223984,22.500255999999997,ER,West Bengal,2,1,1,0.00022249415952831238
FN,Farukhnagar,76.828486,28.467066,NR,Haryana,2,1,1,0.00022249415952831238
GDL,GONDAL,70.79558800000001,21.972471,WR,Gujarat,5,3,2,0.000556235398820781
GAH,Gawnaha,84.52017599999999,27.269838999999997,ECR,Bihar,6,3,3,0.0006674824785849371
GAL,GHATLA,76.628452,27.731813000000002,NWR,Rajasthan,4,2,2,0.00044498831905662476
AI,ADIPUR,70.0786586,23.077052700000003,WR,Gujarat,4,2,2,0.00044498831905662476
CHG,MUMBAI CHINCHPOKLI,72.832659,18.986789,CR,Maharashtra,5,3,2,0.000556235398820781
DWZ,Dantewara,81.35453600000001,18.907733,ECoR,Chhattisgarh,2,1,1,0.00022249415952831238
DXR,DIGSAR,71.499375,22.712403000000002,WR,Gujarat,7,4,3,0.0007787295583490933
FTD,Fatehabad Chowk Junction,75.673338,23.009106,WR,Madhya Pradesh,6,3,3,0.0006674824785849371
DZB,Dahina Zainabad,76.39169434200001,28.291078574500002,NWR,Haryana,4,2,2,0.00044498831905662476
TMLP,TIRUMALPUR,79.67348799999999,12.956333,SR,Tamil Nadu,4,2,2,0.00044498831905662476
CJE,KANCHIPURAM EAST,79.7120436792,12.841137186300001,SR,Tamil Nadu,6,3,3,0.0006674824785849371
DUJ,DUBRAJPUR,87.378973,23.803358,ER,West Bengal,4,2,2,0.00044498831905662476
DGU,DIGARU,91.977861,26.173306,NFR,Assam,4,2,2,0.00044498831905662476
BRHU,BARAHU,92.1395124182,26.1204333815,NFR,Assam,4,2,2,0.00044498831905662476
DML,DHARAMTUL,92.36716,26.189127,NFR,Assam,7,4,3,0.0007787295583490933
BHGP,Bhagirathpur,83.38771,27.326628,NER,Uttar Pradesh,4,2,2,0.00044498831905662476
DHRY,DHALPUKHURI,92.880626,25.981050999999997,NFR,Assam,8,4,4,0.0008899766381132495
BRLF,BAR LANGFER S,93.225136,25.755626,NFR,Assam,7,5,2,0.0007787295583490933
SLX,SELENG HAT,94.4827626898,26.783438032899998,NFR,Assam,13,4,9,0.0014462120369340306
DBRG,DIBRUGARH,94.93525791020001,27.463606565899997,NFR,Assam,11,7,4,0.001223717877405718
DIL,DILAWARNAGAR,80.6674744,26.9601891,,,5,3,2,0.000556235398820781
NDJ,NANDGANJ,83.396867,25.54457,NER,Uttar Pradesh,5,2,3,0.000556235398820781
DYU,DIYURI,79.87601000000001,28.603253,NER,Uttar Pradesh,4,2,2,0.00044498831905662476
JAT,JAMMU TAWI,74.880117,32.706975,NR,Jammu and Kashmir,21,12,9,0.00233618867504728
KNDI,KANDRORI,75.668807,32.184403,NR,Himachal Pradesh,14,8,6,0.0015574591166981867
DYP,Daryapur,81.248588,26.182799,NR,Uttar Pradesh,6,3,3,0.0006674824785849371
BMK,BIRANG KHERA,74.63586428650001,29.9125697133,NWR,Punjab,5,2,3,0.000556235398820781
DHRR,DHIRERA,73.616355,28.363519,NWR,Rajasthan,4,2,2,0.00044498831905662476
CBN,CHIT BARAGAON,84.00154,25.744108999999998,NER,Uttar Pradesh,6,4,2,0.0006674824785849371
CPR,CHHAPRA,84.725004,25.788320000000002,,,17,7,10,0.0018912003559906554
DRI,DUMRI JUARA,84.869395,25.748425,,,9,4,5,0.0010012237178774058
SEE,SONPUR JN,85.16685100000001,25.696849,,,9,4,5,0.0010012237178774058
FRDH,Faridaha Halt,83.12602199999999,25.557959,NER,Uttar Pradesh,4,2,2,0.00044498831905662476
KLL,KALOL JN,72.50363,23.244576000000002,WR,Gujarat,14,7,7,0.0015574591166981867
DNW,DANGARWA,72.44125299999999,23.401485,WR,Gujarat,11,4,7,0.001223717877405718
CHP,CHHAPI,72.40022099999999,24.034518000000002,WR,Gujarat,7,3,4,0.0007787295583490933
SOH,SIROHI ROAD,73.039834,24.791042,NWR,Rajasthan,5,2,3,0.000556235398820781
TN,TUTICORIN,78.15535899999999,8.806109000000001,SR,Tamil Nadu,5,2,3,0.000556235398820781
GBA,GARHBETA,87.320972,22.844562,SER,West Bengal,7,4,3,0.0007787295583490933
ELM,ELIMALA,75.2308476031,12.0686868024,SR,Kerala,4,2,2,0.00044498831905662476
GARA,Garha,85.52096599999999,26.426289,ECR,Bihar,2,1,1,0.00022249415952831238
GJN,Gajner,73.0615538,27.9358522,NWR,Rajasthan,4,2,2,0.00044498831905662476
GIA,Garia,88.404673,22.465958999999998,ER,West Bengal,4,2,2,0.00044498831905662476
ERL,ERANIEL,77.308161,8.212549,SR,Tamil Nadu,4,2,2,0.00044498831905662476
VRI,VRIDHACHALAM JN,79.316073,11.534965,,,13,6,7,0.0014462120369340306
MPLY,MEPPULIYUR,79.30663799999999,11.676385,,,5,3,2,0.000556235398820781
PRKL,PARIKKAL,79.370923,11.778527,,,6,2,4,0.0006674824785849371
KGZ,KARUNGUZHI,79.91149,12.531918999999998,,,7,4,3,0.0007787295583490933
PNDP,PANDILLAPALLI,80.17023400000001,17.171933,SCR,Andhra Pradesh,7,2,5,0.0007787295583490933
GLV,GULVANCHI,75.05678,17.172707,CR,Maharashtra,4,2,2,0.00044498831905662476
GHH,GARHI HARSARU,76.929697,28.43755,NR,Haryana,6,3,3,0.0006674824785849371
GOP,GOP JAM,69.90809078,22.0539696502,WR,Gujarat,5,2,3,0.000556235398820781
GDZ,Gundardehi,81.302351,20.948836,SECR,Chhattisgarh,6,3,3,0.0006674824785849371
GDB,GIDDARBAHA,74.663342,30.201319,NR,Punjab,4,2,2,0.00044498831905662476
GJW,Gajuwala,75.871735,29.585509000000002,NR,Punjab,4,2,2,0.00044498831905662476
GMIA,GUMIA,85.82892199999999,23.802650999999997,ECR,,4,2,2,0.00044498831905662476
GDHA,GODHA,78.141225,28.005897,NR,Uttar Pradesh,12,6,6,0.0013349649571698743
GHUM,Ghoom,88.254223,27.008643,NFR,West Bengal,4,2,2,0.00044498831905662476
LRJ,LAKSAR JN,78.019628,29.754037999999998,,,10,5,5,0.001112470797641562
GSDH,GARSANDA HALT,86.011307,25.142617,ECR,Jharkhand,7,4,3,0.0007787295583490933
GELA,Ghadela Halt,78.888017,21.714043999999998,SECR,Madhya Pradesh,4,2,2,0.00044498831905662476
GHQ,GARHWA,83.8132154,24.1751953,ECR,Jharkhand,6,4,2,0.0006674824785849371
GDV,GUDIVADA JN,80.987594,16.429888,SCR,Andhra Pradesh,6,3,3,0.0006674824785849371
GNDI,GONDWALI,82.519981,24.217437999999998,WCR,Madhya Pradesh,6,3,3,0.0006674824785849371
KEI,KASHI,83.031939,25.326563999999998,,,14,8,6,0.0015574591166981867
BBRM,BABA BHAGWAN RAM HALT,83.0384061804,25.315887671800002,,,12,6,6,0.0013349649571698743
VYN,VYASNAGAR,83.071351,25.29701,,,16,9,7,0.001779953276226499
GNK,Garhnokha,84.12283778,25.09724423,ECR,Bihar,4,2,2,0.00044498831905662476
BHBV,BLOCK HUT B,83.102203,25.274869,,,13,6,7,0.0014462120369340306
BSB,VARANASI JN,82.986468,25.327281,,,28,13,15,0.0031149182333963733
DKI,DHARMKUNDI,77.5510144354,22.5120383739,WCR,Madhya Pradesh,6,3,3,0.0006674824785849371
NGL,NANGAL,77.62227,29.832554,NR,Uttar Pradesh,7,3,4,0.0007787295583490933
MOZ,MUZAFFARNAGAR,77.707807,29.468689,NR,Uttar Pradesh,5,2,3,0.000556235398820781
DRLA,DAURALA,77.70616000000001,29.114015000000002,NR,Uttar Pradesh,6,3,3,0.0006674824785849371
MDNR,MODINAGAR,77.571716,28.827907,NR,Uttar Pradesh,7,3,4,0.0007787295583490933
BRI,BHIRINGI,76.941024,22.227752,WCR,Madhya Pradesh,11,6,5,0.001223717877405718
GEDE,Gede,88.786737,23.491197,ER,West Bengal,3,1,2,0.0003337412392924686
THK,THAKRULI,73.09767799999999,19.225768000000002,,,13,6,7,0.0014462120369340306
GHE,GHEVRA,76.99853599999999,28.691982000000003,NR,Delhi NCT,8,5,3,0.0008899766381132495
GHA,GOLEHWALA,74.70440599999999,30.789872,NR,Punjab,5,2,3,0.000556235398820781
GAW,Gainjahwa,82.24506478820001,27.4546557588,NER,Uttar Pradesh,4,2,2,0.00044498831905662476
GNZ,Gahndran Halt,75.424279,31.117935,NR,Punjab,4,2,2,0.00044498831905662476
GH,GHUGHULI,83.7137745453,27.0539516142,NER,Uttar Pradesh,6,3,3,0.0006674824785849371
SJGH,SARAI JAGDISH,82.365134,25.30009,NER,Uttar Pradesh,4,2,2,0.00044498831905662476
KARD,KAMAN ROAD,72.919123,19.33655,CR,Maharashtra,20,9,11,0.002224941595283124
AML,AMALSAD,72.956092,20.811373000000003,WR,Gujarat,12,6,6,0.0013349649571698743
GTQ,Gumtali Halt,75.636453,31.065852,NR,Punjab,4,2,2,0.00044498831905662476
GLD,Ghelda,72.20310172849999,23.3616934176,WR,Gujarat,4,2,2,0.00044498831905662476
LRJC,LAKSAR NORTH CABIN,78.00175999999999,29.767009,,,9,4,5,0.0010012237178774058
GCT,GHAZIPUR CITY,83.568045,25.583144,NER,Uttar Pradesh,5,2,3,0.000556235398820781
GIS,Garhi Sandra,77.76513,26.668256,NCR,Rajasthan,4,2,2,0.00044498831905662476
GUV,GURUVAYUR,76.045457,10.596896,SR,Kerala,3,1,2,0.0003337412392924686
EOCM,EOCM,83.196038,25.315812,,,8,4,4,0.0008899766381132495
KCA,KUCHMAN,83.21503,25.318877999999998,,,14,7,7,0.0015574591166981867
SLD,SAKALDIHA,83.289193,25.331472,,,9,4,5,0.0010012237178774058
TLAM,TULSI ASHRAM,83.35123571720001,25.3422743391,,,10,6,4,0.001112470797641562
DHA,DHEENA,83.423069,25.354392,,,10,5,5,0.001112470797641562
DTVL,DATIVLI,73.059049,19.187012,CR,Maharashtra,10,6,4,0.001112470797641562
KLMG,KALAMBOLI GOODS,73.11494900000001,19.035116,CR,Maharashtra,17,11,6,0.0018912003559906554
BHCL,BAHORA CHANDIL,83.489726,25.364918,,,13,6,7,0.0014462120369340306
ZNA,ZAMANIA,83.54365,25.373856,,,10,6,4,0.001112470797641562
DRV,DARAULI,83.60180199999999,25.393753,,,5,2,3,0.000556235398820781
USK,USIA KHAS,83.706967,25.434324,,,6,3,3,0.0006674824785849371
PEN,PEN,73.0867978516,18.735604455900003,CR,Maharashtra,15,7,8,0.0016687061964623428
GKA,Gokhula,84.53976300000001,27.069813,ECR,Bihar,4,2,2,0.00044498831905662476
CMC,CHEMANCHERI,75.720039,11.405279,SR,Kerala,7,4,3,0.0007787295583490933
ETR,ELATTUR,75.741119,11.346337,SR,Kerala,7,2,5,0.0007787295583490933
GPBN,Gandhi Park Halt,77.893393,18.652065999999998,?,,4,2,2,0.00044498831905662476
CLT,KOZHIKODE,75.780407,11.246234,SR,Kerala,4,2,2,0.00044498831905662476
FK,FEROK,75.8302845,11.174972200000001,SR,Kerala,7,2,5,0.0007787295583490933
PGI,PARPANANGADI,75.861006,11.045910000000001,SR,Kerala,10,6,4,0.001112470797641562
BPZA,BHARATHAPUZHA H,76.290829,10.758913999999999,,,10,5,5,0.001112470797641562
VTK,VALLATHOL NAGAR,76.280933,10.731563,,,12,5,7,0.0013349649571698743
BWH,BHADAURA,83.738354,25.4504253,,,12,3,9,0.0013349649571698743
GIO,Goriyan,75.26559,27.547928,NWR,Rajasthan,4,2,2,0.00044498831905662476
GLA,GARLA,80.139236,17.487076,SCR,Andhra Pradesh,13,6,7,0.0014462120369340306
GOD,GIDARPINDI,75.12451399999999,31.152633,NR,Punjab,4,2,2,0.00044498831905662476
GVH,Govind Garh,76.98805800000001,27.499556,NCR,Rajasthan,4,2,2,0.00044498831905662476
GRB,GARHDHRUBESWAR,86.617006,23.509341,SER,West Bengal,6,3,3,0.0006674824785849371
GNW,Gangiwara,78.846139,22.097988,CR,Madhya Pradesh,4,2,2,0.00044498831905662476
GRI,GURIYA,73.955291,25.998261,NWR,Rajasthan,4,2,2,0.00044498831905662476
HBE,Habibpur,88.538423,23.211966999999998,ER,West Bengal,2,1,1,0.00022249415952831238
GWV,GOWDAVALLI,78.46819099999999,17.609541,SCR,Andhra Pradesh,6,3,3,0.0006674824785849371
GLGT,Golaghat,93.9611898,26.508626,NFR,Assam,6,3,3,0.0006674824785849371
MDRR,MADHAVNAGAR ROA,80.3948243298,23.7866102083,WCR,Madhya Pradesh,14,8,6,0.0015574591166981867
GMD,GURAMKHEDI,78.0778207251,22.682206476,WCR,Madhya Pradesh,8,3,5,0.0008899766381132495
HGA,Hogla,88.452384,22.255044,ER,West Bengal,4,2,2,0.00044498831905662476
BGTA,BAGRA TAWA,77.9937073,22.6307113,WCR,Madhya Pradesh,10,7,3,0.001112470797641562
AIA,AJARAKA,76.56420899999999,27.959391,NWR,Rajasthan,4,2,2,0.00044498831905662476
GNJ,GUNJI,74.47936741759999,15.5431155625,SWR,Karnataka,4,2,2,0.00044498831905662476
GPB,GHATPRABHA,74.7598229541,16.240718896,SWR,Karnataka,4,2,2,0.00044498831905662476
GTRA,GOTRA HALT,77.30096,28.807889,NR,Uttar Pradesh,4,2,2,0.00044498831905662476
GLTA,GAHLOTA,74.967556543,26.6723715203,NWR,Rajasthan,6,3,3,0.0006674824785849371
GNA,GONEANA,74.90948,30.318715,NR,Punjab,5,2,3,0.000556235398820781
GJS,Gajsinghpur,73.436739,29.658053,NWR,Rajasthan,2,1,1,0.00022249415952831238
GJUT,GANGSAR JAITU,74.87951100000001,30.445082000000003,NR,Punjab,5,2,3,0.000556235398820781
GUS,GHUMASAN,72.449853,23.378698999999997,WR,Gujarat,5,3,2,0.000556235398820781
GSD,Ghosunda,74.53452700000001,24.871222,NWR,Rajasthan,5,2,3,0.000556235398820781
HBP,HARPAR BOCHAHA,85.75716073,25.6034373373,ECR,Bihar,8,2,6,0.0008899766381132495
GLE,Gajulaguden,80.657904,17.609727,SCR,Andhra Pradesh,4,2,2,0.00044498831905662476
GOPG,Gopalganj,84.43554700000001,26.454202,NER,Bihar,4,2,2,0.00044498831905662476
GOK,GOKARNA ROAD,74.36719699999999,14.582791,KR,Karnataka,4,2,2,0.00044498831905662476
CS,KANNUR SOUTH,75.400253,11.866899,SR,Kerala,4,2,2,0.00044498831905662476
GNL,Gongle,80.147349,21.222011000000002,SECR,Maharashtra,4,2,2,0.00044498831905662476
ETK,ETAKKOT,75.44379699999999,11.806194999999999,SR,Kerala,4,2,2,0.00044498831905662476
GQN,Garhani,84.5696156628,25.4118931462,ECR,Bihar,4,2,2,0.00044498831905662476
GNC,Gandhinagar Capital,72.62916200000001,23.233379,WR,Gujarat,2,1,1,0.00022249415952831238
GUA,Gua,85.381896,22.218519,SER,Jharkhand,2,1,1,0.00022249415952831238
HKH,Haranya Kheri,75.776745,22.583661,WR,Madhya Pradesh,4,2,2,0.00044498831905662476
GVL,Gudlavalleru,81.046037,16.348371,SCR,Andhra Pradesh,6,3,3,0.0006674824785849371
GWYR,Greenways Road,80.25171539,13.0202759,SR,Tamil Nadu,4,2,2,0.00044498831905662476
GSP,Gurdaspur,75.420769,32.044111,NR,Punjab,4,2,2,0.00044498831905662476
HKD,Hailakandi,92.56789,24.680276000000003,?,Assam,4,2,2,0.00044498831905662476
GNPR,Gunupur,83.8099599005,19.069058897799998,ECoR,Orissa,2,1,1,0.00022249415952831238
GULR,GULER,76.151266,32.004278,NR,Himachal Pradesh,6,3,3,0.0006674824785849371
GSW,GURSAR SHNEWALA,74.8861198969,30.138926513900003,NWR,Punjab,6,3,3,0.0006674824785849371
HAPA,HAPA,70.11814,22.468974,WR,Gujarat,12,6,6,0.0013349649571698743
GZN,NEW GHAZIABAD,77.43800800000001,28.674404,NR,Uttar Pradesh,6,3,3,0.0006674824785849371
HPT,HOSPET JN,76.38578,15.286807,SWR,Karnataka,4,2,2,0.00044498831905662476
HLZ,Haldia,88.06589,22.045284,SER,West Bengal,3,2,1,0.0003337412392924686
HEM,HIMAYATNAGAR,77.868855,19.416708999999997,SCR,Maharashtra,5,3,2,0.000556235398820781
HTD,HATUNDI,74.6445661014,26.354279161199997,NWR,Rajasthan,5,2,3,0.000556235398820781
HLAR,HOLE ALUR,75.64646099999999,15.81959,SWR,Karnataka,8,4,4,0.0008899766381132495
HPP,HARPALPUR,79.33546100000001,25.290501,NCR,Madhya Pradesh,4,2,2,0.00044498831905662476
GSL,GODAPIASAL,87.320806,22.530677,SER,West Bengal,8,2,6,0.0008899766381132495
HLDR,HALDAUR,78.275060462,29.290081553100002,NR,Uttar Pradesh,6,3,3,0.0006674824785849371
GVD,GHOLVAD,72.73799100000001,20.08688,WR,Maharashtra,6,3,3,0.0006674824785849371
HSA,HASIMARA,89.347661,26.72689,NFR,West Bengal,7,4,3,0.0007787295583490933
GTT,GOMTA,70.72970199999999,21.873814999999997,WR,Gujarat,6,3,3,0.0006674824785849371
GTF,GUMTHAL,78.757645,28.484002,NR,Uttar Pradesh,8,3,5,0.0008899766381132495
HSI,HARSAULI,76.615189,27.864848000000002,NWR,Rajasthan,5,2,3,0.000556235398820781
HRSR,Harish Nagar Halt,88.77798899999999,23.469777,ER,West Bengal,5,3,2,0.000556235398820781
GSO,GHASO,76.14336899999999,29.531288,NR,Haryana,8,6,2,0.0008899766381132495
HNK,HANAKERE,76.979837,12.565639000000001,SWR,Karnataka,4,2,2,0.00044498831905662476
AII,AJMER JN,74.63746400000001,26.456612,NWR,Rajasthan,18,10,8,0.0020024474357548117
HIL,Hilsa,85.277079,25.317354,ECR,Bihar,5,3,2,0.000556235398820781
GXG,Geong,76.466397041,29.8223584375,NR,Haryana,4,2,2,0.00044498831905662476
HBN,Haibargaon,92.672506,26.355638,NFR,Assam,5,3,2,0.000556235398820781
HLW,Hirnawali,74.27241649478674,29.710120646310926,NWR,Rajasthan,2,1,1,0.00022249415952831238
HRT,Harnaut,85.5407224109,25.371762836200002,ECR,Bihar,4,2,2,0.00044498831905662476
HBF,Hadobhangi Halt,83.94176085389999,18.8219370968,ECoR,Orissa,4,2,2,0.00044498831905662476
HRF,Hathras Kila,78.05801798589528,27.594876304064115,NCR,Uttar Pradesh,2,1,1,0.00022249415952831238
GRPA,Garhpura,86.209037,25.65472,ECR,Bihar,7,3,4,0.0007787295583490933
HSR,Hisar,75.724305,29.152341,NWR,Haryana,8,4,4,0.0008899766381132495
GTM,Ghatampur,80.174712,26.151304,NCR,Uttar Pradesh,4,2,2,0.00044498831905662476
GRMA,Ghormara,86.86392,24.442298,ER,Jharkhand,4,2,2,0.00044498831905662476
PCV,Palakkodu,78.072073,12.297417999999999,SWR,Tamil Nadu,6,3,3,0.0006674824785849371
HAH,Hosa Agrahara,76.3618194318,12.570459617700001,SWR,Karnataka,4,2,2,0.00044498831905662476
HPI,Harapatti,87.092628,25.881401999999998,?,Bihar,4,2,2,0.00044498831905662476
IDR,INDI ROAD,75.919616,17.211288999999997,SWR,Karnataka,4,2,2,0.00044498831905662476
HLDD,HALDI ROAD,79.45967900000001,29.039597,NER,Uttarakhand,4,2,2,0.00044498831905662476
IZN,IZZATNAGAR,79.421171,28.388265999999998,NER,Uttar Pradesh,5,3,2,0.000556235398820781
HSQ,HUSAINPUR,75.320851,31.301125,NR,Punjab,4,2,2,0.00044498831905662476
HNM,HINAUTARAMBAN,80.94306200000001,24.575192,WCR,Madhya Pradesh,8,4,4,0.0008899766381132495
HLX,HILARA,92.62051100000001,24.951767,NFR,Assam,5,3,2,0.000556235398820781
HYB,HYDERABAD DECCAN,78.467377,17.393362999999997,SCR,Andhra Pradesh,5,2,3,0.000556235398820781
JCU,JAICHOLI,77.397778,27.131193,WCR,Rajasthan,7,4,3,0.0007787295583490933
HTK,HATKANAGALE,74.42206700000001,16.748424,CR,Maharashtra,4,2,2,0.00044498831905662476
HMT,HIMMATNAGAR,72.960358,23.591655,WR,Gujarat,8,4,4,0.0008899766381132495
JAM,JAMNAGAR,70.053879,22.493992,WR,Gujarat,12,6,6,0.0013349649571698743
HGJ,HARDUAGANJ,78.1280258472,27.9904756211,NCR,Uttar Pradesh,4,2,2,0.00044498831905662476
HMI,HIMMATANA,75.867119,30.458736,NR,Punjab,4,2,2,0.00044498831905662476
HRNG,HARPUR NAG HALT,85.07713600000001,26.386419,ECR,Bihar,5,3,2,0.000556235398820781
HW,HARIDWAR JN,78.15489899999999,29.947787,NR,Uttarakhand,4,2,2,0.00044498831905662476
INDM,Indore Junction MG,75.868072,22.717139,WR,Madhya Pradesh,4,2,2,0.00044498831905662476
IHP,INCHHAPURI,76.7189807,28.319499,NR,Haryana,4,2,2,0.00044498831905662476
HWX,HABAIPUR,92.98586300000001,25.871926,NFR,Assam,5,2,3,0.000556235398820781
HMRR,HAMARAPUR,73.086161,18.81964,CR,Maharashtra,12,8,4,0.0013349649571698743
HIND,HIND,77.3634743811,29.530388830099998,NR,Uttar Pradesh,4,2,2,0.00044498831905662476
HTNL,HITNAL,76.291469,15.335637,SWR,Karnataka,4,2,2,0.00044498831905662476
HJL,HEJJALA,77.4184168683,12.8482854964,SWR,Karnataka,6,4,2,0.0006674824785849371
JGNR,Jogendranagar,91.310464,23.812162,NFR,Tripura,4,2,2,0.00044498831905662476
HVR,HAVERI,75.410686,14.7943,SWR,Karnataka,4,2,2,0.00044498831905662476
JDL,JAGDEVWALA,73.455749812,28.3108582783,NWR,Rajasthan,4,2,2,0.00044498831905662476
HEI,HEGGERE HALT,77.048296,13.341342,SWR,Karnataka,6,4,2,0.0006674824785849371
HHL,HIREHALI,77.1887639459,13.2815759392,SWR,Karnataka,6,2,4,0.0006674824785849371
JDP,Jadabpur,88.37469700000001,22.495442,ER,West Bengal,4,2,2,0.00044498831905662476
JHD,Jehanabad,84.989964,25.224705,ECR,Bihar,6,3,3,0.0006674824785849371
HRM,Hadmadiya,70.841154,20.934947,WR,Gujarat,4,2,2,0.00044498831905662476
HDM,Hirdamali,80.197137,21.342807,SECR,Maharashtra,4,2,2,0.00044498831905662476
JARI,Jari,72.061232,24.587316,NWR,Gujarat,5,2,3,0.000556235398820781
HTW,Hathua,84.3402527405,26.3689018769,NER,Bihar,5,3,2,0.000556235398820781
HLV,Haliyuru,76.336804,14.222474,SWR,Karnataka,4,2,2,0.00044498831905662476
BETI,Bhetasi,73.03223700000001,22.421623999999998,WR,,4,2,2,0.00044498831905662476
KMNR,Kamalnagar,77.178835,18.240644,SCR,Karnataka,4,2,2,0.00044498831905662476
JKL,Jalal Khali,88.513628,23.347507999999998,?,West Bengal,4,2,2,0.00044498831905662476
HPLE,Hatpuraini,86.9850695752,25.1558255368,ER,Bihar,8,4,4,0.0008899766381132495
JGN,Jagraon,75.47275900000001,30.801197,NR,Punjab,4,2,2,0.00044498831905662476
HPA,Hampapura,76.39466399999999,12.479685,SWR,Karnataka,4,2,2,0.00044498831905662476
IAM,Mai Halt,84.9878194543,25.156632436000002,?,,4,2,2,0.00044498831905662476
JHDC,Jehanabad Court,84.98415622680001,25.2011434752,ECR,Bihar,6,3,3,0.0006674824785849371
JOR,Jalor,72.63429,25.35418,NWR,Rajasthan,5,2,3,0.000556235398820781
JBP,JABALPUR,79.950919,23.164636,WCR,Madhya Pradesh,17,4,13,0.0018912003559906554
IRN,Irgaon,84.78325099999999,23.421550999999997,SER,Jharkhand,4,2,2,0.00044498831905662476
JHK,JETHUKE,75.318381,30.288215,NR,Punjab,4,2,2,0.00044498831905662476
JNA,JULANA,76.396508,29.120124,NR,Haryana,7,3,4,0.0007787295583490933
IDJ,IDALHOND,74.51814539669999,15.7079285213,SWR,Karnataka,4,2,2,0.00044498831905662476
IDL,INDALVAI,78.244351,18.548665,SCR,Andhra Pradesh,4,2,2,0.00044498831905662476
JJR,JEJURI,74.171451,18.286557,CR,Maharashtra,8,4,4,0.0008899766381132495
JRBM,JIRIBAM,93.12437581,24.79884918,NFR,Assam,2,1,1,0.00022249415952831238
JRNA,Jirania,91.43198600000001,23.827373,NFR,Tripura,4,2,2,0.00044498831905662476
JCY,JIND CITY,76.317477,29.309693,NR,Haryana,4,2,2,0.00044498831905662476
JDNX,JOGINDER NAGAR,76.788887,31.988433,NR,Himachal Pradesh,3,1,2,0.0003337412392924686
IGL,IRINGAL,75.608869,11.548117000000001,SR,Kerala,5,2,3,0.000556235398820781
AILM,AILAM,77.2915349414,29.2719947091,NR,Uttar Pradesh,5,3,2,0.000556235398820781
JONR,Jeonara Ph,80.073534,22.467657,SECR,Madhya Pradesh,2,1,1,0.00022249415952831238
JAK,Jakanur,75.650291,15.845019,SWR,Karnataka,4,2,2,0.00044498831905662476
IBL,INDRABIL,86.78164699999999,23.445293999999997,SER,West Bengal,7,3,4,0.0007787295583490933
JOS,JOGESHWARI,72.84906600000001,19.136550999999997,WR,Maharashtra,5,2,3,0.000556235398820781
JDN,JAGUDAN,72.40164899999999,23.521841,WR,Gujarat,9,4,5,0.0010012237178774058
JGG,JANGIGANJ,82.35067155089999,25.3053173094,NER,Uttar Pradesh,4,2,2,0.00044498831905662476
JMNR,Jamner,75.77482301741838,20.80642760713478,CR,Maharashtra,2,1,1,0.00022249415952831238
JTG,Jatinga,93.00795843824744,25.132585153047003,NFR,Assam,6,3,3,0.0006674824785849371
JTP,Jetpur,70.615184,21.735312999999998,WR,Gujarat,4,2,2,0.00044498831905662476
JMRA,Jamira,92.527405,24.307199,?,Assam,4,2,2,0.00044498831905662476
JBB,Jambur,70.593046,21.032797000000002,WR,Gujarat,4,2,2,0.00044498831905662476
ITKY,Itky,85.1270959845,23.3522113974,SER,Jharkhand,4,2,2,0.00044498831905662476
JJN,Jhunjhunun,75.39017865434289,28.106884063857194,NWR,Rajasthan,4,2,2,0.00044498831905662476
JBU,Jabugam,73.76050000000001,22.28593,WR,Gujarat,4,2,2,0.00044498831905662476
JTTN,Jorhat Town,94.217106,26.750692,NFR,Assam,4,2,2,0.00044498831905662476
JBW,Jhabelwali,74.602033,30.510447,NR,Punjab,4,2,2,0.00044498831905662476
JSA,Jasai,71.24586000000001,25.716785,?,Rajasthan,4,2,2,0.00044498831905662476
IDAR,Idar,73.01088,23.835435,WR,Gujarat,4,2,2,0.00044498831905662476
JLLO,Jhilo,75.890113,27.850784,NWR,Rajasthan,8,4,4,0.0008899766381132495
HZR,Hafizpur,77.785833,28.671653,NR,Uttar Pradesh,4,2,2,0.00044498831905662476
JK,Jakolari,75.545676,32.218706,NR,Punjab,5,3,2,0.000556235398820781
JPO,Jora Alapur,77.802358,26.344599,NCR,Madhya Pradesh,4,2,2,0.00044498831905662476
JPV,Jamtara Paraswara,79.960351,23.091963999999997,SECR,Madhya Pradesh,4,2,2,0.00044498831905662476
JRJ,JARGAON,78.768653,28.560472,NR,Uttar Pradesh,7,4,3,0.0007787295583490933
JTRD,JATH ROAD,75.110555,17.2166,CR,Maharashtra,4,2,2,0.00044498831905662476
KCB,KUSLAMB,75.777193,18.274834000000002,CR,Maharashtra,4,2,2,0.00044498831905662476
KCNR,KACHNARA ROAD,75.101751,23.829547,WR,Madhya Pradesh,4,2,2,0.00044498831905662476
JWO,JAWAD ROAD,74.764389,24.557577000000002,WR,Rajasthan,4,2,2,0.00044498831905662476
JYM,JAI SAMAND ROAD,73.86827000000001,24.22064,NWR,Rajasthan,6,3,3,0.0006674824785849371
KEG,KARENGI,79.041353,28.346844,NR,Uttar Pradesh,8,4,4,0.0008899766381132495
JSM,JAISALMER,70.92823899999999,26.91655,NWR,Rajasthan,2,1,1,0.00022249415952831238
JID,JAGI ROAD,92.197461,26.126113999999998,NFR,Assam,4,2,2,0.00044498831905662476
JKN,JAKHANIAN,83.369563,25.740942,NER,Uttar Pradesh,4,2,2,0.00044498831905662476
KEQ,KACHHPURA,79.903128,23.168783,WCR,Madhya Pradesh,8,4,4,0.0008899766381132495
JRS,JORAVASAN,72.96576,20.729778,WR,Gujarat,10,5,5,0.001112470797641562
JLR,JETALSAR JN,70.57391,21.729374,WR,Gujarat,9,5,4,0.0010012237178774058
JHT,JUNEHTA,78.596143,22.78247,WCR,Madhya Pradesh,5,3,2,0.000556235398820781
KB,KHAIRATABAD,80.740844,27.521338,NER,Uttar Pradesh,7,4,3,0.0007787295583490933
JIR,JIRA ROAD,71.345267,21.450312,WR,Gujarat,6,3,3,0.0006674824785849371
JJT,JAI JAI WANTI,76.36926500000001,29.16948,NR,Haryana,8,5,3,0.0008899766381132495
JKP,JHAREKAPUR,80.728934,27.680642,NER,Uttar Pradesh,5,2,3,0.000556235398820781
JSB,Yamuna South Bank,80.226651,25.902334,NCR,Uttar Pradesh,4,2,2,0.00044498831905662476
JPH,JHANTIPAHARI,86.904491,23.353362999999998,?,West Bengal,4,2,2,0.00044498831905662476
JNKR,Janakinagar,87.116949,25.881604,ECR,Bihar,4,2,2,0.00044498831905662476
KAGR,KAGANGARH,75.739115,29.839460000000003,NR,Punjab,5,3,2,0.000556235398820781
KFP,Kukra Khapa,78.897525,21.825569,SECR,Madhya Pradesh,4,2,2,0.00044498831905662476
JYP,JEYPORE,82.55467900000001,18.896375,?,Orissa,4,2,2,0.00044498831905662476
JKHI,Jakhod Khera,75.57373,29.209394,NWR,Haryana,4,2,2,0.00044498831905662476
KCO,Kachhia Bridge,78.863805,27.944171,NER,Uttar Pradesh,4,2,2,0.00044498831905662476
KAVI,Kavi,88.39808402583003,22.47229104660886,WR,Gujarat,0,0,0,0.0
JNK,Jhinkpani,85.77066197879999,22.4200106276,SER,Jharkhand,4,2,2,0.00044498831905662476
KAI,KAIRLA,73.1955095032,25.8474354519,NWR,Rajasthan,7,3,4,0.0007787295583490933
JPM,JIYAPURAM,78.606343,10.873546000000001,?,Tamil Nadu,4,2,2,0.00044498831905662476
JRG,Jugpura,86.912796,21.668795,?,Orissa,4,2,2,0.00044498831905662476
JOH,Juharpura,74.84733,28.199319000000003,NWR,Rajasthan,6,3,3,0.0006674824785849371
JOK,Jodhka,75.218369,29.493381999999997,?,Haryana,4,2,2,0.00044498831905662476
JTDM,Jatdumri Halt,85.0950627991,25.474492932500002,?,,4,2,2,0.00044498831905662476
VI,Villianur,79.757506,11.919269000000002,SR,Puducherry,6,3,3,0.0006674824785849371
JKS,Jaksi,72.1076480029,23.222302523099998,WR,Gujarat,4,2,2,0.00044498831905662476
KBGH,Karea Kadambagachhi,88.534887,22.705299,ER,West Bengal,2,1,1,0.00022249415952831238
JRL,Jharili,76.374648,28.50653,NWR,Haryana,4,2,2,0.00044498831905662476
JHWR,Jhawar,75.377777,32.002349,NR,Punjab,4,2,2,0.00044498831905662476
KAJ,Kaliyaganj,88.330404,25.6393,NFR,West Bengal,5,3,2,0.000556235398820781
KBE,KUREBHAR,82.111598,26.409469,NR,Uttar Pradesh,6,3,3,0.0006674824785849371
KGM,KATHGODAM,79.54633,29.266583,NER,Uttarakhand,2,1,1,0.00022249415952831238
KDGI,KUDGI,75.811482,16.530215,SWR,Karnataka,4,2,2,0.00044498831905662476
KHHJ,Khatkar Kalan,76.02555000000001,31.166967,NR,Punjab,2,1,1,0.00022249415952831238
KDLG,KUNDALGARH,73.81051,24.02828,NWR,Rajasthan,8,4,4,0.0008899766381132495
KCF,KALCHINI,89.447487,26.687507,NFR,West Bengal,7,4,3,0.0007787295583490933
JVA,JAVALE,75.157805,17.298963,CR,Maharashtra,4,2,2,0.00044498831905662476
JUA,JARAUNA,82.399136,25.557129999999997,NR,Uttar Pradesh,4,2,2,0.00044498831905662476
JSP,JAYASINGPUR,74.551613,16.791339,CR,Maharashtra,5,2,3,0.000556235398820781
KBI,KAMBRGANVI,74.875061,15.459597,SWR,Karnataka,4,2,2,0.00044498831905662476
KDMR,KODIYAR MANDIR,72.00460199999999,21.739200999999998,WR,Gujarat,4,2,2,0.00044498831905662476
KIQ,Khai Phemeki,74.55121799999999,30.901616999999998,NR,Punjab,4,2,2,0.00044498831905662476
JWP,JWALAPUR,78.120775,29.928457,NR,Uttarakhand,4,2,2,0.00044498831905662476
KBR,KABRAI,80.0382402954,25.385191218099997,NCR,Uttar Pradesh,4,2,2,0.00044498831905662476
KCR,KHONKER,77.578988,25.316453,WCR,Madhya Pradesh,9,5,4,0.0010012237178774058
KGW,KARIGANURU,76.43343,15.251727,SWR,Karnataka,4,2,2,0.00044498831905662476
KBL,KOPPAL,76.14395900000001,15.353868,SWR,Karnataka,7,3,4,0.0007787295583490933
KGI,KENGERI,77.48431,12.918047,SWR,Karnataka,6,3,3,0.0006674824785849371
KBU,KASU BEGU,74.671641,30.856795,NR,Punjab,4,2,2,0.00044498831905662476
KGX,KANGINHAL,75.719041,15.447816999999999,SWR,Karnataka,5,3,2,0.000556235398820781
KHAR,KHAR,72.840078,19.069166,WR,Maharashtra,5,2,3,0.000556235398820781
KILE,KANDIVLI,72.852098,19.204551,WR,Maharashtra,8,4,4,0.0008899766381132495
JTY,JETHI,72.507154,24.291967,NWR,Gujarat,5,2,3,0.000556235398820781
JSD,Jaisingder,70.35885900000001,25.755537,?,Rajasthan,4,2,2,0.00044498831905662476
KKGT,Kalkalighat,92.2952717633,24.5804202061,NFR,Assam,4,2,2,0.00044498831905662476
BOMN,Bommagundanakere,76.68023,14.591669999999999,SWR,Karnataka,4,2,2,0.00044498831905662476
KAY,Karaimadai,76.957617,11.238610999999999,SR,Tamil Nadu,4,2,2,0.00044498831905662476
KKK,Khakharia,70.932064,21.653052,WR,Gujarat,4,2,2,0.00044498831905662476
KALI,Kaili,77.75277,28.785394,NR,Uttar Pradesh,4,2,2,0.00044498831905662476
KKAE,Kaikala,88.09337895,22.83998676,ER,West Bengal,4,2,2,0.00044498831905662476
JTH,Jhoktahal Singh,74.495544,30.80909,NR,Punjab,4,2,2,0.00044498831905662476
JRX,Juriagaon,92.644475,26.441079000000002,NFR,Assam,4,2,2,0.00044498831905662476
KGKD,Kang Khurd,75.213236,31.126338,NR,Punjab,4,2,2,0.00044498831905662476
KARH,Kakraha Rest House,81.420529,27.998447,NER,Uttar Pradesh,4,2,2,0.00044498831905662476
KLCR,Katlicherra,92.547042,24.453018,?,Assam,4,2,2,0.00044498831905662476
KHGR,Kashinagar Halt,88.20132346,21.90539421,ER,West Bengal,4,2,2,0.00044498831905662476
KCHV,Kachchanvilai,78.022519,8.579343999999999,SR,Tamil Nadu,4,2,2,0.00044498831905662476
KDBM,Khed Brahma,73.041259,24.029405999999998,WR,Gujarat,2,1,1,0.00022249415952831238
JTS,Jatusana,76.52110400000001,28.331448,NWR,Haryana,4,2,2,0.00044498831905662476
KHNM,Kunda Harnamganj,81.509547,25.714175,NR,Uttar Pradesh,5,3,2,0.000556235398820781
KI,KONDAPALLI,80.54669299999999,16.623242,SCR,Andhra Pradesh,14,7,7,0.0015574591166981867
KII,KILLE,79.722552,11.43755,SR,Tamil Nadu,4,2,2,0.00044498831905662476
KLPG,KAMALPURGRAM,83.080298,23.166227,SECR,Chhattisgarh,4,2,2,0.00044498831905662476
KFA,KOPARIA,86.59816,25.661041,ECR,Bihar,6,4,2,0.0006674824785849371
KHDI,KHANDERI,70.716676,22.361075999999997,WR,Gujarat,8,4,4,0.0008899766381132495
KHC,KHORANA,70.82999099999999,22.39349,WR,Gujarat,9,5,4,0.0010012237178774058
KDU,KADAMBUR,77.86363300000001,9.002019,SR,Tamil Nadu,10,3,7,0.001112470797641562
KDN,KUDATINI,76.76356899999999,15.215160000000001,SWR,Karnataka,5,3,2,0.000556235398820781
KKB,KARAK BEL,79.34125900000001,22.992315,WCR,Madhya Pradesh,8,4,4,0.0008899766381132495
KJG,KARAJGI,75.407636,14.851426,SWR,Karnataka,4,2,2,0.00044498831905662476
KEB,KARAMBELI,72.90153400000001,20.316435,WR,Gujarat,6,3,3,0.0006674824785849371
KEZ,Kelzar,79.56394,19.98294,SECR,Maharashtra,4,2,2,0.00044498831905662476
KEP,Kelanpur,73.277017,22.233139,WR,Gujarat,4,2,2,0.00044498831905662476
KDHL,Kundhela,73.28142,22.227958,WR,Gujarat,4,2,2,0.00044498831905662476
KESR,Kesri Singhpur,73.61854,29.950588999999997,NWR,Rajasthan,2,1,1,0.00022249415952831238
KLMC,KALAMBOLI,73.11480900000001,19.035625,CR,Maharashtra,9,5,4,0.0010012237178774058
KGQ,KASARAGOD,74.987652,12.491175,SR,Kerala,9,5,4,0.0010012237178774058
KLRD,KALI ROAD,72.57787300000001,23.097473,WR,Gujarat,7,3,4,0.0007787295583490933
KNGT,KARNAWAS,76.590073,28.130539000000002,NWR,Haryana,5,3,2,0.000556235398820781
PSL,PARISAL,76.61526599999999,27.669476,NWR,Rajasthan,4,2,2,0.00044498831905662476
AJE,ANJAR,70.0366109,23.1194723,WR,Gujarat,4,2,2,0.00044498831905662476
KHA,Khaigaon,76.48125700000001,22.011786,WCR,Madhya Pradesh,12,6,6,0.0013349649571698743
KHLL,KETOHALLI,77.335544,12.758925999999999,SWR,Karnataka,9,5,4,0.0010012237178774058
KLNA,KOLHANA HALT,85.188728,24.810754,?,Bihar,6,3,3,0.0006674824785849371
KJP,Khojeepura,76.851134,25.918097,NCR,Madhya Pradesh,5,2,3,0.000556235398820781
KLKR,Kalikapur,88.47502999999999,22.412606,ER,West Bengal,4,2,2,0.00044498831905662476
KLW,Kalwan Halt,88.256019,22.076525,ER,West Bengal,4,2,2,0.00044498831905662476
KDRI,Kendri,81.729967,21.131542,SECR,Chhattisgarh,4,2,2,0.00044498831905662476
KKNA,Khunkhuna,74.49286000000001,27.277760999999998,NWR,Rajasthan,9,4,5,0.0010012237178774058
KNBR,Kanaibazar,92.326722,24.638740000000002,NFR,Assam,4,2,2,0.00044498831905662476
KHRA,Khachera,75.6489122412,27.530759924999998,NWR,Rajasthan,6,3,3,0.0006674824785849371
KLOD,Kelod,78.891017,21.470222,SECR,Maharashtra,4,2,2,0.00044498831905662476
KHTU,Khatu,74.331631,27.116118,NWR,Rajasthan,8,4,4,0.0008899766381132495
KFV,Kundara East,76.691337,8.969608,SR,Kerala,4,2,2,0.00044498831905662476
KLZ,Keolari,79.90885,22.374838,SECR,Madhya Pradesh,4,2,2,0.00044498831905662476
KLE,Kaithal,76.397796,29.792735,NR,Haryana,6,3,3,0.0006674824785849371
KKNH,Karukhirharnagar Halt,86.61649100000001,25.891166,ECR,,2,1,1,0.00022249415952831238
SLHP,SULAH HIMACHAL PRADESH,76.475805,32.070953,NR,Himachal Pradesh,4,2,2,0.00044498831905662476
KKZ,Kottarakara,76.765986,9.000279,SR,Kerala,4,2,2,0.00044498831905662476
KIY,Kalayat,76.2281810498,29.679483800099998,NR,Haryana,6,3,3,0.0006674824785849371
KIJ,Kuldiha,86.27664089999999,22.3331028,SER,Orissa,2,1,1,0.00022249415952831238
KMRD,KALAMB ROAD,76.04934,18.371892000000003,CR,Maharashtra,4,2,2,0.00044498831905662476
KMC,KAMAREDDI,78.335858,18.32586,SCR,Andhra Pradesh,4,2,2,0.00044498831905662476
KLB,KIRAOLI,77.78581199999999,27.133898,NCR,Uttar Pradesh,6,3,3,0.0006674824785849371
KNVT,KINWAT,78.20243500000001,19.618502,SCR,Maharashtra,7,4,3,0.0007787295583490933
KJLU,KHARI JHALU,78.21890400000001,29.331864,NR,Uttar Pradesh,4,2,2,0.00044498831905662476
KHV,KARAINTHI,76.4817815491,29.0138203113,NR,Haryana,4,2,2,0.00044498831905662476
KIU,KINANA,76.336659,29.227482,NR,Haryana,10,7,3,0.001112470797641562
KLWN,KALWAN,75.952638,29.701333,NR,Haryana,4,2,2,0.00044498831905662476
KKP,KOT KAPURA,74.818173,30.578495999999998,NR,Punjab,7,4,3,0.0007787295583490933
KLT,KULITALAI,78.42089299999999,10.932727,SR,Tamil Nadu,4,2,2,0.00044498831905662476
KKET,KAMRUP KHETRI,92.08187667179999,26.1271784614,NFR,Assam,4,2,2,0.00044498831905662476
KM,KALEEM,74.18884299999999,15.293341,SWR,Goa,4,2,2,0.00044498831905662476
KNP,KHANAPUR,74.49975681459999,15.6379344079,SWR,Karnataka,4,2,2,0.00044498831905662476
PRSR,Paharsar,75.41038356721401,28.764429948734062,NWR,Rajasthan,2,1,1,0.00022249415952831238
KMLI,KAMLI,72.375949,23.863182,WR,Gujarat,4,2,2,0.00044498831905662476
SHIV,SHINDAWANE,74.163601,18.434555000000003,CR,Maharashtra,4,2,2,0.00044498831905662476
KKW,KANKAVALI,73.71987089999999,16.2587773,KR,Maharashtra,8,2,6,0.0008899766381132495
KMQ,KUMBLA,74.943503,12.590263,SR,Kerala,9,5,4,0.0010012237178774058
KLQ,Kilikollur,76.6327939999,8.9182952655,SR,Kerala,4,2,2,0.00044498831905662476
KNDL,Khandel,75.2798777728,26.9529472159,NWR,Rajasthan,6,3,3,0.0006674824785849371
KHRK,Kharak,76.308694,28.83755,NWR,Haryana,4,2,2,0.00044498831905662476
KPKD,Khapri Kheda,79.11366699999999,21.279557,SECR,Maharashtra,4,2,2,0.00044498831905662476
KOTI,Koti,76.994519,30.852821,NR,Himachal Pradesh,4,2,2,0.00044498831905662476
KKTA,Kollikhutaha,86.987831,25.18966,ER,Bihar,6,3,3,0.0006674824785849371
KKRL,Kakrala,76.074534,30.367614999999997,NR,Punjab,6,3,3,0.0006674824785849371
KJY,Khurja City,77.84116100000001,28.252454,NR,Uttar Pradesh,4,2,2,0.00044498831905662476
KQI,KALACHAND,93.13311999999999,25.339050999999998,NFR,Assam,4,2,2,0.00044498831905662476
KPV,KASHIPUR,78.96071,29.204978,NER,Uttarakhand,9,5,4,0.0010012237178774058
KNKT,KANAKOT,70.876238,22.488122,WR,Gujarat,8,4,4,0.0008899766381132495
KODI,KODI,76.00525300000001,19.710119,SCR,Maharashtra,5,3,2,0.000556235398820781
KNO,KUNDGOL,75.250168,15.258352,SWR,Karnataka,4,2,2,0.00044498831905662476
KTHU,KATHUA,75.551922,32.397897,NR,Jammu and Kashmir,11,6,5,0.001223717877405718
KTF,KOT FATTEH,75.087931,30.120715999999998,NR,Punjab,8,3,5,0.0008899766381132495
KRH,KHAIRTHAL,76.64170412169999,27.797324415,NWR,Rajasthan,4,2,2,0.00044498831905662476
KODR,Kodinar,70.695807,20.797371000000002,WR,Gujarat,2,1,1,0.00022249415952831238
KQS,Kailaras,77.62065939360001,26.3046614487,NCR,Madhya Pradesh,4,2,2,0.00044498831905662476
KUG,KUSUGALI,75.233643,15.392095,SWR,Karnataka,6,3,3,0.0006674824785849371
KSG,KISHANGARH,74.855553,26.588968,NWR,Rajasthan,7,4,3,0.0007787295583490933
KRJR,KARJARA,85.151844,24.808297,ECR,Bihar,6,3,3,0.0006674824785849371
KRTR,KAROTA PATRI HALT,86.0377370813,25.152408658800002,?,,6,3,3,0.0006674824785849371
KOL,KOLAD,73.223871,18.392294,KR,Maharashtra,10,4,6,0.001112470797641562
KRMI,KARMALI,73.9246644,15.490212900000001,KR,Goa,7,4,3,0.0007787295583490933
KRMG,Kumaramangalam,78.724107,10.696433,SR,Tamil Nadu,4,2,2,0.00044498831905662476
KPQ,KANNAPURAM,75.31381,11.984076,SR,Kerala,6,3,3,0.0006674824785849371
KRHR,Kharar,76.6360420268029,30.726293624427043,NR,Punjab,4,2,2,0.00044498831905662476
KRJA,Karanja,77.48152183368802,20.491825750710376,CR,Maharashtra,2,1,1,0.00022249415952831238
KRON,Karona Halt,85.00541057619999,25.263396537800002,?,,5,3,2,0.000556235398820781
KTGM,Kayasthagram,92.353216,24.721172,NFR,Assam,4,2,2,0.00044498831905662476
KNGR,Kashinagar Halt,83.87569620789999,18.8568644473,ECoR,Orissa,4,2,2,0.00044498831905662476
KRBO,Karaboh,79.26235799999999,22.054579999999998,SECR,Madhya Pradesh,4,2,2,0.00044498831905662476
KPA,Kanchrapara,88.451231,22.946024,ER,West Bengal,4,2,2,0.00044498831905662476
KRXM,Krishnamohan Halt,88.449759,22.330258,ER,West Bengal,4,2,2,0.00044498831905662476
KRX,Kurud,81.696451,20.833165,SECR,,4,2,2,0.00044498831905662476
KRDH,Koradih,79.10140100000001,21.249152,SECR,Maharashtra,4,2,2,0.00044498831905662476
KTPM,Kotturpuram,80.24820899999999,13.013835,SR,Tamil Nadu,4,2,2,0.00044498831905662476
KRP,Krishnapur,88.25613200000001,24.406330999999998,ER,West Bengal,4,2,2,0.00044498831905662476
KUTL,Kuwanthal,73.918994,25.498041,NWR,Rajasthan,4,2,2,0.00044498831905662476
KRKN,Karkend,86.369799,23.765615,SER,West Bengal,4,2,2,0.00044498831905662476
KTBR,Kasturba Nagar,80.248086,13.005609,SR,Tamil Nadu,4,2,2,0.00044498831905662476
KNAD,Kanad,71.9263402661,21.649251036200003,WR,Gujarat,4,2,2,0.00044498831905662476
KRC,Kiroda,74.311248,26.991165000000002,NWR,Rajasthan,4,2,2,0.00044498831905662476
KRO,KURAWAN,76.888706,22.191568,WCR,Madhya Pradesh,9,3,6,0.0010012237178774058
KSAE,KOSAI,78.334546145,19.6395023854,SCR,Maharashtra,5,2,3,0.000556235398820781
KTLA,KATKOLA JN,69.8841357111,21.8521799207,WR,Gujarat,4,2,2,0.00044498831905662476
KRGA,KURANGA,69.171715,22.061244,WR,Gujarat,9,5,4,0.0010012237178774058
KRCD,KHARWA CHANDA,73.794095,24.417762999999997,NWR,Rajasthan,7,4,3,0.0007787295583490933
VR,VIRAR,72.811737,19.454407,WR,Maharashtra,13,8,5,0.0014462120369340306
KTI,KANTI,85.285092,26.198944,ECR,Bihar,6,3,3,0.0006674824785849371
KSU,KUSHTAUR,86.498336,23.430415999999997,SER,West Bengal,4,2,2,0.00044498831905662476
KTGD,KOTH GANGAD,72.3016887134,22.6282749467,WR,Gujarat,5,2,3,0.000556235398820781
KTO,KATORA,82.7112187811,23.3115927105,SECR,Chhattisgarh,4,2,2,0.00044498831905662476
KSD,KESHOD,70.252274,21.297662,WR,Gujarat,4,2,2,0.00044498831905662476
KSA,KHASA,74.714584,31.610411,NR,Punjab,5,3,2,0.000556235398820781
KQY,KHARIKATIA,94.248092,26.615923,NFR,Assam,14,6,8,0.0015574591166981867
KS,KHETA SARAI,82.6886636169,25.965774583199998,NR,Uttar Pradesh,11,6,5,0.001223717877405718
KTR,KOTHAR,73.123647,24.980982,NWR,Rajasthan,5,2,3,0.000556235398820781
KWDP,Kakdwip,88.19387900000001,21.8796,ER,West Bengal,4,2,2,0.00044498831905662476
NMT,NAMTIALI,94.619336,26.851588,NFR,Assam,12,8,4,0.0013349649571698743
KRKP,KYARKOP,74.96794799999999,15.442249,SWR,Karnataka,8,5,3,0.0008899766381132495
KUD,KUDACHI,74.85868699999999,16.62608,SWR,Karnataka,5,2,3,0.000556235398820781
KRG,KOREGAON,74.147622,17.690976,CR,Maharashtra,5,3,2,0.000556235398820781
KQK,KOTIKULAM,75.024008,12.423507,SR,Kerala,10,4,6,0.001112470797641562
KTKR,Kumtha Khurd,77.0092961456,18.4218389359,SCR,Maharashtra,4,2,2,0.00044498831905662476
KTU,KUTTIPPURAM,76.03339700000001,10.845723999999999,SR,Kerala,5,3,2,0.000556235398820781
KRNI,KRISHNAI,90.68256799999999,26.070884,NFR,Assam,4,2,2,0.00044498831905662476
KUHI,Kuhi,79.35072000000001,21.007558,SECR,Maharashtra,4,2,2,0.00044498831905662476
KTAL,Kathalal,72.986389,22.899659,WR,Gujarat,4,2,2,0.00044498831905662476
KUTR,Kulathur,78.79207688,10.57217515,SR,Tamil Nadu,4,2,2,0.00044498831905662476
LAT,Lathi,71.386531,21.73935,WR,Gujarat,4,2,2,0.00044498831905662476
KWF,Katwa,88.123575,23.639805,ER,West Bengal,6,3,3,0.0006674824785849371
KYH,Khairah,84.760114,25.861013,NER,Bihar,4,2,2,0.00044498831905662476
KYP,Kalyanpur,88.414597,22.343456,ER,West Bengal,4,2,2,0.00044498831905662476
KTNA,Kathana,72.752631,22.235720999999998,WR,Gujarat,2,1,1,0.00022249415952831238
KRUR,Keeranur,78.787292,10.576654999999999,SR,Tamil Nadu,4,2,2,0.00044498831905662476
KTWS,Kathuwas,76.3437941406,28.1331067668,NWR,Haryana,6,3,3,0.0006674824785849371
KRY,Kadiri,78.165591,14.114788,SCR,Andhra Pradesh,4,2,2,0.00044498831905662476
KUMB,KUMARBAGH,84.51158,26.874522000000002,ECR,Bihar,6,2,4,0.0006674824785849371
LAK,LAKHO,86.205004,25.416359999999997,ECR,Bihar,6,4,2,0.0006674824785849371
KVK,KAVATHE MAHANKL,74.94491099999999,17.007517,CR,Maharashtra,4,2,2,0.00044498831905662476
KXO,KUDIKADU,79.241642,10.775636,SR,Tamil Nadu,4,2,2,0.00044498831905662476
LKPR,Lakshmikantpur,88.321958,22.110055,ER,West Bengal,4,2,2,0.00044498831905662476
LAL,LUSHALA,70.32629040219999,21.3918244015,WR,Gujarat,4,2,2,0.00044498831905662476
KWJ,KHOJEWALA,75.47495599999999,31.359247,NR,Punjab,4,2,2,0.00044498831905662476
KXH,KAPURTHALA,75.38272400000001,31.366846,NR,Punjab,4,2,2,0.00044498831905662476
LING,Ling,87.3615834955126,25.290391816004586,CR,Maharashtra,0,0,0,0.0
KZS,KUAKHERA HALT,78.76651700000001,28.546470999999997,NR,Uttar Pradesh,12,6,6,0.0013349649571698743
KVE,KAVALANDE,76.799272,12.033304,SWR,Karnataka,4,2,2,0.00044498831905662476
KWM,KAMPUR,92.6577872687,26.1606011328,NFR,Assam,5,3,2,0.000556235398820781
KZW,KATAR SINGHWALA,75.01084399999999,30.154130000000002,NR,Punjab,6,4,2,0.0006674824785849371
KZTW,KULITTURAI WEST,77.209792,8.323734,SR,Tamil Nadu,7,3,4,0.0007787295583490933
LNH,Lachhmangarh Sikar,75.034114,27.832586,NWR,Rajasthan,4,2,2,0.00044498831905662476
KUTI,Khumtai,93.86427300000001,26.626403999999997,NFR,Assam,4,2,2,0.00044498831905662476
LDE,Lokdhikhera,78.855877,21.582533,SECR,Madhya Pradesh,4,2,2,0.00044498831905662476
KZC,Kulukkalur,76.23944300000001,10.868287,SR,Kerala,4,2,2,0.00044498831905662476
LDM,Ledarmer,72.34701899999999,25.055439,NWR,Rajasthan,4,2,2,0.00044498831905662476
KYI,Kalyani,88.467499,22.969219,ER,West Bengal,4,2,2,0.00044498831905662476
KUDN,Kudni,75.8447011951,29.777708816700002,NR,Punjab,4,2,2,0.00044498831905662476
KXT,Ketti,76.736915,11.381409,SR,Tamil Nadu,4,2,2,0.00044498831905662476
LIR,Lachmipur,83.379037,27.25415,NER,,4,2,2,0.00044498831905662476
LIG,Linga,78.936403,21.963575000000002,SECR,Madhya Pradesh,4,2,2,0.00044498831905662476
LDK,Ladhuka,74.119614,30.49849,NR,Punjab,4,2,2,0.00044498831905662476
KYBR,Khairatiya Bandh Road,81.081765,28.272292,NER,Uttar Pradesh,4,2,2,0.00044498831905662476
LEDO,Ledo,95.725374,27.288435,NFR,Assam,2,1,1,0.00022249415952831238
LBO,Latabor,81.26577,20.789828,SECR,Chhattisgarh,6,3,3,0.0006674824785849371
KYY,Kariha,76.068043,31.146278,NR,Punjab,2,1,1,0.00022249415952831238
KYS,Kusumkasa,81.087812,20.637273,SECR,Chhattisgarh,6,3,3,0.0006674824785849371
KTYR,Kottaiyur,78.786317,10.112077,SR,Tamil Nadu,4,2,2,0.00044498831905662476
LGL,Lalgola,88.257513,24.421152,ER,West Bengal,6,3,3,0.0006674824785849371
KVH,Khambhel,72.042973,23.610866,WR,Gujarat,4,2,2,0.00044498831905662476
LKN,LAKHMINIA,86.309269,25.426072,ECR,Bihar,7,4,3,0.0007787295583490933
LNP,LANGARPETH,74.96712500000001,17.084723,CR,Maharashtra,4,2,2,0.00044498831905662476
LMNR,LAKSHMIBAI NAGAR,75.858526,22.742296,WR,Madhya Pradesh,8,4,4,0.0008899766381132495
LHBK,LOTHAL BHURKI,72.222393,22.55299,WR,Gujarat,5,3,2,0.000556235398820781
LPNR,LAJPAT NAGAR,77.244136,28.57927,NR,Delhi NCT,6,3,3,0.0006674824785849371
MCPK,Chepauk,80.28015,13.061372,SR,Tamil Nadu,4,2,2,0.00044498831905662476
LSR,LASUR,75.01148900000001,19.926081,SCR,Maharashtra,5,2,3,0.000556235398820781
LNA,LAMANA,74.46563,26.244934,NWR,Rajasthan,5,3,2,0.000556235398820781
LOG,LOHGARA,81.73019000000001,25.250449999999997,NCR,Uttar Pradesh,6,2,4,0.0006674824785849371
DTRA,DANTRA,75.149207,26.772568999999997,,,8,4,4,0.0008899766381132495
LBTL,Lebutala,88.640107,22.666791,ER,West Bengal,2,1,1,0.00022249415952831238
LTD,LATHIDAD,71.702802,22.090056,WR,Gujarat,4,2,2,0.00044498831905662476
LLU,LALRU,76.7941,30.479756,NR,Punjab,4,2,2,0.00044498831905662476
LPJ,LALPUR JAM,69.9524202618,22.194537580600002,WR,Gujarat,6,3,3,0.0006674824785849371
LTA,Lamta,80.1244293225,22.1390377316,SECR,Madhya Pradesh,4,2,2,0.00044498831905662476
LHA,LEHRA GAGA,75.810079,29.937832,NR,Punjab,5,2,3,0.000556235398820781
RRME,RANCHI ROAD,85.51160300000001,23.665992000000003,ECR,,6,3,3,0.0006674824785849371
LKSH,LAKSHMINARAYANAPURAM,81.592567,16.600703,SCR,Andhra Pradesh,4,2,2,0.00044498831905662476
LWR,ALNAVAR JN,74.738116,15.424244,SWR,Karnataka,5,2,3,0.000556235398820781
LKZ,LAKADIYA,70.58674500000001,23.339664,WR,Gujarat,4,2,2,0.00044498831905662476
LTR,LAKHTAR,71.77672700000001,22.873403,WR,Gujarat,14,7,7,0.0015574591166981867
LPR,LILAPUR ROAD,71.862567,22.954447,WR,Gujarat,9,5,4,0.0010012237178774058
LMO,LILIYA MOTA,71.372863,21.540317,WR,Gujarat,6,3,3,0.0006674824785849371
LMN,Lachhmanpur,81.25726300000001,26.050472,NR,Uttar Pradesh,4,2,2,0.00044498831905662476
LPN,LAOPANI,92.59598917299999,26.2003076494,NFR,Assam,6,2,4,0.0006674824785849371
LKA,LANKA,92.958001,25.914426,NFR,Assam,7,3,4,0.0007787295583490933
MCPT,Chintadripet,80.274188,13.07406,SR,Tamil Nadu,4,2,2,0.00044498831905662476
LKG,LAMSAKHANG,93.046846,25.796536,NFR,Assam,5,3,2,0.000556235398820781
LCT,LANGCHOLIET,93.3046356757,25.759322935,NFR,Assam,8,4,4,0.0008899766381132495
LPTA,LONGPATIA,95.0953363135,27.0797307213,NFR,Assam,9,5,4,0.0010012237178774058
LHL,LAHOAL,94.999525,27.4525,NFR,Assam,9,4,5,0.0010012237178774058
MANU,Manu,91.9989317505,23.9881925448,NFR,Tripura,4,2,2,0.00044498831905662476
MAK,Mallikpur,88.43331500000001,22.396985,ER,West Bengal,4,2,2,0.00044498831905662476
LKW,Lakhewali,74.341781,30.447834,NR,Punjab,4,2,2,0.00044498831905662476
LNO,Lohna Road,86.229057,26.220882,ECR,Bihar,4,2,2,0.00044498831905662476
LHW,Loharwara,75.67687000000001,27.19839,NWR,Rajasthan,4,2,2,0.00044498831905662476
LTK,Lathikata,84.89496100000001,22.131808,SER,Orissa,4,2,2,0.00044498831905662476
LRI,Lihuri Halt,83.849833,18.913242,ECoR,Andhra Pradesh,4,2,2,0.00044498831905662476
LHLL,Lahli,76.44533799999999,28.854316999999998,NWR,Haryana,4,2,2,0.00044498831905662476
MAAR,Malhar,72.37553642820001,27.2041163361,?,Rajasthan,4,2,2,0.00044498831905662476
LCH,Linch,72.3554837085,23.526717930500002,WR,Gujarat,6,3,3,0.0006674824785849371
MDR,MADHIRA,80.366849,16.921826,SCR,Andhra Pradesh,7,3,4,0.0007787295583490933
MDB,MANDOR,73.042126,26.350708,NWR,Rajasthan,4,2,2,0.00044498831905662476
TUY,THIRUTHURAIYUR,79.534813,11.823788,SR,Tamil Nadu,4,2,2,0.00044498831905662476
MDL,MANDAL,74.59395891049999,25.439631738299997,NWR,Rajasthan,5,2,3,0.000556235398820781
MDPR,MODPUR,69.81170376339999,22.2625878623,WR,Gujarat,6,3,3,0.0006674824785849371
MDRA,MEDRA,72.712778,23.13609,WR,Gujarat,8,4,4,0.0008899766381132495
MFR,Mandla Fort,80.355908,22.586017,SECR,Madhya Pradesh,2,1,1,0.00022249415952831238
MDHA,Madhada,71.90539757810001,21.608000903100002,WR,Gujarat,4,2,2,0.00044498831905662476
MAUR,MAUR,75.22772,30.062745999999997,NR,Punjab,9,5,4,0.0010012237178774058
MDF,MURADI,86.80929,23.593092000000002,SER,West Bengal,5,3,2,0.000556235398820781
MDLA,MUNDLANA,76.757452,29.212025,NR,Haryana,6,3,3,0.0006674824785849371
VU,VAGHPURA,71.34996600000001,23.781878,,,4,2,2,0.00044498831905662476
MEM,MAU AIMMA,81.91377,25.698324,NR,Uttar Pradesh,5,3,2,0.000556235398820781
MEQ,MALETHU KANAK,82.124891,26.60377,NR,Uttar Pradesh,4,2,2,0.00044498831905662476
MBS,MADHOSINGH,82.552278,25.249931,NER,Uttar Pradesh,5,3,2,0.000556235398820781
MDVB,Mandar Vidyapith Halt,87.0202584961,24.8344029798,ER,Bihar,4,2,2,0.00044498831905662476
MCF,Manik Chauree Halt,81.783198,21.004164000000003,SECR,Chhattisgarh,4,2,2,0.00044498831905662476
MCU,Mulacalacheruvu,78.26482899999999,13.802188000000001,SCR,Andhra Pradesh,4,2,2,0.00044498831905662476
MD,MADAR,74.68722700000001,26.465014,NWR,Rajasthan,6,4,2,0.0006674824785849371
MBNL,Marwar Bhinmal,72.275398,25.000632999999997,NWR,Rajasthan,4,2,2,0.00044498831905662476
MADR,MADURE,73.80896700000001,15.812975,KR,Maharashtra,6,4,2,0.0006674824785849371
MANK,MANKI,74.4932361584,14.1744388792,KR,Karnataka,6,3,3,0.0006674824785849371
MAJN,MANGALORE JN,74.88006,12.866193,SR,Karnataka,11,5,6,0.001223717877405718
MBY,MANDI DABWALI,74.700155,29.966227,NWR,Haryana,5,3,2,0.000556235398820781
MAHE,MAHE,75.546967,11.699226999999999,SR,Puducherry,7,5,2,0.0007787295583490933
MDD,MALAD,72.84917,19.187089,WR,Maharashtra,6,2,4,0.0006674824785849371
MGKM,Mungiakami,91.7101089758,23.8838302513,NFR,Tripura,4,2,2,0.00044498831905662476
MDLE,Mandar Hill,87.02615830570001,24.8060780645,ER,Bihar,2,1,1,0.00022249415952831238
AJL,Ajitwal,75.33981800000001,30.807611,NR,Punjab,4,2,2,0.00044498831905662476
MDBP,Madhabpur,88.347323,22.119207,ER,West Bengal,4,2,2,0.00044498831905662476
AJN,Ajnod,75.738947,22.931326000000002,WR,Madhya Pradesh,4,2,2,0.00044498831905662476
MDCR,Masaudhi Court Halt,85.0439060474,25.366289184800003,?,Bihar,4,2,2,0.00044498831905662476
MDGR,Manendragarh,82.197734,23.219746999999998,SECR,Madhya Pradesh,4,2,2,0.00044498831905662476
MG,Modelgram,75.83618299999999,30.891527,NR,Punjab,4,2,2,0.00044498831905662476
MEE,Methai,86.72458900000001,25.907006000000003,ECR,,2,1,1,0.00022249415952831238
MEW,Marhaura,84.850984,25.969081,NER,Bihar,4,2,2,0.00044498831905662476
LYD,Layabad,86.351907,23.773417,SER,Jharkhand,5,3,2,0.000556235398820781
MIJ,Majhdia,88.719031,23.414561999999997,ER,West Bengal,4,2,2,0.00044498831905662476
MBW,Malwara,72.26700809939999,24.7994691685,NWR,Rajasthan,4,2,2,0.00044498831905662476
MHC,Masrakh,84.8085433154,26.1022287466,NER,Bihar,4,2,2,0.00044498831905662476
MGVK,Malegaon Vyenku,78.956134,21.37586,SECR,Maharashtra,4,2,2,0.00044498831905662476
MFM,MAHALAM,74.706748,31.018428,NR,Punjab,4,2,2,0.00044498831905662476
MET,MALERKOTLA,75.87169200000001,30.529403,NR,Punjab,4,2,2,0.00044498831905662476
MHOW,Mhow,75.771097,22.55518,WR,Madhya Pradesh,4,2,2,0.00044498831905662476
MINA,MIYANA,77.472164,24.85653,WCR,Madhya Pradesh,8,4,4,0.0008899766381132495
MIQ,MIRHAKUR,77.8660122473,27.151203539700003,NCR,Uttar Pradesh,7,5,2,0.0007787295583490933
MLSR,Malsar,73.31641039811075,21.88940753391553,WR,Gujarat,2,1,1,0.00022249415952831238
MKP,MANIKPUR JN,81.09365700000001,25.063492,NCR,Uttar Pradesh,10,6,4,0.001112470797641562
MES,MADURAI EAST,78.134188,9.908505,SR,Tamil Nadu,8,5,3,0.0008899766381132495
MHRL,Mahrail,86.284783,26.294081000000002,ECR,Bihar,4,2,2,0.00044498831905662476
MGLE,MANIGRAM,88.107881626,24.3428549076,ER,West Bengal,9,4,5,0.0010012237178774058
MLH,MANAKLAO,73.003204,26.485986,NWR,Rajasthan,4,2,2,0.00044498831905662476
VV,VALIVADE,74.298965,16.703574,CR,Maharashtra,4,2,2,0.00044498831905662476
MKI,BAPUDHAM MOTIHARI,84.90525,26.655520000000003,ECR,Bihar,6,3,3,0.0006674824785849371
MHL,MAHWAL,85.12631435489999,26.301858406599997,ECR,Bihar,5,2,3,0.000556235398820781
MHMB,MAHIMBA,78.076322,19.419884999999997,SCR,Maharashtra,5,2,3,0.000556235398820781
AJP,AJJAMPUR,76.0097415,13.7283327,SWR,Karnataka,7,3,4,0.0007787295583490933
MHDP,Mahadevpara,72.949202,23.677025,WR,Gujarat,4,2,2,0.00044498831905662476
MIRA,MIRA ROAD,72.856072,19.280299,WR,Maharashtra,6,3,3,0.0006674824785849371
MJO,MAJORDA,73.922408,15.314045,KR,Goa,13,7,6,0.0014462120369340306
MGRR,MAGARPUR,78.858785,25.322705000000003,NCR,Uttar Pradesh,7,4,3,0.0007787295583490933
MJE,MUJNAL,89.191957,26.693327999999998,NFR,West Bengal,8,2,6,0.0008899766381132495
MIH,MIHRAWAN,82.694333,25.871178,NR,Uttar Pradesh,8,4,4,0.0008899766381132495
MM,MUMBAI MAHIM JN,72.84687600000001,19.040547,WR,Maharashtra,5,3,2,0.000556235398820781
MOAR,Manipur Bagan,92.54072000000001,24.400845,?,Assam,4,2,2,0.00044498831905662476
MJS,MANJESHWAR,74.887582,12.724197,SR,Kerala,7,4,3,0.0007787295583490933
MGAE,Morgram,88.018413,24.304919,ER,West Bengal,4,2,2,0.00044498831905662476
MNGT,MYSORE NEW GOOD,76.642542,12.338553999999998,SWR,Karnataka,5,2,3,0.000556235398820781
MHU,Manheru,76.203117,28.701227,NWR,Haryana,4,2,2,0.00044498831905662476
MJN,Makum Junction,95.440958,27.485742,NFR,Assam,4,2,2,0.00044498831905662476
MLHS,Light House,80.276539,13.044645999999998,SR,Tamil Nadu,4,2,2,0.00044498831905662476
MGM,Muragacha,88.421243,23.529636,ER,West Bengal,4,2,2,0.00044498831905662476
MNDY,Mandaveli,80.260507,13.027861000000001,SR,Tamil Nadu,4,2,2,0.00044498831905662476
MHAD,Mohadi Pragane Laling,74.77978399999999,20.863002,CR,Maharashtra,4,2,2,0.00044498831905662476
MIW,Mighauna,79.826515,28.24322,NER,Uttar Pradesh,6,3,3,0.0006674824785849371
MIO,Molisar,74.739025,28.13104,NWR,Rajasthan,6,3,3,0.0006674824785849371
MHUA,Mahudha,72.946947,22.817129,WR,Gujarat,4,2,2,0.00044498831905662476
MLKH,Mulewal Khaihra,75.29969399999999,31.102966,NR,Punjab,4,2,2,0.00044498831905662476
MNME,Manamadurai East,78.45434999999999,9.697777,SR,Tamil Nadu,5,2,3,0.000556235398820781
MNCR,Monacherra,92.550058,24.611951,?,,4,2,2,0.00044498831905662476
MJV,Manjhagarh,84.504257,26.417226,NER,Bihar,4,2,2,0.00044498831905662476
MOTC,MOTICHUR,78.177678,29.981150000000003,NR,Uttarakhand,4,2,2,0.00044498831905662476
MLHA,MALIYA HATINA,70.29970100000001,21.15957,WR,Gujarat,4,2,2,0.00044498831905662476
MLB,MODNIMB,75.4055439008,17.9165477096,CR,Maharashtra,4,2,2,0.00044498831905662476
MNL,MINCHNAL,75.822432,16.971395,SWR,Karnataka,7,3,4,0.0007787295583490933
MKH,MALAKHERA,76.618982,27.390236,NWR,Rajasthan,4,2,2,0.00044498831905662476
MLG,MALHARGARH,74.972666,24.265618,WR,Madhya Pradesh,4,2,2,0.00044498831905662476
MKD,MARKUNDI,80.947114,25.017393,WCR,Madhya Pradesh,15,6,9,0.0016687061964623428
MUE,MUDKHED,77.509661,19.148087,SCR,Maharashtra,6,3,3,0.0006674824785849371
MNDR,MANDI DHANAURA,78.26149799999999,28.953119,NR,Uttar Pradesh,4,2,2,0.00044498831905662476
MLGT,MALLAPPA GATE,77.387152,15.225027,SCR,Andhra Pradesh,4,2,2,0.00044498831905662476
MNQ,MAINPURI,79.034774,27.216507,NCR,Uttar Pradesh,8,4,4,0.0008899766381132495
MLSA,MALLASANDRA,77.015018,13.335173,SWR,Karnataka,8,3,5,0.0008899766381132495
MKS,Muktsar,74.514271,30.47821,NR,Punjab,4,2,2,0.00044498831905662476
MPLR,MAHIPAL ROAD,88.1911711557,24.2875453877,ER,West Bengal,4,2,2,0.00044498831905662476
MKLI,MAKRAULI,76.62755,28.946971,NR,Haryana,4,2,2,0.00044498831905662476
MNO,MEHNAR ROAD,85.504477691,25.654307800700003,ECR,Bihar,6,3,3,0.0006674824785849371
MRU,MUMBAI MATUNGA ROAD,72.847143,19.028606,WR,Maharashtra,5,2,3,0.000556235398820781
MMC,MAHAMANDIR,73.037935174,26.3087448868,NWR,Rajasthan,4,2,2,0.00044498831905662476
MMY,MARWAR MATHANYA,72.978778,26.532173,NWR,Rajasthan,4,2,2,0.00044498831905662476
MTHP,MITHAPUR,69.00869499999999,22.411601,WR,Gujarat,7,3,4,0.0007787295583490933
MON,Modran,72.447631,25.187428,NWR,Rajasthan,4,2,2,0.00044498831905662476
MNZ,MANANI,77.498609,29.884915,NR,Uttar Pradesh,4,2,2,0.00044498831905662476
AJRE,AUJARI,92.266800144,26.1446457224,NFR,Assam,6,3,3,0.0006674824785849371
MLN,MAILANI,80.347318,28.284349000000002,NER,Uttar Pradesh,11,5,6,0.001223717877405718
MNS,Manshahi,87.5881226697,25.4756828749,NFR,Bihar,4,2,2,0.00044498831905662476
MRJD,Marajdwa,84.60191599999999,27.043053,ECR,Bihar,4,2,2,0.00044498831905662476
MLX,Mullanpur,75.66501600000001,30.83811,NR,Punjab,4,2,2,0.00044498831905662476
MPUR,New Madanpur,87.226329,24.312218,?,,2,1,1,0.00022249415952831238
MSQ,Marwar Ratanpur,72.142853,24.67822,NWR,Gujarat,5,3,2,0.000556235398820781
MMG,Madhyamgram,88.45225400000001,22.693938,ER,West Bengal,4,2,2,0.00044498831905662476
MPML,Mohapani Mal,78.910005,21.812143,SECR,Madhya Pradesh,4,2,2,0.00044498831905662476
MLTR,Melattur,76.272805,11.06543,SR,Kerala,4,2,2,0.00044498831905662476
MQQ,Markahandi U Halt,79.191328,22.049857000000003,SECR,Madhya Pradesh,4,2,2,0.00044498831905662476
MQS,Malsian Shahkot,75.354756,31.110293,NR,Punjab,4,2,2,0.00044498831905662476
MKDN,Morkadhana,78.501566,22.11073,CR,Madhya Pradesh,4,2,2,0.00044498831905662476
MSZ,MANSA,75.402584,29.989694999999998,NR,Punjab,7,3,4,0.0007787295583490933
MPLE,MAHIPAL,88.162107,24.30631,ER,West Bengal,4,2,2,0.00044498831905662476
MQL,MIRKHAL,76.9150573724,19.2036411097,SCR,Maharashtra,4,2,2,0.00044498831905662476
MTJR,MOTERJHAR,89.864509,26.133968,NFR,Assam,4,2,2,0.00044498831905662476
MSOD,MASODHA,82.12533900000001,26.709217000000002,NR,,7,4,3,0.0007787295583490933
MTJL,Motijheel,78.142209,26.249743000000002,NCR,Madhya Pradesh,4,2,2,0.00044498831905662476
MSDH,MASNADIH,84.832613,26.958112,ECR,,7,4,3,0.0007787295583490933
MSP,MANSURPUR,77.719182,29.355377,NR,Uttar Pradesh,7,5,2,0.0007787295583490933
MVJ,MAVLI JN,73.973721,24.794585,NWR,Rajasthan,10,5,5,0.001112470797641562
NBA,Nabha,76.14639600000001,30.363819,NR,Punjab,5,3,2,0.000556235398820781
MUT,MEERUT CANT,77.686937,29.015997000000002,NR,Uttar Pradesh,5,2,3,0.000556235398820781
MWT,MARWAR LOHWAT,72.58927,26.981256000000002,NWR,Rajasthan,4,2,2,0.00044498831905662476
MTC,MEERUT CITY,77.675106,28.977610000000002,NR,Uttar Pradesh,8,5,3,0.0008899766381132495
MUD,MURADNAGAR,77.506774,28.759017,NR,Uttar Pradesh,11,6,5,0.001223717877405718
MSRP,MURHESI RAMPUR,77.62741799999999,27.412426,WCR,Uttar Pradesh,5,2,3,0.000556235398820781
MTFA,MERTALA PHALEYA,88.319686,23.479665999999998,ER,West Bengal,5,3,2,0.000556235398820781
MRL,MAROLI,72.88999799999999,21.019949,WR,Gujarat,10,4,6,0.001112470797641562
MQ,Mannargudi,79.455639,10.674541000000001,SR,Tamil Nadu,2,1,1,0.00022249415952831238
MP,MELAPPALAIYAM,77.7018564789,8.7067184087,SR,Tamil Nadu,5,3,2,0.000556235398820781
MSD,BOMBAY MASJID,72.838561,18.952385,CR,Maharashtra,8,6,2,0.0008899766381132495
MWW,MAHWA,76.60887100000001,27.483719999999998,NWR,Rajasthan,4,2,2,0.00044498831905662476
MX,Mumbai Mahalakshmi,72.823908,18.982103,WR,Maharashtra,4,2,2,0.00044498831905662476
MYA,MANDYA,76.897256,12.529176,SWR,Karnataka,5,3,2,0.000556235398820781
MULK,MULKI,74.804962,13.068517,KR,Karnataka,8,2,6,0.0008899766381132495
MTMY,Thirumayilai,80.267038,13.03497,SR,Tamil Nadu,4,2,2,0.00044498831905662476
MRTL,MIRTHAL,75.608482,32.112895,NR,Punjab,11,7,4,0.001223717877405718
MXO,MORTHALA,72.8034186484,24.502604961899998,NWR,Rajasthan,10,7,3,0.001112470797641562
MT,Matera,81.55344699999999,27.784934,NER,Uttar Pradesh,4,2,2,0.00044498831905662476
MOBD,Moabund,94.071748,26.66857,NFR,Assam,8,4,4,0.0008899766381132495
MSDL,Mahisadal,88.010799,22.176298999999997,SER,West Bengal,4,2,2,0.00044498831905662476
MRG,Margherita,95.6726,27.289315000000002,NFR,Assam,4,2,2,0.00044498831905662476
MOM,Maman,77.86108700000001,28.330372,NR,Uttar Pradesh,4,2,2,0.00044498831905662476
MTCN,Triplicane,80.28020599999999,13.054862,SR,Tamil Nadu,4,2,2,0.00044498831905662476
MUPA,MUPA,93.122747,25.368686,NFR,Assam,4,2,2,0.00044498831905662476
NNKR,Nanaksar,75.419984,30.803353,NR,Punjab,4,2,2,0.00044498831905662476
MPUE,MAINPURI KACHRI,79.06563200000001,27.227142,NCR,Uttar Pradesh,4,2,2,0.00044498831905662476
MUZ,MOHIUDDINPUR,77.621531,28.885405000000002,NR,Uttar Pradesh,5,3,2,0.000556235398820781
NEI,NEOLI,76.303949,18.387703000000002,CR,Maharashtra,4,2,2,0.00044498831905662476
NKRA,Nokhra,72.6654016473,27.607994992800002,?,Rajasthan,4,2,2,0.00044498831905662476
MWM,MALLESWARAM,77.56320699999999,13.001289,SWR,Karnataka,6,3,3,0.0006674824785849371
NGLT,NAGLATULA,77.421273,26.92382,NCR,Rajasthan,5,3,2,0.000556235398820781
MVO,MANWATH ROAD,76.534516,19.358161,SCR,Maharashtra,5,3,2,0.000556235398820781
NGE,NAGAR,82.459164,23.315091,SECR,Chhattisgarh,4,2,2,0.00044498831905662476
MXH,MAKHU,74.983505,31.105935,NR,Punjab,4,2,2,0.00044498831905662476
NCR,Nagore,79.846188,10.818430000000001,SR,Tamil Nadu,2,1,1,0.00022249415952831238
MZL,MIRZAPALI,78.41529899999999,18.017962999999998,SCR,Andhra Pradesh,4,2,2,0.00044498831905662476
KKG,KEKATUMAR,77.10081100000001,20.012339,SCR,Maharashtra,6,3,3,0.0006674824785849371
MWX,MALLANWALA KHAS,74.8134271344,31.0470049078,NR,Punjab,4,2,2,0.00044498831905662476
MXY,MAHUARIYA,83.3105186481,24.227740021099997,ECR,Uttar Pradesh,5,2,3,0.000556235398820781
MZHL,MAJHAOLI,82.37057999999999,24.136642000000002,WCR,Madhya Pradesh,8,4,4,0.0008899766381132495
MYL,MALLIYALA,77.77675500000001,15.397805,SCR,Andhra Pradesh,9,7,2,0.0010012237178774058
NGR,ANNIGERI,75.43085099999999,15.432164,SWR,Karnataka,5,2,3,0.000556235398820781
MWJ,MARWASGRAM,81.836685,24.098212,WCR,Madhya Pradesh,7,3,4,0.0007787295583490933
NDNI,Nidhani,80.008415,22.576568,SECR,Madhya Pradesh,2,1,1,0.00022249415952831238
MZW,MANJHWE,85.306631,24.814294,ECR,Bihar,5,2,3,0.000556235398820781
MYU,MAYANOOR,78.23651100000001,10.954704000000001,SR,Tamil Nadu,5,3,2,0.000556235398820781
NGA,NINGALA JN,71.70935200000001,22.0252,WR,Gujarat,4,2,2,0.00044498831905662476
NIG,NAIGAON,72.845954,19.350875,WR,Maharashtra,5,2,3,0.000556235398820781
NAN,NANDGAON ROAD,73.73056000000001,16.387453999999998,KR,Maharashtra,7,5,2,0.0007787295583490933
MXN,MARIANI JN,94.30820299999999,26.652434999999997,NFR,Assam,12,6,6,0.0013349649571698743
MUGN,MAHUTGAON,94.79288199999999,26.962757,NFR,Assam,12,7,5,0.0013349649571698743
NAM,NAMRUP,95.313642,27.19627,NFR,Assam,7,3,4,0.0007787295583490933
MVG,MALIGURA,82.638614,18.953174999999998,ECoR,Orissa,4,2,2,0.00044498831905662476
MUH,Murthiha,81.37814700000001,28.030462,NER,Uttar Pradesh,4,2,2,0.00044498831905662476
MTP,Mettupalayam,76.934533,11.299729,SR,Tamil Nadu,4,2,2,0.00044498831905662476
NCP,Nishchindapur,88.214325,21.973426,ER,West Bengal,4,2,2,0.00044498831905662476
NERH,Ner Halt,84.97536099999999,25.017219,?,,5,2,3,0.000556235398820781
MYHT,Mayurhat,88.661013,23.363017,ER,West Bengal,4,2,2,0.00044498831905662476
NAL,Nal Halt,73.21761215939999,28.038590055100002,?,Rajasthan,4,2,2,0.00044498831905662476
NKL,Nalikul,88.16622600000001,22.829712999999998,ER,West Bengal,4,2,2,0.00044498831905662476
MVC,Mavinkere,76.201872,12.816193,SWR,Karnataka,4,2,2,0.00044498831905662476
NHY,NAGANAHALLI,76.651081,12.380243,SWR,Karnataka,7,4,3,0.0007787295583490933
NDAE,NABADWIP DHAM,88.356472,23.396593,ER,West Bengal,6,3,3,0.0006674824785849371
NPRD,NAGPUR ROAD,82.349049,23.279379000000002,SECR,Chhattisgarh,4,2,2,0.00044498831905662476
NPM,NELLAIKUPPAM,79.66476800000001,11.775944,SR,Tamil Nadu,4,2,2,0.00044498831905662476
NGNT,NEW GUNTUR,80.4582228,16.3100404,SCR,Andhra Pradesh,6,3,3,0.0006674824785849371
NLRD,NECKLACE ROAD,78.46287099999999,17.423337999999998,SCR,Andhra Pradesh,7,4,3,0.0007787295583490933
NBE,New Barrackpore,88.444755,22.687235,ER,West Bengal,4,2,2,0.00044498831905662476
NAS,Nasrala,75.84640800000001,31.497981000000003,NR,Punjab,4,2,2,0.00044498831905662476
NGRT,NAGROTA,76.38879399999999,32.108728,NR,Himachal Pradesh,6,3,3,0.0006674824785849371
AJTM,AJITGILL MATTA,74.863795,30.483469,NR,Punjab,5,3,2,0.000556235398820781
NID,NIDUR,79.645074,11.127231,SR,Tamil Nadu,4,2,2,0.00044498831905662476
NED,HUZUR SAHIB NANDED,77.31047799999999,19.160522,SCR,Maharashtra,8,3,5,0.0008899766381132495
NDE,NANDRE,74.5590299896,16.964028561899998,CR,Maharashtra,9,4,5,0.0010012237178774058
NGT,NAGAPPATTINAM,79.845998,10.759221,SR,Tamil Nadu,5,2,3,0.000556235398820781
NPK,NORTH PANAKUDI,77.582174,8.315971,SR,Tamil Nadu,6,3,3,0.0006674824785849371
AKE,AKANAPET,78.39630899999999,18.110863,SCR,Andhra Pradesh,4,2,2,0.00044498831905662476
NDPR,NANDAPUR,77.2376282849,19.5948820434,SCR,Maharashtra,8,4,4,0.0008899766381132495
NMZ,NEW MAL JN,88.724837,26.87368,NFR,West Bengal,5,3,2,0.000556235398820781
NHM,NANDOL DEHEGAM,72.815845,23.17417,WR,Gujarat,6,3,3,0.0006674824785849371
NEM,NEMEM,77.009693,8.455233,SR,Kerala,4,2,2,0.00044498831905662476
NDU,Nadauj,85.0173352112,25.296538788200003,ECR,Bihar,9,4,5,0.0010012237178774058
RJU,Rajula City,71.45597599999999,21.046574999999997,WR,Gujarat,2,1,1,0.00022249415952831238
NMKA,Namkhana,88.239558,21.772235000000002,ER,West Bengal,2,1,1,0.00022249415952831238
NRM,Nurmahal,75.601431,31.081588999999997,NR,Punjab,8,4,4,0.0008899766381132495
NBPH,New Balarampur Halt,88.24737400000001,24.051233,ER,West Bengal,4,2,2,0.00044498831905662476
PALI,Pali,76.450856,28.177004,NWR,Rajasthan,0,0,0,0.0
NWA,Nagarwara,80.12340101560001,22.210719843299998,SECR,Madhya Pradesh,8,4,4,0.0008899766381132495
NYM,Neyamatpur,84.988344,24.937206,ECR,,4,2,2,0.00044498831905662476
ARNG,Arunnagar,79.9789721362,20.7084913199,,,0,0,0,0.0
NNL,Narnaul,76.123133,28.044396,NWR,Haryana,6,3,3,0.0006674824785849371
NGAN,Nagaon,92.67253075,26.356211990000002,NFR,Assam,4,2,2,0.00044498831905662476
NVC,NAGALWANCHA,80.228517,17.07433,SCR,Andhra Pradesh,10,6,4,0.001112470797641562
NRGR,NARANJIPUR,76.00915947140001,23.047142090399998,WR,Madhya Pradesh,5,3,2,0.000556235398820781
NSP,NALLA SOPARA,72.819464,19.418238000000002,WR,Maharashtra,12,5,7,0.0013349649571698743
NUPR,NURPUR ROAD,75.852903,32.281043,NR,Punjab,7,3,4,0.0007787295583490933
PAPM,PALAT POTARAM,78.4544374475,17.7900915824,SCR,Andhra Pradesh,5,3,2,0.000556235398820781
NPT,NARASINGAMPET,79.511398,11.034797000000001,SR,Tamil Nadu,4,2,2,0.00044498831905662476
NSU,NISUI,79.236446,28.290931,NR,Uttar Pradesh,4,2,2,0.00044498831905662476
NKE,NARKATIAGANJ JN,84.464045,27.105035,ECR,Bihar,10,5,5,0.001112470797641562
NMGT,NIMSHIRGAON TAMDALGE,74.486113,16.769023999999998,CR,Maharashtra,5,2,3,0.000556235398820781
NNO,NANGLOI,77.05696599999999,28.686261000000002,NR,Delhi NCT,5,2,3,0.000556235398820781
NSL,NAGARSOL,74.541646,20.102455,SCR,Maharashtra,6,3,3,0.0006674824785849371
NRW,NARWANA JN,76.109286,29.588632,NR,Haryana,12,6,6,0.0013349649571698743
NMJ,NIDAMANGALAM,79.412736,10.773563999999999,SR,Tamil Nadu,6,3,3,0.0006674824785849371
NLH,NAULTHA,76.889707,29.318787999999998,NR,Haryana,8,4,4,0.0008899766381132495
NWB,NIWAS ROAD,82.013256,24.053618,WCR,Madhya Pradesh,7,4,3,0.0007787295583490933
NPX,NARINDARPURA,75.476271,29.951767,NR,Punjab,6,3,3,0.0006674824785849371
NTG,NURSRATABAD KHARKHAR,77.307785,28.775277,NR,Uttar Pradesh,4,2,2,0.00044498831905662476
PASG,Panisagar,92.149035,24.27276,NFR,Tripura,4,2,2,0.00044498831905662476
NLSF,NIYALISH PARA,88.246367,24.156525000000002,ER,West Bengal,9,5,4,0.0010012237178774058
PDE,Pindrai,80.0462042108,22.511799793599998,SECR,Madhya Pradesh,6,3,3,0.0006674824785849371
NNN,NANGUNERI,77.66259199999999,8.4891,SR,Tamil Nadu,8,4,4,0.0008899766381132495
ODM,ONDAGRAM,87.202275,23.147973999999998,SER,West Bengal,6,3,3,0.0006674824785849371
NYH,NAYANDAHALLI,77.520696,12.941162,SWR,Karnataka,7,4,3,0.0007787295583490933
NNGE,NARANGI,91.83577600000001,26.182961000000002,NFR,Assam,7,3,4,0.0007787295583490933
NTSK,NEW TINSUKIA JN,95.334128,27.479748,NFR,Assam,8,4,4,0.0008899766381132495
AKI,ADARKI,74.189651,17.918333,CR,Maharashtra,8,4,4,0.0008899766381132495
NMA,Nirmali,86.57461500000001,26.305325,ECR,Bihar,2,1,1,0.00022249415952831238
NS,Narasapur,81.699909,16.445891,SCR,Andhra Pradesh,2,1,1,0.00022249415952831238
NLD,Nalanda,85.46277400000001,25.122359,ECR,Bihar,4,2,2,0.00044498831905662476
SSC,Shahi,79.69100300000001,28.588172999999998,NER,Uttar Pradesh,4,2,2,0.00044498831905662476
NKX,NAKTISEMRA,82.07392999999999,19.062273,ECoR,Chhattisgarh,4,2,2,0.00044498831905662476
OTD,Ootwar,76.73256,27.626063,NCR,Rajasthan,4,2,2,0.00044498831905662476
PDRA,Padra,73.09017872437835,22.237238915003488,WR,Gujarat,4,2,2,0.00044498831905662476
OD,Od,73.07946299999999,22.65471,WR,Gujarat,4,2,2,0.00044498831905662476
NUA,Nua,75.28570594266057,28.058125832368518,NWR,Rajasthan,4,2,2,0.00044498831905662476
TUV,Tuvvur,76.282913,11.120495,SR,Kerala,4,2,2,0.00044498831905662476
NSF,Nasibpur,88.262036,22.804834999999997,ER,West Bengal,4,2,2,0.00044498831905662476
NRPR,Narendrapur Halt,88.41769,22.453419999999998,ER,West Bengal,4,2,2,0.00044498831905662476
NJA,Nagjua,84.9668384277,23.3782939954,SER,Jharkhand,4,2,2,0.00044498831905662476
NNU,Nangal Mundi,76.499193,28.250468,NWR,Haryana,4,2,2,0.00044498831905662476
BHJA,Bheja,82.68546380999999,18.47264914,ECoR,Orissa,2,1,1,0.00022249415952831238
NTA,Netra,88.25409499999999,22.208105,ER,West Bengal,4,2,2,0.00044498831905662476
NZP,Niyazipur Halt,84.98843942260001,25.143791455699997,?,,4,2,2,0.00044498831905662476
PDPK,PADMAPUKAR,88.3062197015,22.5683088157,SER,West Bengal,4,2,2,0.00044498831905662476
PCP,PALSAP,76.191169,18.357557,CR,Maharashtra,4,2,2,0.00044498831905662476
PDNR,PADNUR,75.9846818945,17.3223703821,SWR,Karnataka,4,2,2,0.00044498831905662476
PARD,PATHRAD,77.39203,19.18427,SCR,Maharashtra,4,2,2,0.00044498831905662476
PALR,PALUR,79.90699699999999,12.766651,SR,Tamil Nadu,4,2,2,0.00044498831905662476
PKRD,PAKARA ROAD,80.505599,24.0512,WCR,Madhya Pradesh,7,3,4,0.0007787295583490933
PGR,PUGALUR,77.99070900000001,11.051701999999999,SR,Tamil Nadu,7,4,3,0.0007787295583490933
NWR,NIWAR,80.3695901074,23.7204627184,WCR,Madhya Pradesh,9,5,4,0.0010012237178774058
OKHA,OKHA,69.073775,22.470959999999998,WR,Gujarat,9,8,1,0.0010012237178774058
OKD,OKHA MADHI,69.1038005835,22.0956416097,WR,Gujarat,6,2,4,0.0006674824785849371
NRO,Nakodar Junction,75.47560800000001,31.111697,NR,Punjab,6,3,3,0.0006674824785849371
NTR,NITTUR,76.8558716895,13.3016546778,SWR,Karnataka,10,4,6,0.001112470797641562
PGK,PILI BANGAN,74.079282,29.483825,NWR,Rajasthan,7,3,4,0.0007787295583490933
PEE,Paterhi,84.80548800000001,25.923565,NER,Bihar,4,2,2,0.00044498831905662476
NTZ,NATHWANA,73.813703,28.563319,NWR,Rajasthan,4,2,2,0.00044498831905662476
NUD,NAVAGADH,70.61672100000001,21.764344,WR,Gujarat,4,2,2,0.00044498831905662476
PKZ,PIPLI PAKHI KALAN,74.732879,30.732663,NR,Punjab,5,3,2,0.000556235398820781
PIH,Parhihara,74.559809,27.926801,NWR,Rajasthan,5,3,2,0.000556235398820781
NVRD,NAVADE ROAD,73.102716,19.052388999999998,CR,Maharashtra,9,4,5,0.0010012237178774058
OND,Aunlajori Junction,86.16420749999999,22.440956,SER,Orissa,2,1,1,0.00022249415952831238
NAND,NANDIKUR,74.806474,13.133125,,,8,5,3,0.0008899766381132495
NTW,NANJANGUD TOWN,76.68442999999999,12.12211,SWR,Karnataka,4,2,2,0.00044498831905662476
PL,Mumbai Lower Parel,72.82961999999999,18.994919,WR,Maharashtra,4,2,2,0.00044498831905662476
NVL,Neyveli,79.47622299999999,11.538814,SR,Tamil Nadu,4,2,2,0.00044498831905662476
OBR,OBRA DAM,82.975949,24.438661,ECR,Uttar Pradesh,5,3,2,0.000556235398820781
PCX,Pagla Chandi,88.303969,23.743195,ER,West Bengal,4,2,2,0.00044498831905662476
PDKT,Pudukkottai,78.801946,10.372456999999999,SR,Tamil Nadu,5,2,3,0.000556235398820781
PED,Pipardahi,79.41266,22.052145,SECR,Madhya Pradesh,4,2,2,0.00044498831905662476
NZT,Nazareth,77.976271,8.563997,SR,Tamil Nadu,4,2,2,0.00044498831905662476
PCC,Prachi Road Junction,70.68701800000001,20.988298,WR,Gujarat,6,3,3,0.0006674824785849371
AKK,Akkihebbalu,76.37759799999999,12.62489,SWR,Karnataka,8,4,4,0.0008899766381132495
PEC,Pencharthal,92.10823,24.196225,NFR,Tripura,4,2,2,0.00044498831905662476
NSS,Nawanshahr Doaba Junction,76.108571,31.1213,NR,Punjab,4,2,2,0.00044498831905662476
KRSW,Kohar Singhwala,74.44582399999999,30.76024,NR,Punjab,4,2,2,0.00044498831905662476
PKGM,Phakhoagram,92.342438,24.641534,NFR,Assam,4,2,2,0.00044498831905662476
PJLE,Panjwara Road,87.0136837024,24.8770456448,ER,Bihar,4,2,2,0.00044498831905662476
PHS,Ferozeshah,74.78411,30.887454,NR,Punjab,6,3,3,0.0006674824785849371
PHX,PATHAKPUR,78.580494,28.369685,NR,Uttar Pradesh,8,4,4,0.0008899766381132495
PRDP,Paradip,86.62014099999999,20.280364,ECoR,Orissa,4,2,2,0.00044498831905662476
PCR,PANCHRA,87.330151,23.771990000000002,ER,West Bengal,5,3,2,0.000556235398820781
PMYA,PARMINIYA HALT,86.59504241879999,25.826562590800002,ECR,Bihar,5,3,2,0.000556235398820781
PDH,PADADHARI,70.60534299999999,22.429596,WR,Gujarat,11,6,5,0.001223717877405718
PMI,PAIMAR,85.112409,24.806929,ECR,Bihar,6,3,3,0.0006674824785849371
PG,PERGAON,76.67346400000001,19.294984,SCR,Maharashtra,6,4,2,0.0006674824785849371
PIZ,PINGLI,76.8577266418,19.21840134,SCR,Maharashtra,4,2,2,0.00044498831905662476
KRSH,KARAMGARH SDRGH,74.748627,30.213009,,,4,2,2,0.00044498831905662476
PDQ,PADLA,73.778291,24.306134999999998,NWR,Rajasthan,8,4,4,0.0008899766381132495
PCT,PANCHTALAVDA ROAD,71.474264,21.662813,WR,Gujarat,4,2,2,0.00044498831905662476
PGL,PAGDHAL,77.351451,22.42054,WCR,Madhya Pradesh,4,2,2,0.00044498831905662476
PHI,PANIKHAITI,91.8757005432,26.2119648863,NFR,Assam,6,3,3,0.0006674824785849371
PIRO,Piro,84.4205444342,25.321358352999997,ECR,Bihar,4,2,2,0.00044498831905662476
PML,PAPANASAM,79.26854200000001,10.922767,SR,Tamil Nadu,8,4,4,0.0008899766381132495
PMM,PARSEHRA MAL,80.72917899999999,27.729917,NER,Uttar Pradesh,7,3,4,0.0007787295583490933
PNYA,PANIAHWA,83.933839,27.167486,NER,,7,3,4,0.0007787295583490933
PMK,PARAMAKKUDI,78.591131,9.539071,SR,Tamil Nadu,4,2,2,0.00044498831905662476
PR,MUMBAI PAREL,72.83750400000001,19.009045,CR,Maharashtra,8,6,2,0.0008899766381132495
PBA,PIARDOBA,87.322164,22.956881,SER,West Bengal,7,3,4,0.0007787295583490933
PGTN,PALGHAT TOWN,76.65216699999999,10.7753892,SR,Kerala,4,2,2,0.00044498831905662476
PNVL,PANVEL,73.121756,18.990918999999998,CR,Maharashtra,12,7,5,0.0013349649571698743
PAZ,PAYANGADI,75.2596,12.021507999999999,SR,Kerala,4,2,2,0.00044498831905662476
PEU,PERSSANNUR,76.065488,10.840824,SR,Kerala,7,4,3,0.0007787295583490933
PFT,Pothahi,85.098643,25.486605,ECR,Bihar,8,4,4,0.0008899766381132495
PNUG,Punpun Ghat Halt,85.1099123547,25.5255878987,?,,4,2,2,0.00044498831905662476
PLF,Piali,88.51744099999999,22.388254,ER,West Bengal,4,2,2,0.00044498831905662476
PIL,Piler,78.927499,13.662347,SCR,Andhra Pradesh,4,2,2,0.00044498831905662476
PIT,Palitana,71.82319700000001,21.538300999999997,WR,Gujarat,2,1,1,0.00022249415952831238
PNCB,Pancheberia,88.599435,23.221017,ER,West Bengal,4,2,2,0.00044498831905662476
PLC,Phalodi Junction,72.366743,27.124794,NWR,Rajasthan,6,3,3,0.0006674824785849371
PAVI,Pavi,73.840166,22.342282,WR,Gujarat,4,2,2,0.00044498831905662476
PHWR,Pehowa Road,76.6204606189,29.88477778,NR,Haryana,6,3,3,0.0006674824785849371
PPB,Partabpura,75.71438400000001,31.052119,NR,Punjab,4,2,2,0.00044498831905662476
PLH,Parlakhemundi,84.08063800000001,18.786579,ECoR,Orissa,4,2,2,0.00044498831905662476
PDX,Payradanga,88.545481,23.128660999999997,ER,West Bengal,4,2,2,0.00044498831905662476
PDS,Pindarsi,76.70440469360001,29.9189828048,NR,Haryana,4,2,2,0.00044498831905662476
PCO,Palayankottai,77.738083,8.709862,SR,Tamil Nadu,4,2,2,0.00044498831905662476
PMO,Pandoli,74.39939700000001,24.866567,NWR,Rajasthan,4,2,2,0.00044498831905662476
PQE,Pawapuri Road,85.511715,25.159209999999998,ECR,Bihar,4,2,2,0.00044498831905662476
PNGM,PANCHGRAM,92.598318,24.864358,NFR,Assam,4,2,2,0.00044498831905662476
PLS,PIPALSANA,78.83533,28.952153,NER,Uttar Pradesh,8,4,4,0.0008899766381132495
PJR,PANGRI,75.86677300480001,18.283703174,CR,Maharashtra,4,2,2,0.00044498831905662476
PLMX,PALAMPUR HIMACHAL,76.54001000000001,32.069052,NR,Himachal Pradesh,8,4,4,0.0008899766381132495
PRU,PARLU,72.4319,25.823775,NWR,Rajasthan,4,2,2,0.00044498831905662476
PJH,Pirjhalar,75.5313135,23.2603976,WR,Madhya Pradesh,4,2,2,0.00044498831905662476
PPLI,PIPLI,69.934426,22.345082,WR,Gujarat,12,3,9,0.0013349649571698743
PRTP,PARTAPUR,77.648699,28.925112000000002,NR,Uttar Pradesh,5,2,3,0.000556235398820781
PYM,PANDIYAPURAM,77.971557,8.855091,SR,Tamil Nadu,5,2,3,0.000556235398820781
PJA,PAJIAN,75.288498,31.264295,NR,Punjab,4,2,2,0.00044498831905662476
RAMP,Rampuri,80.259304,22.410159,SECR,Madhya Pradesh,4,2,2,0.00044498831905662476
PNGR,PINGORA,77.37130900000001,27.087305999999998,WCR,Rajasthan,4,2,2,0.00044498831905662476
PUE,Palari,79.815973,22.301904,SECR,Madhya Pradesh,4,2,2,0.00044498831905662476
PUF,Pauta,79.8118731085,28.4516032684,NER,Uttar Pradesh,6,3,3,0.0006674824785849371
PKDE,PILU KHERA,76.49388,29.354607,NR,Haryana,4,2,2,0.00044498831905662476
PLWR,Phulwaria,84.255615343,26.4688026951,NER,Uttar Pradesh,2,1,1,0.00022249415952831238
PNJ,Padriganj,80.11383797849999,22.3172086118,SECR,Madhya Pradesh,6,3,3,0.0006674824785849371
RAU,Rau,75.80494999999999,22.633145,WR,Madhya Pradesh,4,2,2,0.00044498831905662476
TIK,Tik,76.52731516850001,29.8508008993,NR,,4,2,2,0.00044498831905662476
PRDL,Paradol,82.188481,23.25057,SECR,Madhya Pradesh,4,2,2,0.00044498831905662476
TUA,TIRUNNAVAYA,75.985675,10.874721,SR,Kerala,5,2,3,0.000556235398820781
PNPR,PUNNAPURA,76.333771,9.449651,SR,Kerala,7,4,3,0.0007787295583490933
PUPR,PUNNAPRA,76.342348,9.423187,SR,Kerala,7,3,4,0.0007787295583490933
PLP,PHULPUR,82.091535,25.552533999999998,NR,Uttar Pradesh,5,2,3,0.000556235398820781
PRG,PRAYAG,81.867081,25.467939,NR,Uttar Pradesh,8,3,5,0.0008899766381132495
PMY,PALI MARWAR,73.327309,25.790692,NWR,Rajasthan,7,2,5,0.0007787295583490933
PRTL,Pirtala,88.28058300000001,24.359325000000002,ER,West Bengal,4,2,2,0.00044498831905662476
PMQ,Parna Nand,75.49578699999999,32.169809,NR,Punjab,4,2,2,0.00044498831905662476
PKO,Palakollu,81.717145,16.522244,SCR,Andhra Pradesh,4,2,2,0.00044498831905662476
POA,Palikona,80.80435100000001,16.061989,SCR,Andhra Pradesh,4,2,2,0.00044498831905662476
PSK,Paradsinga Halt,78.854197,21.541244,SECR,Madhya Pradesh,4,2,2,0.00044498831905662476
PTKD,Patharkandi,92.31911,24.604506,NFR,Assam,4,2,2,0.00044498831905662476
PKBS,Peeplee-ka-bas,75.268809,26.909188999999998,NWR,Rajasthan,6,3,3,0.0006674824785849371
PNSA,Punsia,87.0037506653,24.9531673111,ER,Bihar,4,2,2,0.00044498831905662476
KRSL,Krishnashilla,82.7684964,24.1550254,ECR,Uttar Pradesh,4,2,2,0.00044498831905662476
PTE,Patiala Cantt.,76.379064,30.341138,NR,Punjab,4,2,2,0.00044498831905662476
PLT,Pirthala Llauda,75.866432,29.628831,NR,Haryana,4,2,2,0.00044498831905662476
RHW,ROHIRA GHALUGHRA,75.8416662744,30.6369312333,NR,Punjab,4,2,2,0.00044498831905662476
PRKH,PARKANHATTI,74.695447,16.140169,SWR,Karnataka,7,4,3,0.0007787295583490933
RAKL,RETHORAKALAN,78.240156,26.397857000000002,NCR,Madhya Pradesh,6,3,3,0.0006674824785849371
RDI,KARDI,76.5736995709,13.2673774949,SWR,Karnataka,9,4,5,0.0010012237178774058
RKR,RANIKUND RARAH,77.55550000000001,27.324191,WCR,Rajasthan,8,4,4,0.0008899766381132495
RMGJ,RAMGANJ,82.020731,26.049173999999997,NR,Uttar Pradesh,4,2,2,0.00044498831905662476
PT,PATLI,76.85347200000001,28.399583000000003,NR,Haryana,7,3,4,0.0007787295583490933
POR,PIPALDA ROAD,76.616541,24.956611,WCR,Rajasthan,9,5,4,0.0010012237178774058
PTRD,PATAUDI ROAD,76.755565,28.350738,NR,Haryana,4,2,2,0.00044498831905662476
PSD,PARSODA,74.8751352301,19.953696573000002,SCR,Maharashtra,4,2,2,0.00044498831905662476
POZ,POTUL,75.12177700000001,19.918567,SCR,Maharashtra,5,2,3,0.000556235398820781
PRKE,PURUA KHERA,78.94859100000001,28.38702,NR,Uttar Pradesh,11,6,5,0.001223717877405718
RBK,REOTI BAHORA KHERA,79.107047,28.318709,NR,Uttar Pradesh,6,3,3,0.0006674824785849371
VMU,Vemuru,80.743187,16.178119,SCR,Andhra Pradesh,4,2,2,0.00044498831905662476
RDY,REDIPALAYAM,79.94717999999999,12.736973,SR,Tamil Nadu,4,2,2,0.00044498831905662476
PPKD,PAPRAKUND,82.93171099999999,24.42109,ECR,Uttar Pradesh,4,2,2,0.00044498831905662476
RAJP,RAJAPUR ROAD,73.626565,16.635175,KR,Maharashtra,7,3,4,0.0007787295583490933
RANI,RANI,73.31039,25.347582,NWR,Rajasthan,8,2,6,0.0008899766381132495
PPNS,PAPPINISSERY,75.347422,11.941779,SR,Kerala,10,4,6,0.001112470797641562
PRZ,Parsa,82.908499,27.435147999999998,NER,Uttar Pradesh,8,4,4,0.0008899766381132495
PSLI,Parsoli,74.875358,25.113462000000002,WCR,Rajasthan,4,2,2,0.00044498831905662476
RAL,Repalle,80.828736,16.019794,SCR,Andhra Pradesh,2,1,1,0.00022249415952831238
RJQ,Rajendranagar,75.82954600000001,22.670031,WR,Madhya Pradesh,4,2,2,0.00044498831905662476
RHU,Rahon,76.10892366617918,31.059323805951863,NR,Punjab,2,1,1,0.00022249415952831238
RAHA,Raha,92.522244,26.225359,NFR,Assam,5,2,3,0.000556235398820781
PRES,Pattabiram East,80.068704,13.145847999999999,SR,Tamil Nadu,2,1,1,0.00022249415952831238
RCTC,Raghunathpur,86.14960500000001,20.351679,ECoR,Orissa,4,2,2,0.00044498831905662476
PRBZ,Parsa Bazar,85.11887899999999,25.550023,ECR,Bihar,6,3,3,0.0006674824785849371
PRNR,Porjanpur,85.521374,21.789139000000002,?,Orissa,4,2,2,0.00044498831905662476
PPCK,Pipalwali Chowk,77.470826,26.266253,NCR,Madhya Pradesh,4,2,2,0.00044498831905662476
RNIR,Rajnarainpur,80.418359,28.313863,NER,Uttar Pradesh,4,2,2,0.00044498831905662476
PPN,Punpun,85.09876768800001,25.488229642500002,ECR,Bihar,8,4,4,0.0008899766381132495
RBN,Raghubans Nagar,87.060056,25.756709,ECR,Bihar,4,2,2,0.00044498831905662476
RMO,Ramakona,78.826509,21.684348999999997,SECR,Madhya Pradesh,4,2,2,0.00044498831905662476
RAH,Ramgarh,76.811256,27.576612,NCR,Rajasthan,4,2,2,0.00044498831905662476
TNRI,Teneri Halt,85.02551828,25.3146062619,?,,5,3,2,0.000556235398820781
PTRJ,PATTI RAJPURA HALT,76.53987000000001,32.068766000000004,NR,Himachal Pradesh,7,3,4,0.0007787295583490933
PTWA,PATWARA,80.4137045734,23.9143072844,WCR,Madhya Pradesh,14,8,6,0.0015574591166981867
PUY,Phulaguri,92.592784,26.270537,NFR,Assam,4,2,2,0.00044498831905662476
RENH,RENHAT,77.83368499999999,25.979937999999997,WCR,Madhya Pradesh,9,4,5,0.0010012237178774058
RE,REWARI,76.609414,28.202779000000003,NWR,Haryana,13,6,7,0.0014462120369340306
RHG,RAJGARH,76.607541,27.240827,NWR,Rajasthan,4,2,2,0.00044498831905662476
RMH,RANGMAHAL,73.974734,29.405815999999998,NWR,Rajasthan,5,2,3,0.000556235398820781
RA,RAMPARDA,71.352035,22.634966,WR,Gujarat,12,7,5,0.0013349649571698743
RGLI,RANGAULI,79.887282,25.150233,NCR,Uttar Pradesh,4,2,2,0.00044498831905662476
RMR,RAMNAGAR,79.12223900000001,29.390223,NER,Uttarakhand,4,2,2,0.00044498831905662476
RKI,RAMKANALI JN,86.76233599999999,23.579891,SER,West Bengal,10,3,7,0.001112470797641562
QLM,KULEM,74.24423,15.334036,SWR,Goa,4,2,2,0.00044498831905662476
RRE,Rahul Road,85.5309343896,25.274192601499998,ECR,Bihar,4,2,2,0.00044498831905662476
RMSR,RAMSINGHPUR,73.39886600000001,29.185337,NWR,Rajasthan,8,5,3,0.0008899766381132495
PYOL,PAYYOLI,75.617595,11.516715999999999,SR,Kerala,4,2,2,0.00044498831905662476
RPB,Rupasibari,92.529502,24.855344,NFR,Assam,4,2,2,0.00044498831905662476
PUM,PALLIPPURAM,76.1123604352,10.8413738184,SR,Kerala,6,2,4,0.0006674824785849371
RGD,Rajgir,85.41469699999999,25.033068999999998,ECR,Bihar,2,1,1,0.00022249415952831238
RGS,Ringas Junction,75.56360400000001,27.373379,NWR,Rajasthan,11,6,5,0.001223717877405718
RTBR,Ratabari,92.416927,24.572086000000002,NFR,Assam,4,2,2,0.00044498831905662476
RGJI,RANGJULI,90.95595800000001,25.988405,NFR,Assam,7,3,4,0.0007787295583490933
RPLY,Rupauli,87.057937,25.879328,ECR,Bihar,4,2,2,0.00044498831905662476
PW,Pirwa,74.46727399999999,27.235415,NWR,Rajasthan,4,2,2,0.00044498831905662476
RDG,Rayadurg,76.856828,14.705815,SWR,Andhra Pradesh,4,2,2,0.00044498831905662476
RSMN,Ramgovindsingh Mahuli Halt,85.11323059809999,25.5318741843,?,,4,2,2,0.00044498831905662476
RJR,Rajaldesar,74.47771200000001,28.033672,NWR,Rajasthan,4,2,2,0.00044498831905662476
RPV,Rajapatti,84.80838331540001,26.1808149265,NER,Bihar,4,2,2,0.00044498831905662476
PUQ,Puranigudam,92.78676899999999,26.36319,NFR,Assam,4,2,2,0.00044498831905662476
PTRE,Patara,80.203446,26.232167999999998,NCR,Uttar Pradesh,4,2,2,0.00044498831905662476
RGJ,RaiGanj,88.127696,25.619125,NFR,West Bengal,4,2,2,0.00044498831905662476
TUD,Talodhi Road,79.736073,20.454247000000002,SECR,Maharashtra,4,2,2,0.00044498831905662476
RM,Rajmane,74.941672,20.643085,CR,Maharashtra,4,2,2,0.00044498831905662476
RMN,Raman,74.96208800000001,29.959833999999997,NWR,Punjab,4,2,2,0.00044498831905662476
RPHR,Raipur Hariyana Junction,75.772834,29.158401,NR,Haryana,4,2,2,0.00044498831905662476
QTP,Quatabpur,76.349742,29.763968,NR,Haryana,4,2,2,0.00044498831905662476
RBJ,Raibojha,81.471651,27.971208999999998,NER,Uttar Pradesh,4,2,2,0.00044498831905662476
RWH,Rowriah Sdg,94.17244099999999,26.721887,NFR,Assam,6,3,3,0.0006674824785849371
RWL,RAIWALA,78.209877,30.032143,NR,Uttarakhand,6,3,3,0.0006674824785849371
RPI,RUPAHELI,74.635807,25.771723,NWR,Rajasthan,4,2,2,0.00044498831905662476
RNA,ROHANA KALAN,77.68575799999999,29.575725,NR,Uttar Pradesh,6,3,3,0.0006674824785849371
RKD,RUKADI,74.356715,16.724871999999998,CR,Maharashtra,4,2,2,0.00044498831905662476
RNE,RANJANI,76.107028,19.646129,SCR,Maharashtra,6,3,3,0.0006674824785849371
RXRX,RANGAPAHAR CRS,93.715179,25.868228,NFR,Nagaland,9,4,5,0.0010012237178774058
SAG,SANGRUR,75.8305174701,30.2437913998,NR,Punjab,4,2,2,0.00044498831905662476
SAH,SAPHALE,72.82182599999999,19.576592,WR,Maharashtra,14,8,6,0.0015574591166981867
RUJ,RANUJ,72.21524,23.75937,WR,Gujarat,9,5,4,0.0010012237178774058
RNR,RANIBENNUR,75.635054,14.625461,SWR,Karnataka,6,4,2,0.0006674824785849371
RRB,BIRUR JN,75.974749,13.591101,SWR,Karnataka,9,6,3,0.0010012237178774058
RIGA,RIGA,85.425711,26.644544,ECR,Bihar,8,4,4,0.0008899766381132495
VMP,VALLAMPADUGAI,79.708219,11.350091,SR,Tamil Nadu,5,2,3,0.000556235398820781
RMM,RAMESWARAM,79.306787,9.280973,SR,Tamil Nadu,5,4,1,0.000556235398820781
SAZ,Samni,72.92457042261958,21.852581313966382,WR,Gujarat,2,1,1,0.00022249415952831238
RPMN,RAMPURMANI HARA,77.4598714294,29.8055980689,NR,Uttar Pradesh,4,2,2,0.00044498831905662476
SASN,SAS NAGAR MOHALI,76.739952,30.666125,NR,Punjab,6,3,3,0.0006674824785849371
RNBD,RANA BORDI,69.79191399999999,21.714732,WR,Gujarat,4,2,2,0.00044498831905662476
RKX,RUKHI,76.679535,29.090127000000003,NR,Haryana,5,2,3,0.000556235398820781
RXW,Ratangarh West,74.61020425893366,28.072785335054363,NWR,Rajasthan,4,2,2,0.00044498831905662476
RNQ,RENUKUT,83.039896,24.203558,ECR,Uttar Pradesh,8,4,4,0.0008899766381132495
ROHA,ROHA,73.12357712000001,18.44649043,CR,Maharashtra,7,3,4,0.0007787295583490933
ROK,ROHTAK JN,76.57955000000001,28.890904,NR,Haryana,13,5,8,0.0014462120369340306
RLS,ROMANA ALBEL SINGH,74.850048,30.510636,NR,Punjab,5,2,3,0.000556235398820781
RRS,Raghuraj Singh,80.87966899999999,26.255836,NR,Uttar Pradesh,4,2,2,0.00044498831905662476
RUR,RANPUR,71.717303,22.359871000000002,WR,Gujarat,7,4,3,0.0007787295583490933
SAD,Sonada,88.273323,26.960337,NFR,West Bengal,4,2,2,0.00044498831905662476
RJ,Rawat Ganj,83.2858752405,26.9578306035,NER,Uttar Pradesh,4,2,2,0.00044498831905662476
RGX,Raghunathbari,87.797247,22.353228,SER,West Bengal,5,3,2,0.000556235398820781
RNJ,Runija,75.3768327,23.06077,WR,Madhya Pradesh,4,2,2,0.00044498831905662476
SAKA,Simariya Kajanwada,80.325116,22.439466000000003,SECR,Madhya Pradesh,4,2,2,0.00044498831905662476
SBGR,Subhas Gram,88.433753,22.413546,ER,West Bengal,4,2,2,0.00044498831905662476
RNV,Raniwara,72.204293,24.750455,NWR,Rajasthan,4,2,2,0.00044498831905662476
RRW,Roranwala,74.25620300000001,30.444112,NR,Punjab,4,2,2,0.00044498831905662476
RXN,Ramsan,72.035777,24.405870999999998,NWR,Gujarat,4,2,2,0.00044498831905662476
SCA,SALCHAPRA,92.671939,24.827278,NFR,Assam,5,2,3,0.000556235398820781
RSJ,RAYSER,77.549884,24.915225999999997,WCR,Madhya Pradesh,9,4,5,0.0010012237178774058
SDPR,SARDAR PATEL ROAD,77.167107,28.595813,NR,Delhi NCT,4,2,2,0.00044498831905662476
SBD,SLEEMANABAD RD,80.285208,23.614369,WCR,Madhya Pradesh,9,4,5,0.0010012237178774058
SBM,SONBARSA KACHERI,86.59565906430001,25.7938081327,ECR,Bihar,5,2,3,0.000556235398820781
RY,RAYAKA,72.023569,22.413052999999998,WR,Gujarat,4,2,2,0.00044498831905662476
SCN,SONDHA ROAD,78.484558,26.498827,NCR,Madhya Pradesh,4,2,2,0.00044498831905662476
BMPL,BRAHMANPALLI,78.4501792358,17.832927985,SCR,Andhra Pradesh,4,2,2,0.00044498831905662476
RUPC,RUDRAPUR CITY,79.379212,28.969281,NER,Uttarakhand,4,2,2,0.00044498831905662476
SALE,SALAR,88.111097,23.774579,ER,West Bengal,4,2,2,0.00044498831905662476
SELU,SELU,76.43326400000001,19.448059999999998,SCR,Maharashtra,4,2,2,0.00044498831905662476
SDGM,SARDARGRAM,72.641987,23.070758,WR,Gujarat,6,3,3,0.0006674824785849371
SHBA,SAHEBTALA,88.200996,23.591585,ER,West Bengal,4,2,2,0.00044498831905662476
SHRD,SAIJ SERTHA RD,72.520002,23.2126,WR,Gujarat,6,3,3,0.0006674824785849371
SINR,Sinor,73.33612949587405,21.91134392138467,WR,Gujarat,4,2,2,0.00044498831905662476
SAHR,SAHERI,83.44911521,25.559103213,NER,Uttar Pradesh,5,3,2,0.000556235398820781
SIU,Singur,88.228712,22.814558,ER,West Bengal,4,2,2,0.00044498831905662476
RSYI,RASAYANI,73.151919,18.894001999999997,CR,Maharashtra,10,2,8,0.001112470797641562
SED,SHEDBAL,74.752769,16.720293,SWR,Karnataka,4,2,2,0.00044498831905662476
RSG,RAMSAGAR,87.277063,23.106248,SER,West Bengal,4,2,2,0.00044498831905662476
RZJ,RAZAGANJ,80.632889,27.994397,NER,Uttar Pradesh,6,3,3,0.0006674824785849371
AHMP,ADARSH MANPUR,85.91106267820001,25.1344757598,,,5,3,2,0.000556235398820781
SDMK,Sidmukh,75.290472144261,28.893890064746117,NWR,Rajasthan,5,2,3,0.000556235398820781
SALI,SALI,75.031546,26.705766999999998,NWR,Rajasthan,6,3,3,0.0006674824785849371
SBNM,Subarnamrigi,88.292124,24.27321,ER,West Bengal,4,2,2,0.00044498831905662476
SHZ,Summer Hill,77.138165,31.107469,NR,Himachal Pradesh,4,2,2,0.00044498831905662476
RTR,RAMNATHPUR,82.017775,25.412362,NER,Uttar Pradesh,5,2,3,0.000556235398820781
SIPA,Singhookharia,85.795126,22.498243000000002,SER,Jharkhand,4,2,2,0.00044498831905662476
RUSD,Runnisaidpur,85.519694,26.410576,ECR,Bihar,1,0,1,0.00011124707976415619
SDZ,Sindhar,75.241169,31.110308,NR,Punjab,6,3,3,0.0006674824785849371
SDF,Sudsar,73.785795,28.012356,NWR,Rajasthan,4,2,2,0.00044498831905662476
SIRD,Sird,72.5964046204,27.5544208128,?,Rajasthan,4,2,2,0.00044498831905662476
SDLP,Sadulpur Junction,75.386989,28.631138,NWR,Rajasthan,6,3,3,0.0006674824785849371
SFNR,Saifinagar Halt,75.85342399999999,22.698715,WR,Madhya Pradesh,4,2,2,0.00044498831905662476
SAWN,Sohansra,75.8605782111,28.4076088967,NWR,Haryana,4,2,2,0.00044498831905662476
SJM,Sajuma,76.296444,29.726968,NR,Andhra Pradesh,4,2,2,0.00044498831905662476
SEW,SEHAL,78.822659,28.918565,NER,Uttar Pradesh,4,2,2,0.00044498831905662476
SGRE,SULGARE,74.909935,16.914611,CR,Maharashtra,4,2,2,0.00044498831905662476
SJS,SHAMLAJI ROAD,73.335655,23.621619,NWR,Gujarat,8,4,4,0.0008899766381132495
SGP,SOHAGPUR,78.194338,22.693813,WCR,Madhya Pradesh,6,2,4,0.0006674824785849371
SEQ,SEKHA,75.643764,30.380452,NR,Punjab,4,2,2,0.00044498831905662476
SMC,Samnapur,80.1564133228,21.9419101772,SECR,Madhya Pradesh,4,2,2,0.00044498831905662476
MNHL,MAJHAIRAN HIMACHAL,76.60279299999999,32.046378,NR,Himachal Pradesh,5,3,2,0.000556235398820781
SGLM,SENGULAM,77.682861,8.607001,SR,Tamil Nadu,6,3,3,0.0006674824785849371
DUB,DABTARA,78.991164,28.368424,NR,Uttar Pradesh,8,4,4,0.0008899766381132495
SHBL,SHIBLUN,88.082999,23.692561,ER,West Bengal,4,2,2,0.00044498831905662476
SKHK,Sukhasan Kothi,87.15210099999999,25.841387,ECR,Bihar,4,2,2,0.00044498831905662476
SEJ,SARKHEJ,72.497486,22.981944000000002,WR,Gujarat,5,3,2,0.000556235398820781
SHC,SAHARSA JN,86.594953,25.875207999999997,ECR,Bihar,12,6,6,0.0013349649571698743
SHTT,Silghat Town,92.929931,26.608902,NFR,Assam,2,1,1,0.00022249415952831238
SGUT,SILIGURU TOWN,88.42960699999999,26.7073,NFR,West Bengal,6,3,3,0.0006674824785849371
SGUJ,SILIGURI JN,88.413663,26.723204,NFR,West Bengal,8,4,4,0.0008899766381132495
SJSM,Salemgarhmasani,74.46238562464714,29.550109363942525,NWR,Rajasthan,2,1,1,0.00022249415952831238
SCH,SACHIN,72.874083,21.077673,WR,Gujarat,11,6,5,0.001223717877405718
SCPD,SUCHIPIND,75.621561,31.343172,NR,Punjab,9,4,5,0.0010012237178774058
SEV,SITHALAVAI,78.27389099999999,10.958125,SR,Tamil Nadu,5,2,3,0.000556235398820781
SGR,SANGMESHWAR,73.546234,17.201998999999997,KR,Maharashtra,7,4,3,0.0007787295583490933
SGD,SONGADH,71.886759,21.728936,WR,Gujarat,4,2,2,0.00044498831905662476
SHK,SHEIKPURA,85.854024,25.132088,ECR,Bihar,6,3,3,0.0006674824785849371
SMSR,Samaswara,79.334804,22.048501,SECR,Madhya Pradesh,4,2,2,0.00044498831905662476
SIKR,Sikar Junction,75.15337799999999,27.616275,NWR,Rajasthan,7,3,4,0.0007787295583490933
SHF,Shirud,74.876271,20.735376,CR,Maharashtra,4,2,2,0.00044498831905662476
SGS,Shoghi,77.12423700000001,31.038759000000002,NR,Himachal Pradesh,4,2,2,0.00044498831905662476
SHN,Suchan Kotli,75.170322,29.515832999999997,NWR,Haryana,5,3,2,0.000556235398820781
SJPR,Surjyapur,88.466557,22.293128,ER,West Bengal,4,2,2,0.00044498831905662476
SMKR,Sham Kauria,84.8330358765,26.035816445600002,NER,Bihar,4,2,2,0.00044498831905662476
SGA,Shergarh,74.947251,30.080230999999998,NWR,Punjab,4,2,2,0.00044498831905662476
SLGE,SULERJAVALGE,75.974841,17.45892,SWR,Karnataka,4,2,2,0.00044498831905662476
AKVD,AKIVIDU,81.36905499999999,16.582653999999998,SCR,Andhra Pradesh,4,2,2,0.00044498831905662476
SQR,SULTANPUR LODI,75.203016,31.211713,NR,Punjab,5,2,3,0.000556235398820781
SIF,SIRLI,77.21222487729999,19.5087818977,SCR,Maharashtra,8,4,4,0.0008899766381132495
SKF,SAKHOTI TANDA,77.71804900000001,29.192626,NR,Uttar Pradesh,6,3,3,0.0006674824785849371
SMQL,SHAMLI,77.316231,29.444596999999998,NR,Uttar Pradesh,5,2,3,0.000556235398820781
SMBJ,SHRI MAHABIRJI,76.96766400000001,26.684155,WCR,Rajasthan,10,5,5,0.001112470797641562
SLU,SASALU,76.108388,14.226683,SWR,Karnataka,11,7,4,0.001223717877405718
SQK,Shankar,77.1402539871633,28.560827504028268,NR,Punjab,0,0,0,0.0
SMM,SALIYAMANGALAM,79.275262,10.77933,SR,Tamil Nadu,4,2,2,0.00044498831905662476
SKR,SAKHPUR,69.833241,21.748997,WR,Gujarat,4,2,2,0.00044498831905662476
SONW,SONWARSA HALT,85.669157,25.043599999999998,?,,5,3,2,0.000556235398820781
SLR,Salogra,77.130516,30.934311,NR,Himachal Pradesh,4,2,2,0.00044498831905662476
SOQ,SOMPUR ROAD,75.87207,15.421498999999999,SWR,Karnataka,5,3,2,0.000556235398820781
SJN,SANJAN,72.820594,20.19165,WR,Gujarat,11,7,4,0.001223717877405718
SKND,Sukinda Road,86.05375,20.971268,ECoR,Orissa,4,2,2,0.00044498831905662476
SKVL,SANKVAL,73.86771300000001,15.370790999999999,SWR,Goa,5,3,2,0.000556235398820781
SL,SURATHKAL,74.80617699999999,12.989191,KR,Karnataka,5,2,3,0.000556235398820781
SJDA,SANJUJE DA AREY,75.5962538599,15.437494047800001,SWR,Goa,0,0,0,0.0
SKNR,Shakar Nagar,77.905991,18.659388000000003,SCR,Andhra Pradesh,4,2,2,0.00044498831905662476
SLI,SANGLI,74.588939,16.858669000000003,CR,Maharashtra,5,2,3,0.000556235398820781
SIW,SHIRRAVDE,74.1573548438,17.3606825795,CR,Maharashtra,7,4,3,0.0007787295583490933
SLP,SALPA,74.17178775389999,17.963070994400002,CR,Maharashtra,7,3,4,0.0007787295583490933
SOI,Sonaripur,80.7274215704,28.4746409298,NER,Uttar Pradesh,4,2,2,0.00044498831905662476
SQW,Sidhwalia,84.666995,26.333838,NER,Bihar,4,2,2,0.00044498831905662476
SNKX,Sankra,81.591856,20.747436,SECR,,4,2,2,0.00044498831905662476
SME,Shimoga,75.592671,13.927613,SWR,Karnataka,4,2,2,0.00044498831905662476
SONH,Seonan Halt,85.01186038569999,25.285709039300002,?,,4,2,2,0.00044498831905662476
SNU,Sangrampur,88.32876,22.224929,ER,West Bengal,4,2,2,0.00044498831905662476
SJJ,Sanjha,87.0008507605,25.0658316907,ER,Bihar,4,2,2,0.00044498831905662476
SLON,Salona,92.990043,26.503912999999997,NFR,Assam,4,2,2,0.00044498831905662476
SJPA,Sujalpur,87.65749699999999,21.763167000000003,?,West Bengal,4,2,2,0.00044498831905662476
SILO,Silao,85.434638,25.078598999999997,ECR,Bihar,4,2,2,0.00044498831905662476
SOW,Suhsarai,85.530032,25.273946,ECR,Bihar,4,2,2,0.00044498831905662476
BLND,Bolinna Doaba,75.656972,31.342859999999998,NR,Punjab,4,2,2,0.00044498831905662476
SKTN,Shakti Nagar,82.704734,24.122899,ECR,Uttar Pradesh,2,1,1,0.00022249415952831238
SOY,Sukrimangela,79.834297,22.90699,SECR,Madhya Pradesh,4,2,2,0.00044498831905662476
SQJ,Saila Khurd,76.07770599999999,31.292873999999998,NR,Punjab,2,1,1,0.00022249415952831238
SNB,Satnaur Badesron,76.110741,31.257426,NR,Punjab,2,1,1,0.00022249415952831238
SONR,Saoner Junction,78.925046,21.387489000000002,SECR,Maharashtra,4,2,2,0.00044498831905662476
SOJ,SAROJINI NAGAR,77.196287,28.581210000000002,NR,Delhi NCT,4,2,2,0.00044498831905662476
SPD,SUPEDI,70.3763963708,21.758513999399998,WR,Gujarat,4,2,2,0.00044498831905662476
SNX,SANEH ROAD,78.4494025903,29.689652272500002,NR,Uttar Pradesh,7,4,3,0.0007787295583490933
SRA,SEMRA,84.8136981409,26.711946963,ECR,Bihar,6,2,4,0.0006674824785849371
SRSI,Sarsi,87.28521798737347,25.86331602863504,ECR,Bihar,6,3,3,0.0006674824785849371
SNPR,SINGARPUR,77.72370699999999,27.116202,NCR,Rajasthan,4,2,2,0.00044498831905662476
SNYN,SONIYANA,74.62566,25.123246,NWR,Rajasthan,4,2,2,0.00044498831905662476
SRJ,SHANKARGARH,81.6190324237,25.1813005966,NCR,Madhya Pradesh,9,5,4,0.0010012237178774058
STF,Sikta,84.680541,27.024365,ECR,Bihar,4,2,2,0.00044498831905662476
SRGH,Surajgarh,75.73429978452623,28.30168415387253,NWR,Rajasthan,4,2,2,0.00044498831905662476
SQE,SAMRLA,77.793105,18.921849,SCR,Maharashtra,5,2,3,0.000556235398820781
SRK,SAMRAU,72.721146,26.8662,NWR,Rajasthan,4,2,2,0.00044498831905662476
SOHL,Sohal,75.348341,31.974211,NR,Punjab,4,2,2,0.00044498831905662476
SRNK,Soron,78.748458,27.883353999999997,NER,Uttar Pradesh,4,2,2,0.00044498831905662476
SNSN,SONASAN,72.895784,23.491604000000002,WR,Gujarat,4,2,2,0.00044498831905662476
SRID,SHRIDHAM,79.484397,23.033843,WCR,Madhya Pradesh,11,6,5,0.001223717877405718
SQL,SONTALAI,77.94977499999999,22.613017999999997,WCR,Madhya Pradesh,9,4,5,0.0010012237178774058
SPZ,SAMPLA,76.773299,28.781933000000002,NR,Haryana,8,3,5,0.0008899766381132495
SNHR,SANKHAI,72.177296,23.796393,WR,Gujarat,3,2,1,0.0003337412392924686
SPK,SAPEKHATI,95.160918,27.110416,NFR,Assam,10,3,7,0.001112470797641562
SPRA,Sillipur,77.031581,26.081657,NCR,Rajasthan,4,2,2,0.00044498831905662476
STC,SANTA CRUZ,72.84133899999999,19.082018,WR,Maharashtra,7,4,3,0.0007787295583490933
SSV,SASVAD ROAD,73.9546461121,18.4732023111,CR,Maharashtra,5,2,3,0.000556235398820781
SOU,Supaul,86.603023,26.117556999999998,ECR,Bihar,8,4,4,0.0008899766381132495
SOJN,SIHOR GUJARAT,71.957197,21.724798000000003,WR,Gujarat,6,3,3,0.0006674824785849371
KRNG,Kargaon Halt,79.41302,20.800933,,,0,0,0,0.0
SNDY,SANDAI,79.990982,28.572634,NER,Uttar Pradesh,4,2,2,0.00044498831905662476
SNDD,SINDHUDURG,73.67934,16.111322,KR,Maharashtra,13,8,5,0.0014462120369340306
SPGL,Sarai Gopal,81.822277,25.548656,NR,Uttar Pradesh,4,2,2,0.00044498831905662476
STH,Sethal,79.56736599999999,28.543189,NER,Uttar Pradesh,6,3,3,0.0006674824785849371
SRMN,Semraon,84.52704197999999,25.395161271299997,ECR,Bihar,4,2,2,0.00044498831905662476
STPM,S NARAYANAPURAM,80.647908,16.525488,SCR,Andhra Pradesh,8,4,4,0.0008899766381132495
SSP,Santoshpur,88.272502,22.524414,ER,West Bengal,2,1,1,0.00022249415952831238
SNDT,Sindri Town,86.47988299999999,23.660992,?,Jharkhand,2,1,1,0.00022249415952831238
SRN,Soron,78.748798,27.883694,NER,Uttar Pradesh,4,2,2,0.00044498831905662476
SNA,Sadanapura,73.01247500000001,22.602487999999997,WR,Gujarat,4,2,2,0.00044498831905662476
WW,Wanabar,84.97751000000001,25.006278000000002,?,,4,2,2,0.00044498831905662476
SSRD,Shasan Road,88.434523,22.346539999999997,ER,West Bengal,4,2,2,0.00044498831905662476
SMTG,Saheed Matangini,87.90811500000001,22.301973999999998,SER,West Bengal,4,2,2,0.00044498831905662476
SOE,Sheopur Kalan,76.70038600000001,25.675538,NCR,Madhya Pradesh,2,1,1,0.00022249415952831238
SMNN,Shri Makri Nath Nagar,74.824623,28.179883999999998,NWR,Rajasthan,4,2,2,0.00044498831905662476
AKU,ANGALAKUDURU,80.609091,16.245325,SCR,Andhra Pradesh,7,3,4,0.0007787295583490933
GTI,GHUTAI,79.4413220264,25.289429766,NCR,Uttar Pradesh,4,2,2,0.00044498831905662476
SWAR,SEWAR,77.425499,27.177901,WCR,Rajasthan,9,4,5,0.0010012237178774058
STSN,SHAITAN SINGH NAGAR,72.468139,27.052218,NWR,Rajasthan,4,2,2,0.00044498831905662476
MHTR,MALIHATI TALIBPUR ROAD,88.126194,23.79372,ER,West Bengal,4,2,2,0.00044498831905662476
SRRG,SURERGOTH,76.605353,27.18282,NWR,Rajasthan,4,2,2,0.00044498831905662476
SVKD,SAVAR KUNDLA,71.31266699999999,21.335082,WR,Gujarat,4,2,2,0.00044498831905662476
SSKA,SISARKA,78.846279,28.431279,NR,Uttar Pradesh,4,2,2,0.00044498831905662476
SSR,SARERI,74.624105,25.697556000000002,NWR,Rajasthan,4,2,2,0.00044498831905662476
SRNT,SARNATH,83.032634,25.375998,NER,Uttar Pradesh,4,2,2,0.00044498831905662476
SVW,SHIVNI SHIVAPUR,77.048971,20.674328,SCR,Maharashtra,11,6,5,0.001223717877405718
SRVX,SURAVALI,73.939328,15.291947,KR,Goa,14,9,5,0.0015574591166981867
SXS,SHOBHASAN,72.394212,23.542306999999997,WR,Gujarat,5,2,3,0.000556235398820781
STBJ,Sitabanji,85.79053,21.500203,ECoR,Orissa,4,2,2,0.00044498831905662476
SVM,SANVERDAM CHUCH,74.10866,15.264064,SWR,Goa,4,2,2,0.00044498831905662476
SUL,SULADHAL,74.67814298520001,16.001728105999998,SWR,Karnataka,9,4,5,0.0010012237178774058
SVQ,SIVOK,88.468742,26.880144,NFR,West Bengal,6,2,4,0.0006674824785849371
VMLD,VEMULURIPADU,80.294121,16.309801,,,4,2,2,0.00044498831905662476
SWG,Sidhwan,75.54695000000001,31.095558,NR,Punjab,4,2,2,0.00044498831905662476
SRY,SIRARI,85.952587,25.132853,ECR,Bihar,7,4,3,0.0007787295583490933
SWX,Saidanwala,74.679664,30.917223,NR,Punjab,4,2,2,0.00044498831905662476
SVGA,Sivaganga,78.49906899999999,9.852970000000001,SR,Tamil Nadu,5,3,2,0.000556235398820781
SSA,Sirsa,75.034944,29.539153,NWR,Haryana,4,2,2,0.00044498831905662476
MQA,Matoda,73.00914999999999,24.11526,,,0,0,0,0.0
SVB,Savni,70.471495,20.994517,WR,Gujarat,4,2,2,0.00044498831905662476
SVC,Siwan Kachari,84.34871700000001,26.226705,NER,Bihar,4,2,2,0.00044498831905662476
SVV,Srivaikuntam,77.906323,8.622475999999999,SR,Tamil Nadu,4,2,2,0.00044498831905662476
SVDC,Sivadevunichkla,81.65894399999999,16.535628999999997,SCR,Andhra Pradesh,4,2,2,0.00044498831905662476
STNL,Satnali,75.966232,28.382338,NWR,Haryana,4,2,2,0.00044498831905662476
AEP,Amreli Para,71.2281676154,21.6079811042,WR,Gujarat,4,2,2,0.00044498831905662476
SSF,Sirsuphal,74.572957,18.306268,CR,Maharashtra,4,2,2,0.00044498831905662476
SWD,Sanawad,76.074567,22.17581,WR,Madhya Pradesh,4,2,2,0.00044498831905662476
SXE,SILA KHERI HALT,76.612939,29.389883,NR,Haryana,4,2,2,0.00044498831905662476
TKF,Taki Road,88.915553,22.587179,ER,West Bengal,2,1,1,0.00022249415952831238
TNLR,Thondaimanallur,78.746072,10.623543,SR,Tamil Nadu,4,2,2,0.00044498831905662476
TER,THAIR,76.15003700000001,18.352916,CR,Maharashtra,4,2,2,0.00044498831905662476
SY,SIRKAZHI,79.726353,11.240305,SR,Tamil Nadu,4,2,2,0.00044498831905662476
TNX,Tarak Nagar,88.680184,23.38018,ER,West Bengal,4,2,2,0.00044498831905662476
TAPA,TAPA,75.366053,30.302839,NR,Punjab,4,2,2,0.00044498831905662476
SYC,SARAI CHANDI,81.97958463810001,25.5394209652,NR,Uttar Pradesh,7,4,3,0.0007787295583490933
SXP,SANKOPARA,87.9344515665,24.7176851264,ER,West Bengal,4,2,2,0.00044498831905662476
TBN,TIMARNI,77.2294,22.375860000000003,WCR,Madhya Pradesh,4,2,2,0.00044498831905662476
SYQ,SINHAN,69.7297354559,22.2346247943,WR,Gujarat,7,4,3,0.0007787295583490933
TIBI,Tibi,74.50160639360547,29.54286582323833,NWR,Rajasthan,2,1,1,0.00022249415952831238
TAY,TALAIYUTHU,77.72944226749999,8.7841938937,SR,Tamil Nadu,4,2,2,0.00044498831905662476
TEN,TIRUNELVELI,77.707979,8.73636,SR,Tamil Nadu,12,7,5,0.0013349649571698743
SYH,SAIYEDPUR BHTRI,83.23297400000001,25.539724,NER,Uttar Pradesh,7,4,3,0.0007787295583490933
THN,TOLAHUNSE,75.964562,14.399208,SWR,Karnataka,4,2,2,0.00044498831905662476
SZR,SARUPATHAR,93.862021,26.195595,NFR,Assam,7,4,3,0.0007787295583490933
SYL,SALPURA,76.733005,24.773701,WCR,Rajasthan,5,2,3,0.000556235398820781
TIW,TIVARI,72.889577,26.554730000000003,NWR,Rajasthan,4,2,2,0.00044498831905662476
TA,TANUR,75.880597,10.97954,SR,Kerala,6,3,3,0.0006674824785849371
TABU,Talaburu,85.75594199999999,22.358169,SER,Jharkhand,4,2,2,0.00044498831905662476
KGBS,Kishangarh Balawas,76.571554,28.262787,NWR,Haryana,4,2,2,0.00044498831905662476
TBX,Tilbhum,92.245466,24.465833,NFR,Tripura,4,2,2,0.00044498831905662476
AL,ATTILI,81.61636,16.680149999999998,SCR,Andhra Pradesh,4,2,2,0.00044498831905662476
TLX,Taldi,88.60875899999999,22.343647,ER,West Bengal,4,2,2,0.00044498831905662476
TKO,TAKKOLAM,79.677055,13.023783,SR,Tamil Nadu,4,2,2,0.00044498831905662476
TEA,Taregna,85.038112915,25.3552301906,ECR,Bihar,9,4,5,0.0010012237178774058
TLMR,Teliamura,91.617734,23.861247,NFR,Tripura,4,2,2,0.00044498831905662476
TELY,Telia,87.0262456,24.8058876,?,Bihar,4,2,2,0.00044498831905662476
SZ,SALAWAS,73.01452424259999,26.139957444700002,NWR,Rajasthan,5,3,2,0.000556235398820781
TB,Tharbitia,86.657383,26.218533,ECR,Bihar,8,4,4,0.0008899766381132495
TNGI,Tungi Halt,85.52720500000001,25.171993,?,Bihar,4,2,2,0.00044498831905662476
TCN,Tiruchendur,78.117118,8.501774,SR,Tamil Nadu,2,1,1,0.00022249415952831238
TRG,Tarighat,83.60210496000946,25.571721452321867,ECR,Uttar Pradesh,2,1,1,0.00022249415952831238
TKYR,TIKARIA,80.86436,24.99538,WCR,Madhya Pradesh,17,11,6,0.0018912003559906554
TLV,TALVADYA,76.4437843848,21.9272990641,WCR,Madhya Pradesh,14,7,7,0.0015574591166981867
TSD,Tahsil Bhadra,75.16145411878824,29.101436164956112,NWR,Rajasthan,4,2,2,0.00044498831905662476
BLNK,BELANKI,74.86933565,16.84890756,CR,Maharashtra,4,2,2,0.00044498831905662476
TR,TARU,74.590775,20.06888,SCR,Maharashtra,7,3,4,0.0007787295583490933
THJ,TALHERI BUZURG,77.64430899999999,29.766916000000002,NR,Uttar Pradesh,8,6,2,0.0008899766381132495
TIA,TILAYA,85.401101,24.821998,ECR,Bihar,7,4,3,0.0007787295583490933
TTR,TIPTUR,76.475987,13.256152,SWR,Karnataka,6,3,3,0.0006674824785849371
TK,TUMKUR,77.10243899999999,13.333033,SWR,Karnataka,8,4,4,0.0008899766381132495
TUN,TOHANA,75.904581,29.7266,NR,Haryana,5,3,2,0.000556235398820781
TKC,THAKURKUCHI,91.9222836917,26.234006114,NFR,Assam,5,2,3,0.000556235398820781
TME,TUTI MELUR,78.145808,8.808373999999999,SR,Tamil Nadu,6,3,3,0.0006674824785849371
TTB,TITABAR,94.199758,26.602048,NFR,Assam,13,7,6,0.0014462120369340306
TKR,TAKARI,74.36337599999999,17.129756,CR,Maharashtra,4,2,2,0.00044498831905662476
TPE,TIRUCHIRAPPALLI PALAKKARAI,78.69366422,10.80725953,SR,Tamil Nadu,4,2,2,0.00044498831905662476
TKLE,Tikani,86.9932459985,25.108394454899997,ER,Bihar,4,2,2,0.00044498831905662476
SRPR,SARUPSAR JN,73.694891,29.353194,NWR,Rajasthan,10,6,4,0.001112470797641562
AYRN,AKSHAYWAT RAI NAGAR,85.31541102290001,25.688767621,ECR,Bihar,6,3,3,0.0006674824785849371
TLGP,Talguppa,74.914093,14.214011,SWR,Karnataka,2,1,1,0.00022249415952831238
TWB,Talwandi,74.92363399999999,30.861364000000002,NR,Punjab,4,2,2,0.00044498831905662476
TQL,Theh Qalandar,74.086947,30.463401,NR,Punjab,4,2,2,0.00044498831905662476
TGU,TARIGOPPULA,80.836307,16.485676,SCR,Andhra Pradesh,6,3,3,0.0006674824785849371
THVM,THIVIM,73.87610400000001,15.62955,KR,Goa,8,5,3,0.0008899766381132495
TKE,Tarikere Junction,75.812209,13.710886,SWR,Karnataka,4,2,2,0.00044498831905662476
TOK,THOKUR,74.829167,12.963579000000001,KR,Karnataka,6,4,2,0.0006674824785849371
TKOT,TOKKOTTU,74.858222,12.818211,SR,Karnataka,10,5,5,0.001112470797641562
TLY,THALASSERY,75.492987,11.75314,SR,Kerala,6,4,2,0.0006674824785849371
TIR,TIRUR,75.92186500000001,10.917757,SR,Kerala,6,3,3,0.0006674824785849371
TRMN,Taramani,80.24008199999999,12.978438,SR,Tamil Nadu,4,2,2,0.00044498831905662476
TGRL,Tangiriapal,85.925812,21.164083,ECoR,Orissa,4,2,2,0.00044498831905662476
THE,Thawe Junction,84.394398,26.438991,NER,Bihar,4,2,2,0.00044498831905662476
TNDE,Thanesar City,76.824336,29.966374000000002,NR,Haryana,5,2,3,0.000556235398820781
TTW,Titwa,80.13844220089999,21.9959060669,SECR,Madhya Pradesh,4,2,2,0.00044498831905662476
TMZ,Tamluk,87.91914399999999,22.275813,SER,West Bengal,6,3,3,0.0006674824785849371
TLC,Talchhapar,74.487037,27.824805,NWR,Rajasthan,4,2,2,0.00044498831905662476
THR,Thara,77.8507402155,26.3568878952,NCR,Madhya Pradesh,4,2,2,0.00044498831905662476
THEA,Thalera,75.73774364929999,25.3152769684,WCR,Rajasthan,4,2,2,0.00044498831905662476
ALJ,ALAI,78.932709,29.143805999999998,NER,Uttarakhand,6,3,3,0.0006674824785849371
UDM,UNDASA MADHAWPU,75.97927499999999,23.087044000000002,WR,Madhya Pradesh,5,3,2,0.000556235398820781
TZR,TURKI ROAD,81.11757300000001,24.548879000000003,WCR,Madhya Pradesh,8,6,2,0.0008899766381132495
UPI,UPLAI,75.642724,18.184369,CR,Maharashtra,4,2,2,0.00044498831905662476
TOD,TALOD,72.94796099999999,23.351347999999998,WR,Gujarat,4,2,2,0.00044498831905662476
BNWC,Bhiwani City,76.1442991,28.825698499999998,NWR,Haryana,4,2,2,0.00044498831905662476
TVR,THIRUVARUR JN,79.63389799999999,10.764347,SR,Tamil Nadu,6,3,3,0.0006674824785849371
TPZ,TAPRI JN,77.58327200000001,29.915727999999998,NR,Uttar Pradesh,11,5,6,0.001223717877405718
UBR,UMBARGAM ROAD,72.79082100000001,20.153499,WR,Gujarat,6,3,3,0.0006674824785849371
TZTB,Tezpore,92.78774656355381,26.617781357717547,NFR,Assam,0,0,0,0.0
UTL,UTARLAI,71.44363799999999,25.788344000000002,NWR,Rajasthan,4,2,2,0.00044498831905662476
TYMR,Tiruvanmiyur,80.25119000000001,12.989302,SR,Tamil Nadu,4,2,2,0.00044498831905662476
TPK,TIPKAI,90.047264,26.295354,NFR,Assam,2,1,1,0.00022249415952831238
TNM,TIRUVANNAMALAI,79.077782,12.238103,SR,Tamil Nadu,4,2,2,0.00044498831905662476
TVN,TIRUPPUVANAM,78.258693,9.821456999999999,SR,Tamil Nadu,5,2,3,0.000556235398820781
TVI,Taradevi,77.139253,31.0758,NR,Himachal Pradesh,4,2,2,0.00044498831905662476
TQN,TIKUNIA,80.981217,28.378823,NER,Uttar Pradesh,8,4,4,0.0008899766381132495
TYAE,TENYA,88.148864,23.822157,ER,West Bengal,4,2,2,0.00044498831905662476
AJU,Arjuni,80.022581618,20.8165878335,SECR,Maharashtra,4,2,2,0.00044498831905662476
TPC,TIRUPPACHETTI,78.344217489,9.773153933800002,SR,Tamil Nadu,5,2,3,0.000556235398820781
TRN,TARAON,83.311179,25.526193,NER,Uttar Pradesh,6,2,4,0.0006674824785849371
TTZ,Tukaithad,76.670581,21.427444,SCR,Maharashtra,4,2,2,0.00044498831905662476
VB,VILLIYAMBAKKAM,79.929175,12.754406,SR,Tamil Nadu,4,2,2,0.00044498831905662476
UCB,UNCHI BASSI,75.643654,31.860857,NR,Punjab,8,3,5,0.0008899766381132495
UJ,UJALVAV,71.705115,21.905096,WR,Gujarat,4,2,2,0.00044498831905662476
TNKU,TANUKU,81.674075,16.752035,SCR,Andhra Pradesh,4,2,2,0.00044498831905662476
TNRU,TENNERU,80.813991,16.488886,SCR,Andhra Pradesh,8,4,4,0.0008899766381132495
TRBE,Tarabari,92.68336699999999,26.436293,NFR,Assam,4,2,2,0.00044498831905662476
TTLA,TETELIA,92.00541,26.135912,NFR,Assam,4,2,2,0.00044498831905662476
UIH,Umaria Ispa Halt,79.08496134640001,22.055305150200002,SECR,Madhya Pradesh,4,2,2,0.00044498831905662476
ULA,Umra Nala,78.879298,21.874783,SECR,Madhya Pradesh,4,2,2,0.00044498831905662476
TXM,TANDAVAPURA,76.678489,12.168831,SWR,Karnataka,4,2,2,0.00044498831905662476
TSL,Taksal,76.954267,30.845271,NR,Himachal Pradesh,4,2,2,0.00044498831905662476
TWV,Thuwavi,73.381517,22.153761,WR,Gujarat,4,2,2,0.00044498831905662476
TSK,Tinsukia Junction,95.356367,27.4864,NFR,Assam,4,2,2,0.00044498831905662476
KDRP,Kandarpur,86.017399,20.396528,ECoR,Orissa,6,3,3,0.0006674824785849371
UB,Uska Bazar,83.12594999999999,27.189993,NER,Uttar Pradesh,4,2,2,0.00044498831905662476
UAM,Udagamandalam,76.694727,11.404584999999999,SR,Tamil Nadu,2,1,1,0.00022249415952831238
TPP,Toppur,78.070201,11.931538000000002,SWR,Tamil Nadu,4,2,2,0.00044498831905662476
VDV,Vadiya Devli,70.853196,21.689791,WR,Gujarat,4,2,2,0.00044498831905662476
UKA,UKHRA,87.232537,23.653692,ER,West Bengal,4,2,2,0.00044498831905662476
UPR,USMANPUR,76.27447,19.532217,SCR,Maharashtra,4,2,2,0.00044498831905662476
UCP,UCHIPPULI,79.01509300000001,9.30813,SR,Tamil Nadu,4,2,2,0.00044498831905662476
UHR,UNCHHERA,80.79457,24.38137,WCR,Madhya Pradesh,10,7,3,0.001112470797641562
UMD,USMANABAD,76.022663,18.248154,CR,Maharashtra,4,2,2,0.00044498831905662476
WGA,WAGHODA,76.08875499999999,21.255951999999997,CR,Madhya Pradesh,6,2,4,0.0006674824785849371
UGR,UGAR KHURD,74.822126,16.669705,SWR,Karnataka,5,3,2,0.000556235398820781
VAE,Vadali,73.04360399999999,23.948406000000002,WR,Gujarat,4,2,2,0.00044498831905662476
VDGN,VADGAON NILA,76.64117200000001,18.929472999999998,SCR,Maharashtra,6,3,3,0.0006674824785849371
WHM,WASHIM,77.147986,20.103101,SCR,Maharashtra,8,4,4,0.0008899766381132495
UOI,UMROLI,72.76033699999999,19.754447000000003,WR,Maharashtra,17,7,10,0.0018912003559906554
VLP,VILE PARLE,72.84363,19.099273999999998,WR,Maharashtra,5,2,3,0.000556235398820781
VRX,VARAHI,71.43129599999999,23.800674,WR,Gujarat,4,2,2,0.00044498831905662476
VAPI,VAPI,72.90912700000001,20.374337999999998,WR,Gujarat,12,6,6,0.0013349649571698743
KRNH,Karanahalli,75.934385,13.667160999999998,SWR,Karnataka,4,2,2,0.00044498831905662476
UVD,UDVADA,72.918698,20.461236,WR,Gujarat,15,9,6,0.0016687061964623428
UD,UDUPI,74.771733,13.336341000000001,KR,Karnataka,5,2,3,0.000556235398820781
VLCY,Velachery,80.21921699999999,12.967092000000001,SR,Tamil Nadu,2,1,1,0.00022249415952831238
VNN,BHANAUR,82.530022,25.573159999999998,NR,Uttar Pradesh,4,2,2,0.00044498831905662476
VDH,VEDCHHA,72.93641500000001,20.874651,WR,Gujarat,6,3,3,0.0006674824785849371
VAL,VADAL,70.492663,21.611243,WR,Gujarat,4,2,2,0.00044498831905662476
VKA,Verka Junction,74.931669,31.665699,NR,Punjab,4,2,2,0.00044498831905662476
UKN,Uklana,75.883133,29.498980000000003,NR,Haryana,4,2,2,0.00044498831905662476
VPN,VIDYAPATINAGAR,85.80234268800001,25.601974857400002,ECR,Bihar,6,4,2,0.0006674824785849371
UPL,UPPALUR,80.780125,16.492803000000002,SCR,Andhra Pradesh,7,4,3,0.0007787295583490933
UNK,UNKAL,75.12425499999999,15.377158999999999,SWR,Karnataka,5,2,3,0.000556235398820781
ULL,ULLAL,74.85477900000001,12.791319999999999,SR,Karnataka,9,5,4,0.0010012237178774058
VTJ,VARTEJ,72.05519899999999,21.746198,WR,Gujarat,4,2,2,0.00044498831905662476
UTN,Uttar Radhanagar Halt,88.383365,22.269458,ER,West Bengal,4,2,2,0.00044498831905662476
VDKS,Vadanam Kurussi Halt,76.252871,10.788139,SR,Kerala,4,2,2,0.00044498831905662476
UNA,Una,71.036053,20.819025,WR,Gujarat,4,2,2,0.00044498831905662476
UHL,Una Himachal,76.27566,31.478782000000002,NR,Himachal Pradesh,2,1,1,0.00022249415952831238
UMH,Umreth,73.119782,22.693375999999997,WR,Gujarat,4,2,2,0.00044498831905662476
UGU,Ugu,80.299391,26.804337999999998,NR,Uttar Pradesh,4,2,2,0.00044498831905662476
VRH,VIRBHADRA,78.251864,30.074509,NR,Uttarakhand,4,2,2,0.00044498831905662476
VSPR,BISHNUPRIYA,88.3552,23.413186,ER,West Bengal,4,2,2,0.00044498831905662476
VEL,Vellanur,78.796975,10.46709,SR,Tamil Nadu,5,3,2,0.000556235398820781
YSI,YEDESHI,75.97657,18.317377999999998,CR,Maharashtra,4,2,2,0.00044498831905662476
VLY,VALLIYUR,77.61399,8.376159999999999,SR,Tamil Nadu,6,3,3,0.0006674824785849371
VT,VELLORE TOWN,79.125213,12.923646999999999,SR,Tamil Nadu,4,2,2,0.00044498831905662476
VKG,Vavadi Khurd,73.502962,22.79511,WR,Gujarat,4,2,2,0.00044498831905662476
WDR,WADIARAM,78.455417,17.972607,SCR,Andhra Pradesh,4,2,2,0.00044498831905662476
VKP,VARAKALPATTU,79.704026,11.765793,SR,Tamil Nadu,4,2,2,0.00044498831905662476
VTV,VALANTARAVAL,78.911814,9.337064,SR,Tamil Nadu,4,2,2,0.00044498831905662476
VQD,VIRAMDAD,69.575526,22.197917,WR,Gujarat,8,4,4,0.0008899766381132495
ABLE,AMBALE,74.171511,18.398719,CR,Maharashtra,4,2,2,0.00044498831905662476
VTN,VAITARNA,72.849578,19.517672,WR,Maharashtra,13,6,7,0.0014462120369340306
VNR,DEVANUR,76.08846,13.439281999999999,SWR,Karnataka,7,4,3,0.0007787295583490933
VKNR,VALMIKINAGAR RD,84.034555,27.195058000000003,ECR,Bihar,7,4,3,0.0007787295583490933
WH,WEST HILL,75.765232,11.28603,SR,Kerala,6,4,2,0.0006674824785849371
VVV,VAVERA,71.441677,21.062395000000002,WR,Gujarat,4,2,2,0.00044498831905662476
VLA,BAVLA,72.36512300000001,22.833389,WR,Gujarat,5,2,3,0.000556235398820781
CAPE,KANYAKUMARI,77.542504,8.088028,SR,Tamil Nadu,14,8,6,0.0015574591166981867
XSAD,SADIPUR HALT,85.596052,24.932654,?,,5,3,2,0.000556235398820781
VNB,Vaniyambalam,76.260513,11.188459,SR,Kerala,4,2,2,0.00044498831905662476
VSU,BISHNUPUR,87.30107100000001,23.065499000000003,SER,West Bengal,6,4,2,0.0006674824785849371
VLL,VELLAYIL,75.77461,11.264509,SR,Kerala,6,2,4,0.0006674824785849371
VJK,VEJALKA,71.719118,22.416769,WR,Gujarat,6,3,3,0.0006674824785849371
VRQ,VIRARAKKIYAM,78.165859,10.939107,SR,Tamil Nadu,5,2,3,0.000556235398820781
ABR,ABU ROAD,72.775695,24.470775,NWR,Rajasthan,7,5,2,0.0007787295583490933
ZKV,Zankhvav,73.31783892586827,21.45148506222334,WR,Gujarat,4,2,2,0.00044498831905662476
YTL,Yavatmal,78.11973326839507,20.387302241829445,CR,Maharashtra,1,0,1,0.00011124707976415619
VPZ,Vailapuzha,76.252495,10.842075999999999,SR,Kerala,4,2,2,0.00044498831905662476
VLDR,Valadar,70.724646,20.967861000000003,WR,Gujarat,4,2,2,0.00044498831905662476
BXA,Balod,81.205261,20.740984,SECR,Chhattisgarh,6,3,3,0.0006674824785849371
YDK,Yedekumeri,75.622206,12.823403,SWR,Karnataka,4,2,2,0.00044498831905662476
VVM,Viravasaram,81.63254,16.542123999999998,SCR,Andhra Pradesh,4,2,2,0.00044498831905662476
VVD,Vavdi,70.793468,21.714204,WR,Gujarat,4,2,2,0.00044498831905662476
YP,ERRUPALEM,80.471049,16.825374,SCR,Andhra Pradesh,18,7,11,0.0020024474357548117
AHD,AHERWADI,75.99559,17.504915,SWR,Karnataka,4,2,2,0.00044498831905662476
YGL,YELGUR,79.74703099999999,17.860901,SCR,Andhra Pradesh,10,3,7,0.001112470797641562
ALMR,ALAMPUR,71.699156,21.944012999999998,WR,Gujarat,4,2,2,0.00044498831905662476
WNG,WANEGAON,77.2501103802,19.1668082025,SCR,Maharashtra,6,3,3,0.0006674824785849371
WANI,WANI,78.962635,20.06638,CR,Maharashtra,5,2,3,0.000556235398820781
BDM,BADAMI,75.6767002,15.958918,SWR,Karnataka,6,3,3,0.0006674824785849371
BGK,BAGALKOT,75.7002383,16.1787931,SWR,Karnataka,5,2,3,0.000556235398820781
AFR,ASAFPUR,78.905957,28.405553,NR,Uttar Pradesh,7,4,3,0.0007787295583490933
WJ,WALAJABAD,79.81836999999999,12.797321,SR,Tamil Nadu,4,2,2,0.00044498831905662476
WSA,Wadsa,79.96351299999999,20.624198,SECR,Maharashtra,4,2,2,0.00044498831905662476
BHTN,BHITONI,79.6740109,23.142728299999998,WCR,Madhya Pradesh,6,3,3,0.0006674824785849371
AMA,ATAMANDA,79.468143,28.58606,NER,Uttar Pradesh,4,2,2,0.00044498831905662476
ZPI,Zampini,80.71400799999999,16.199033,SCR,Andhra Pradesh,4,2,2,0.00044498831905662476
AMVA,AMARAVILA HALT,77.10036199999999,8.397108999999999,SR,Kerala,6,2,4,0.0006674824785849371
ACLE,AZIMGANJ CITY,88.25887100000001,24.237941,ER,West Bengal,8,4,4,0.0008899766381132495
WSJ,WANSJALIYA,69.873569,21.799383000000002,WR,Gujarat,7,3,4,0.0007787295583490933
AHU,Ahirauli,83.03422499999999,27.30686,NER,Uttar Pradesh,4,2,2,0.00044498831905662476
BAY,BELLARY JN,76.921995,15.145135,SWR,Karnataka,7,3,4,0.0007787295583490933
ALB,ALIA BADA,70.210367,22.44677,WR,Gujarat,11,8,3,0.001223717877405718
ATRU,ATRU,76.6702185,24.8821354,WCR,Rajasthan,6,3,3,0.0006674824785849371
WZJ,WAZERGANJ,85.225637,24.813122,ECR,Bihar,6,3,3,0.0006674824785849371
BIX,BHIND,78.77743530000001,26.588904900000003,NCR,Madhya Pradesh,3,1,2,0.0003337412392924686
WKRC,WANKANER CITY,70.956182,22.611810000000002,WR,Gujarat,14,5,9,0.0015574591166981867
BBMN,BARI BRAHMAN,74.916171,32.63896,NR,Jammu and Kashmir,8,3,5,0.0008899766381132495
WENA,Wena,85.5319560193,25.3266239799,ECR,Bihar,4,2,2,0.00044498831905662476
WAB,BALWA,69.961069,21.895867000000003,WR,Gujarat,4,2,2,0.00044498831905662476
BLCA,BLOCK HUT BEAS,75.61447700000001,32.101414,,,4,2,2,0.00044498831905662476
ZB,Zahirabad,77.61021299999999,17.674958,SCR,Andhra Pradesh,4,2,2,0.00044498831905662476
ZP,Zarpur Pali,76.14827000000001,28.281073000000003,NWR,Haryana,4,2,2,0.00044498831905662476
BJN,Bejnal,73.914959,24.983198,NWR,Rajasthan,4,2,2,0.00044498831905662476
BGKT,BHAGAT KI KOTHI,73.0133366,26.2484972,NWR,Rajasthan,7,2,5,0.0007787295583490933
KRNN,Karnauti Halt,85.54704889770001,25.396291565400002,,,0,0,0,0.0
VXM,Vellipalayam,79.843856,10.775837000000001,SR,Tamil Nadu,4,2,2,0.00044498831905662476
AMDI,Amdi Halt,79.31875600000001,21.352410000000003,SECR,Maharashtra,2,1,1,0.00022249415952831238
BISH,Bishengarh,72.5752165,25.448874,NWR,Rajasthan,4,2,2,0.00044498831905662476
YDV,Yadvendranagar,82.75140999999999,25.756558,NER,Uttar Pradesh,4,2,2,0.00044498831905662476
YDP,Yedapalli,77.952866,18.678662,SCR,Andhra Pradesh,4,2,2,0.00044498831905662476
YEAM,Yogendra Dham Halt,81.728543,27.454598,NER,Uttar Pradesh,4,2,2,0.00044498831905662476
AKW,Akora,80.139995,25.613687,NCR,Uttar Pradesh,4,2,2,0.00044498831905662476
ALV,Anklav,72.999264,22.392856,WR,Gujarat,4,2,2,0.00044498831905662476
BSS,BAHADUR SINGH WALA,75.858906,30.319025,NR,Punjab,5,3,2,0.000556235398820781
AZ,AZIMGANJ JN,88.256764,24.219053,ER,West Bengal,8,4,4,0.0008899766381132495
ARAG,ARAG,74.79116400000001,16.823628,CR,Maharashtra,6,3,3,0.0006674824785849371
BEU,Bisheshwarganj,81.833817,27.341282,NER,Uttar Pradesh,4,2,2,0.00044498831905662476
BSI,BASBARI,89.900353,26.184354000000003,NFR,Assam,4,2,2,0.00044498831905662476
BPR,BHOJIPURA JN,79.44724,28.4939826,NER,Uttar Pradesh,9,4,5,0.0010012237178774058
APD,Alipur Duar,89.520667,26.479307000000002,NFR,West Bengal,4,2,2,0.00044498831905662476
BHX,BULLUANA,74.78304,30.217553000000002,NR,Punjab,5,2,3,0.000556235398820781
BIM,BILIMORA JN,72.970474,20.763319,WR,Gujarat,13,5,8,0.0014462120369340306
BKC,BHIKAMKOR,72.78720299999999,26.80763,NWR,Rajasthan,4,2,2,0.00044498831905662476
BMO,BOLARUM,78.5154167,17.5335493,SCR,Andhra Pradesh,4,2,2,0.00044498831905662476
BLZ,BUDHLADA,75.5496866,29.9217422,NR,Punjab,6,3,3,0.0006674824785849371
BHLK,Bhalki,77.228081,18.047011100000002,SCR,Karnataka,4,2,2,0.00044498831905662476
BDU,BADNAPUR,75.722483,19.873979,SCR,Maharashtra,4,2,2,0.00044498831905662476
BMQ,BHIMARLAI,71.88173556,25.89293086,NWR,Rajasthan,4,2,2,0.00044498831905662476
BNP,BHANAPUR,76.036416,15.38694828,SWR,Karnataka,7,5,2,0.0007787295583490933
BLT,BALOTRA JN,72.248683,25.830070999999997,NWR,Rajasthan,4,2,2,0.00044498831905662476
BFV,BAHELIA BUZURG,80.512537,28.046924,NER,Uttar Pradesh,4,2,2,0.00044498831905662476
BHBR,Bathua Bazar,84.2321793958,26.4968303633,NER,Uttar Pradesh,1,0,1,0.00011124707976415619
BTKP,BHARAT KUP,80.76767899999999,25.217166,NCR,Uttar Pradesh,4,2,2,0.00044498831905662476
BIK,BHIRA KHERI,80.486132,28.334799,NER,Uttar Pradesh,6,3,3,0.0006674824785849371
BAOL,BAOLI,77.278015354,29.140457035199997,NR,Uttar Pradesh,4,2,2,0.00044498831905662476
BTX,BELA TAL,79.55448188960001,25.2767862477,NCR,Uttar Pradesh,4,2,2,0.00044498831905662476
BOM,BOMADRA,73.43942509,25.78029392,NWR,Rajasthan,8,5,3,0.0008899766381132495
BSPX,Banspani,85.42341227,22.00024281,SER,Orissa,2,1,1,0.00022249415952831238
BIB,Birpur,77.174223,26.155568000000002,NCR,Rajasthan,4,2,2,0.00044498831905662476
ARU,Arasalu,75.314466,13.999308999999998,SWR,Karnataka,4,2,2,0.00044498831905662476
MPC,Muttampatti,78.152895,11.984107,SWR,Tamil Nadu,4,2,2,0.00044498831905662476
BAJ,Bhalej,73.034499,22.633029999999998,WR,Gujarat,4,2,2,0.00044498831905662476
AWM,Aswapuram,80.80126,17.821267000000002,SCR,Andhra Pradesh,4,2,2,0.00044498831905662476
AVP,Abhanpur Junction,81.74489899999999,21.052203000000002,SECR,Chhattisgarh,6,3,3,0.0006674824785849371
BDXX,Bade Arapur,81.837917,19.011494000000003,ECoR,Chhattisgarh,2,1,1,0.00022249415952831238
BGRD,Beliaghata Road,88.607005,22.674548,ER,West Bengal,2,1,1,0.00022249415952831238
ANI,Ajanti,76.285956,21.893954,WR,Madhya Pradesh,4,2,2,0.00044498831905662476
BUT,BAYTU,71.76868,25.897537999999997,NWR,Rajasthan,4,2,2,0.00044498831905662476
BMGA,BHIMGARA,87.28427905,23.73804814,ER,West Bengal,7,4,3,0.0007787295583490933
BLTR,BELTHARA ROAD,83.841719,26.121418,NER,Uttar Pradesh,4,2,2,0.00044498831905662476
BKNG,BHAKTI NAGAR,70.792278,22.282963,WR,Gujarat,4,2,2,0.00044498831905662476
DEP,Depalsar,74.92033749999999,28.2368573,NWR,Rajasthan,4,2,2,0.00044498831905662476
BKD,Bhankoda,72.1277773999,23.270810878299997,WR,Gujarat,4,2,2,0.00044498831905662476
DHJ,DHINOJ,72.2818798,23.6710024,WR,Gujarat,6,3,3,0.0006674824785849371
BCY,VARANASI CITY,83.0141142,25.3341176,NER,Uttar Pradesh,5,2,3,0.000556235398820781
BNE,BOHANI,78.9159773981,22.9137476381,WCR,Madhya Pradesh,4,2,2,0.00044498831905662476
DDR,MUMBAI DADAR WEST,72.84346500000001,19.019731,WR,Maharashtra,5,2,3,0.000556235398820781
BNC,BANGALORE CANT,77.59932690000001,12.9936735,SWR,Karnataka,7,3,4,0.0007787295583490933
BSPH,BISHANPUR HARYANA,76.323906,29.274012000000003,NR,Haryana,10,3,7,0.001112470797641562
BQY,BELERHAT,88.28291748000001,23.51930706,ER,West Bengal,4,2,2,0.00044498831905662476
DGW,DHIGAWARA,76.613599,27.296265000000002,NWR,Rajasthan,4,2,2,0.00044498831905662476
BXJ,BOKAJAN,93.779466,26.018425999999998,NFR,Assam,12,8,4,0.0013349649571698743
BOJ,BHOJO,95.03240600000001,27.0635982,NFR,Assam,13,6,7,0.0014462120369340306
BDTS,MUMBAI BANDRA TERMINUS,72.840535,19.061911,WR,Maharashtra,14,6,8,0.0015574591166981867
BLPR,Badulipar,93.87912899999999,26.646825,NFR,Assam,4,2,2,0.00044498831905662476
BBC,Bhachhbar,71.044404,25.73181,NWR,Rajasthan,4,2,2,0.00044498831905662476
BNKJ,BANKE GANJ,80.416286,28.158478000000002,NER,Uttar Pradesh,4,2,2,0.00044498831905662476
DIA,Didwana,74.55765600000001,27.406108,NWR,Rajasthan,8,4,4,0.0008899766381132495
BNV,BINNAGURI,89.05239089999999,26.747088299999998,NFR,West Bengal,4,2,2,0.00044498831905662476
DLO,DALGAON,89.136244,26.715384,NFR,West Bengal,6,4,2,0.0006674824785849371
BOKO,BOKO,91.219674,25.999791,NFR,Assam,9,5,4,0.0010012237178774058
DKX,Dudhwakhara,75.16531499999999,28.4587,NWR,Rajasthan,6,3,3,0.0006674824785849371
BRW,Bariwala,74.65895300000001,30.532580000000003,NR,Punjab,4,2,2,0.00044498831905662476
BRAM,BALARAMAPURAM,77.05132087999999,8.430107451,SR,Kerala,4,2,2,0.00044498831905662476
CBU,Chinna Babu Samudram,79.686417,11.919465,SR,Tamil Nadu,6,3,3,0.0006674824785849371
DKBJ,Dahar Ka Balaji,75.765669,26.944321,NWR,Rajasthan,4,2,2,0.00044498831905662476
CAF,Chanda Fort,79.3122585,19.9400612,SECR,Maharashtra,4,2,2,0.00044498831905662476
BRMP,Biramitrapur,84.7369583,22.3971312,SER,Orissa,2,1,1,0.00022249415952831238
BJY,Bangalbaree,88.22942499999999,25.626454,NFR,West Bengal,4,2,2,0.00044498831905662476
DMW,Dalmau Junction,81.05365,26.075249999999997,NR,Uttar Pradesh,6,3,3,0.0006674824785849371
BRDT,BERIA DAULAT,79.210042,29.13221,NER,Uttarakhand,4,2,2,0.00044498831905662476
DUM,DHAURMUI JAGHNA,77.53653800000001,27.292281,WCR,Rajasthan,7,4,3,0.0007787295583490933
ALK,ALAKKUDI,79.0537095,10.77766297,SR,Tamil Nadu,4,2,2,0.00044498831905662476
BHNS,Bhansi,81.26535758,18.77690197,ECoR,Chhattisgarh,2,1,1,0.00022249415952831238
DY,DUMARIYA,77.234121,26.864673,WCR,Rajasthan,8,4,4,0.0008899766381132495
GLNA,GULANA,76.564974,27.10333,NWR,Rajasthan,4,2,2,0.00044498831905662476
BWR,BARWA SAGAR,78.731628,25.351848,NCR,Uttar Pradesh,4,2,2,0.00044498831905662476
CDI,CHANDNI,76.350657,21.427163999999998,CR,Madhya Pradesh,10,6,4,0.001112470797641562
BUBT,BURAHA BHARTHA,78.67032900000001,27.108219,NCR,Uttar Pradesh,4,2,2,0.00044498831905662476
GHG,GHAGGHAR,76.84804777400001,30.6111449411,NR,Punjab,5,3,2,0.000556235398820781
GGR,GANGRAR,74.624757,25.061279000000003,NWR,Rajasthan,4,2,2,0.00044498831905662476
DJA,DAOTUHAJA,93.162162,25.227501,NFR,Assam,5,2,3,0.000556235398820781
DHP,DICHPALLI,78.194667,18.613288,SCR,Andhra Pradesh,4,2,2,0.00044498831905662476
DMA,DAMODAR JUNCTION,86.908517,23.651021,SER,West Bengal,4,2,2,0.00044498831905662476
BYD,BYADGI,75.4900954675,14.6997230018,SWR,Karnataka,6,3,3,0.0006674824785849371
ARCL,ARUNACHAL,92.742995,24.855593,NFR,Assam,8,4,4,0.0008899766381132495
BZ,BHARUR,75.8156104224,30.165006839,NR,Punjab,5,2,3,0.000556235398820781
GIN,GINIGERA,76.247613,15.348226,SWR,Karnataka,4,2,2,0.00044498831905662476
BVR,BANAVAR,76.1400537476,13.395698823,SWR,Karnataka,6,4,2,0.0006674824785849371
DPRA,DHUP DHARA,91.066009,25.979779,NFR,Assam,6,3,3,0.0006674824785849371
DWR,DHARWAR,75.004552,15.440386,SWR,Karnataka,8,2,6,0.0008899766381132495
DNPR,Dhanpura,72.212366,23.453415,WR,Gujarat,4,2,2,0.00044498831905662476
FKG,FURKATING JN,94.00269200000001,26.465652000000002,NFR,Assam,10,4,6,0.001112470797641562
BWB,BAGWALI,74.772519,30.033151999999998,NWR,Punjab,6,3,3,0.0006674824785849371
BVP,BHAVANAGAR PARA,72.11868199999999,21.770889999999998,WR,Gujarat,6,3,3,0.0006674824785849371
BVC,BHAVNAGAR TERMINUS,72.141059,21.781668,WR,Gujarat,5,3,2,0.000556235398820781
DOY,Dornahalli,76.42625,12.433086000000001,SWR,Karnataka,4,2,2,0.00044498831905662476
BXY,Bordhal,78.348164,21.997011,CR,Madhya Pradesh,4,2,2,0.00044498831905662476
DGHA,Digha Flag Station,87.507655,21.622377,?,West Bengal,2,1,1,0.00022249415952831238
KRNR,Krishnarajanagara,76.38862689999999,12.4454105,SWR,Karnataka,8,4,4,0.0008899766381132495
GTP,Ghatpuri,79.20593600000001,28.125245999999997,NER,Uttar Pradesh,4,2,2,0.00044498831905662476
DLX,Dalimgaon,88.38629999999999,25.640548000000003,NFR,West Bengal,5,2,3,0.000556235398820781
BSLA,Bhasila,88.65854499999999,22.665494000000002,ER,West Bengal,2,1,1,0.00022249415952831238
DJKR,Dolaji Ka Khera,73.882498,25.537166,NWR,Rajasthan,4,2,2,0.00044498831905662476
GUU,GUNDRATIMADUGU,80.079953,17.532281,SCR,Andhra Pradesh,13,6,7,0.0014462120369340306
FSP,FATEH SINGHPURA,77.1469610779,26.8216101334,WCR,Rajasthan,11,5,6,0.001223717877405718
DRA,DULARIA,77.654362,22.575660999999997,WCR,Madhya Pradesh,7,4,3,0.0007787295583490933
SKDM,SIKRODA MINA,77.002212,26.722854,,,6,3,3,0.0006674824785849371
GNR,GADIGANURU,76.599178,15.219036000000001,SWR,Karnataka,5,3,2,0.000556235398820781
DRSN,DHURWASIN,81.845641,23.129052,SECR,Madhya Pradesh,4,2,2,0.00044498831905662476
GUP,GAURIPUR,89.952056,26.078321,NFR,Assam,4,2,2,0.00044498831905662476
GALE,GANKAR,88.07289439819999,24.404804119599998,ER,West Bengal,8,4,4,0.0008899766381132495
HKL,HARKIA KHAL,74.91966500000001,24.363234000000002,WR,Rajasthan,4,2,2,0.00044498831905662476
GDPL,GUNDLA POCHAMPALLI,78.488371,17.568097,SCR,Andhra Pradesh,4,2,2,0.00044498831905662476
FLM,Falimari,89.5868746,26.0707762,NFR,West Bengal,2,1,1,0.00022249415952831238
J,JALNA,75.893142,19.830781,SCR,Maharashtra,4,2,2,0.00044498831905662476
JGD,Jagadishpur,86.525172,24.273027000000003,ER,Jharkhand,8,4,4,0.0008899766381132495
GTWD,Ghatwad,70.74961099999999,20.92654,WR,Gujarat,4,2,2,0.00044498831905662476
GNB,JNANA BHARTI HALT,77.511242,12.935329000000001,SWR,Karnataka,6,3,3,0.0006674824785849371
GHNA,GOHANA,76.68937799999999,29.140297,NR,Haryana,10,5,5,0.001112470797641562
DWI,DINGWAHI,80.414159,25.416805,NCR,Uttar Pradesh,4,2,2,0.00044498831905662476
GLBN,GUJRAN BALWA,77.301364624,29.4068014069,NR,Uttar Pradesh,5,3,2,0.000556235398820781
DSR,DHANSIRI,93.613598,25.810836,NFR,Nagaland,10,4,6,0.001112470797641562
GK,GOLA GOKARANATH,80.475468,28.084651,NER,Uttar Pradesh,8,4,4,0.0008899766381132495
DZA,DASUYA,75.657932,31.80853,NR,Punjab,7,3,4,0.0007787295583490933
SRPJ,SWARUPGANJ,72.9319259351,24.6581702628,NWR,Rajasthan,4,2,2,0.00044498831905662476
HNS,Hansi,75.94724099999999,29.088276999999998,NWR,Haryana,4,2,2,0.00044498831905662476
HYL,Hadyal,75.26504100000001,28.526882999999998,NWR,Rajasthan,4,2,2,0.00044498831905662476
GDO,Goverdhan,77.46164300000001,27.520546,NCR,Uttar Pradesh,4,2,2,0.00044498831905662476
JBS,Jadoli Ka Bas,76.880759,27.539231,NCR,Rajasthan,4,2,2,0.00044498831905662476
FZP,Firozpur City,74.600792,30.962007,NR,Punjab,4,2,2,0.00044498831905662476
EKN,Ezhukone,76.715068,8.979142999999999,SR,Kerala,4,2,2,0.00044498831905662476
GSR,Garhshankar,76.14241700000001,31.21799,NR,Punjab,2,1,1,0.00022249415952831238
GOPA,Ghosipura,78.150553,26.215133,NCR,Madhya Pradesh,4,2,2,0.00044498831905662476
URGA,Urga,82.736062,22.265791999999998,SECR,Chhattisgarh,4,2,2,0.00044498831905662476
GGV,Ghovarash Ghona,88.78289199999999,22.651678,ER,West Bengal,2,1,1,0.00022249415952831238
GRMR,Garhi Manikpur,81.40315299999999,25.786329,NR,Uttar Pradesh,4,2,2,0.00044498831905662476
DTQ,Dantarda Kalan,76.71403099999999,25.763299999999997,NCR,Madhya Pradesh,4,2,2,0.00044498831905662476
JLQ,JALPUR,78.870355,29.012363999999998,?,Uttar Pradesh,4,2,2,0.00044498831905662476
HRV,HARRAD,81.90404000000001,23.161136,SECR,Madhya Pradesh,4,2,2,0.00044498831905662476
HRNR,HIRA NAGAR,75.268733,32.487007000000006,NR,Jammu and Kashmir,8,4,4,0.0008899766381132495
JKM,JANKAMPET JN,78.05386,18.70264,SCR,Andhra Pradesh,7,4,3,0.0007787295583490933
JOC,JOYCHANDI PAHAR,86.68033899999999,23.516393,SER,West Bengal,6,3,3,0.0006674824785849371
HIR,HARINAGAR,84.324507,27.156647,ECR,Bihar,7,3,4,0.0007787295583490933
JCNR,JUCHANDRA,72.87245142,19.35986171,CR,Maharashtra,17,11,6,0.0018912003559906554
JKNI,Jharkhandi,82.17975597290001,27.4330507545,NER,Uttar Pradesh,4,2,2,0.00044498831905662476
HAD,HARIPPAD,76.46222900000001,9.279602,SR,Kerala,8,3,5,0.0008899766381132495
HMPR,HURMUJPUR HALT,83.35227499999999,25.721525,CR,Maharashtra,6,3,3,0.0006674824785849371
JIL,JALILA ROAD,71.820315,22.23946,WR,Gujarat,4,2,2,0.00044498831905662476
ITE,Intiyathok,82.0254415802,27.275552861799998,NER,Uttar Pradesh,6,3,3,0.0006674824785849371
JALD,JALIYA DEVANI,70.399597,22.420182999999998,WR,Gujarat,12,5,7,0.0013349649571698743
KDQ,KADIPUR,83.09130300000001,25.44872,NER,Uttar Pradesh,4,2,2,0.00044498831905662476
IDGJ,IRADATGANJ,81.81928099999999,25.317889,NCR,Uttar Pradesh,15,8,7,0.0016687061964623428
HM,HADMATIYA JN,70.47043762019999,22.4279053359,WR,Gujarat,16,8,8,0.001779953276226499
JGE,JAGANNATH TEMPLE GATE,75.507837,11.737975,SR,Kerala,6,2,4,0.0006674824785849371
HATI,HATI,80.843299,24.68924,WCR,Madhya Pradesh,8,5,3,0.0008899766381132495
HLK,HOLALKERE,76.1300544724,14.038157957300001,SWR,Karnataka,6,3,3,0.0006674824785849371
JSV,JARANDESHWAR,74.0773198273,17.7507667858,CR,Maharashtra,7,4,3,0.0007787295583490933
KCI,Kallkiri,78.801131,13.643625,SCR,Andhra Pradesh,4,2,2,0.00044498831905662476
KRNU,KONANUR,76.809835,12.025333999999999,SWR,Karnataka,4,2,2,0.00044498831905662476
KEX,KHEKRA,77.288916,28.871499999999997,NR,Uttar Pradesh,4,2,2,0.00044498831905662476
SWNI,Siwani,75.6040669287,28.9148353709,NWR,Rajasthan,4,2,2,0.00044498831905662476
JRT,JARTI,82.66510099999999,18.890456,?,Orissa,4,2,2,0.00044498831905662476
HDK,HANDIA KHAS,82.18941,25.357472,NER,Uttar Pradesh,5,2,3,0.000556235398820781
JJP,Jhanjharpur,86.267833,26.228493,?,Bihar,6,3,3,0.0006674824785849371
JRKN,Jorkian,74.2221512,29.8325238,NWR,Rajasthan,2,1,1,0.00022249415952831238
KCV,Krishnachandrapur,86.82005,21.824613,SER,Orissa,4,2,2,0.00044498831905662476
JSC,Jalesar City,78.30634,27.459871,NCR,Uttar Pradesh,4,2,2,0.00044498831905662476
HRO,Harua Road,88.689994,22.661628,ER,West Bengal,2,1,1,0.00022249415952831238
ASTG,Astegaon,77.927221,21.296402,,,0,0,0,0.0
IKR,Iklehra,78.711385,22.207929,CR,Madhya Pradesh,4,2,2,0.00044498831905662476
JKZ,Jitakheri,75.9873709528,29.0117786412,?,Haryana,4,2,2,0.00044498831905662476
HHT,Habanghata,76.2495220447,13.226848573,SWR,Karnataka,4,2,2,0.00044498831905662476
KLM,KADLIMATTI,75.796092,16.236489,SWR,Karnataka,4,2,2,0.00044498831905662476
KDHA,KARCHHA,75.9098425183,23.1048189579,WR,Madhya Pradesh,4,2,2,0.00044498831905662476
KDF,KHUNDAUR,82.01505399999999,26.020077,NR,Uttar Pradesh,4,2,2,0.00044498831905662476
KJU,KUNTIGHAT,88.413149,23.016799000000002,ER,West Bengal,5,2,3,0.000556235398820781
KTPK,KOTHA PAKKI,73.966186,30.143767,NR,Rajasthan,4,2,2,0.00044498831905662476
KLWL,KILANWALI PUNJAB,74.11242,30.137221,NR,Punjab,4,2,2,0.00044498831905662476
KHRS,KHARESHWAR ROAD,71.9804719385,23.0627851439,WR,Gujarat,10,4,6,0.001112470797641562
KCP,Kalgupur,77.19175,18.163878,SCR,Karnataka,4,2,2,0.00044498831905662476
KJTW,KAJGAON TERHWAN,82.70545000000001,25.685669,NR,Uttar Pradesh,4,2,2,0.00044498831905662476
KIP,KHALILPUR,76.67836199999999,28.274856,NR,Haryana,4,2,2,0.00044498831905662476
KHU,KHURHAND,80.49498,25.352584,NCR,Uttar Pradesh,4,2,2,0.00044498831905662476
KAW,KHAJRI,77.617075,25.563233999999998,WCR,Madhya Pradesh,7,3,4,0.0007787295583490933
KOV,KIRLOSKARVADI,74.41635799999999,17.084152,CR,Maharashtra,4,2,2,0.00044498831905662476
KDJR,Kendujhargarh,85.62690500000001,21.66029,ECoR,Orissa,4,2,2,0.00044498831905662476
TKRA,Tikra Ph,87.531081,21.664080000000002,?,West Bengal,4,2,2,0.00044498831905662476
KHMA,Khatima,79.969431,28.915440999999998,NER,Uttarakhand,4,2,2,0.00044498831905662476
KRW,KHARWA,74.42653,26.204383999999997,NWR,Rajasthan,4,2,2,0.00044498831905662476
KMDR,KARIMUDDIN PUR,83.860581,25.700369000000002,NER,Uttar Pradesh,9,5,4,0.0010012237178774058
KRD,KARAD,74.215686,17.310011,CR,Maharashtra,8,4,4,0.0008899766381132495
KMAH,KAMATHE,73.515552,17.477292,KR,Maharashtra,7,3,4,0.0007787295583490933
KLDI,KALDHARI,81.678046,16.837853,SCR,Andhra Pradesh,4,2,2,0.00044498831905662476
KMP,KAMLAPUR,80.822278,27.378437,NER,Uttar Pradesh,10,5,5,0.001112470797641562
KN,KADALUNDI,75.82803299999999,11.133481,SR,Kerala,6,4,2,0.0006674824785849371
KFK,KATKA,82.634249,25.250251,NER,Uttar Pradesh,5,2,3,0.000556235398820781
KKLU,Kaklur,81.619792,18.883305,ECoR,Chhattisgarh,2,1,1,0.00022249415952831238
JVL,Jamwala,70.772358,20.971057,WR,Gujarat,4,2,2,0.00044498831905662476
KOF,Marwar Kori,72.2738395703,24.9119408017,NWR,Rajasthan,4,2,2,0.00044498831905662476
JTV,Jetalvad,70.82471799999999,21.35276,WR,Gujarat,4,2,2,0.00044498831905662476
KLSX,Kaulseri,75.941435,30.369503,NR,Punjab,4,2,2,0.00044498831905662476
KNJ,Krishnanagar City Junction,88.493636,23.388714,ER,West Bengal,5,3,2,0.000556235398820781
KTK,KYATANEAKERI RD,75.821206,17.05336,SWR,Karnataka,4,2,2,0.00044498831905662476
LNK,LOHIAN KHAS JN,75.196445,31.165462,NR,Punjab,8,4,4,0.0008899766381132495
LSD,LUSADIYA,73.421111,23.685409999999997,NWR,Gujarat,6,3,3,0.0006674824785849371
SPPR,SHUDNIPUR,82.64049800000001,25.626255,NR,Uttar Pradesh,4,2,2,0.00044498831905662476
LGT,LANGTING,93.110265,25.49759,NFR,Assam,5,3,2,0.000556235398820781
KRR,KARUR,78.085087,10.965642,SR,Tamil Nadu,7,4,3,0.0007787295583490933
KWMD,KUMBHAWAS MUNDA,76.660871,28.255391,NR,Haryana,4,2,2,0.00044498831905662476
KU,KULIKARAI,79.579324,10.766395,SR,Tamil Nadu,4,2,2,0.00044498831905662476
KRTL,Kartauli,79.42761829999999,28.3110435,NER,Uttar Pradesh,4,2,2,0.00044498831905662476
KUND,Kund,76.39848079709999,28.145183762800002,NWR,Haryana,6,3,3,0.0006674824785849371
MCQ,MIRCHADHORI,82.793413,24.291847,ECR,Madhya Pradesh,5,2,3,0.000556235398820781
KSNR,KHUSHAL NAGAR,83.6983925134,26.9877753343,NER,Uttar Pradesh,4,2,2,0.00044498831905662476
KYNT,KALYANKOT,73.637024,29.298804999999998,NWR,Rajasthan,8,4,4,0.0008899766381132495
LXR,LUNSERIYA,71.036258,22.585491,WR,Gujarat,10,6,4,0.001112470797641562
LP,LALAPET,78.339233,10.95132,SR,Tamil Nadu,4,2,2,0.00044498831905662476
KQL,KANDHLA,77.293239,29.324701,NR,Uttar Pradesh,5,2,3,0.000556235398820781
KZI,KHANDRAWALI,77.2938848779,29.382584655000002,NR,Uttar Pradesh,4,2,2,0.00044498831905662476
KXL,KAMARBANDHA ALI,94.056352,26.529561,NFR,Assam,11,6,5,0.001223717877405718
LGH,LALGARH JN,73.313909,28.043638,NWR,Rajasthan,7,4,3,0.0007787295583490933
LH,LAHING,94.4371491022,26.7412013647,NFR,Assam,12,7,5,0.0013349649571698743
KRKD,KARAKKAD,76.227856,10.782804,SR,Kerala,7,4,3,0.0007787295583490933
LMP,LAKHIMPUR,80.777625,27.947414,NER,Uttar Pradesh,8,5,3,0.0008899766381132495
MBB,Murshidabad,88.281598,24.176963999999998,ER,West Bengal,8,4,4,0.0008899766381132495
KUX,Khirsadoh Junction,78.798394,22.140449999999998,CR,Madhya Pradesh,4,2,2,0.00044498831905662476
KWGN,Kawargaon,81.53352199999999,18.896086,ECoR,Chhattisgarh,2,1,1,0.00022249415952831238
LBW,Laiburwa Halt,82.4683445782,27.5260420401,NER,Uttar Pradesh,4,2,2,0.00044498831905662476
MLGH,Mandalgarh,75.08094,25.194176,WCR,Rajasthan,4,2,2,0.00044498831905662476
LAU,Ladnun,74.4056,27.64255,NWR,Rajasthan,8,4,4,0.0008899766381132495
MLKA,Maluka,85.672936,22.202912,SER,Jharkhand,4,2,2,0.00044498831905662476
MLZ,MALARNA,76.534634,26.231078,WCR,Rajasthan,6,4,2,0.0006674824785849371
MPJ,Madanpur,88.489717,23.005927999999997,ER,West Bengal,4,2,2,0.00044498831905662476
MPT,Mangalampeta,79.074022,13.568344,SCR,Andhra Pradesh,4,2,2,0.00044498831905662476
MCV,MACHARYA,78.80370199999999,28.772575,NR,Uttar Pradesh,4,2,2,0.00044498831905662476
MDSA,Modasa,73.304944,23.451923,WR,Gujarat,2,1,1,0.00022249415952831238
MFJ,Muftiganj,82.827774,25.700913,NER,Uttar Pradesh,8,4,4,0.0008899766381132495
MOMU,Molakalmuru,76.74572699999999,14.709669,SWR,Karnataka,4,2,2,0.00044498831905662476
MOT,MALOUT,74.49550799999999,30.184671,NR,Punjab,4,2,2,0.00044498831905662476
MMP,MAMBALAPPATTU JN,79.37390499,11.95223333,SR,Tamil Nadu,5,2,3,0.000556235398820781
MFX,MADARAHA,81.764284,25.273637,NCR,Uttar Pradesh,6,4,2,0.0006674824785849371
MJHR,MAJHIARI,81.5188330261,25.1789843066,NCR,Uttar Pradesh,10,4,6,0.001112470797641562
MJG,MAJHAGAWAN,80.811656,24.913389000000002,WCR,Madhya Pradesh,12,7,5,0.0013349649571698743
MQZ,MOTA JADRA,71.704462,21.082538000000003,WR,Gujarat,4,2,2,0.00044498831905662476
MNKN,MANIKALAN HALT,82.691157,25.917549,NR,Uttar Pradesh,12,6,6,0.0013349649571698743
MOG,MOHIUDDINNAGAR,85.70332322690001,25.606296391399997,ECR,Bihar,7,3,4,0.0007787295583490933
MGC,MUGAT,77.427262,19.17485,SCR,Maharashtra,4,2,2,0.00044498831905662476
MVI,MORBI,70.829277,22.825342,WR,Gujarat,4,2,2,0.00044498831905662476
MOB,MANOHARABAD,78.45439599999999,17.75573,SCR,Andhra Pradesh,5,2,3,0.000556235398820781
MLW,Mallanwan,80.1583349207,27.0362379616,NR,Uttar Pradesh,6,3,3,0.0006674824785849371
MPN,Madhyampur,88.896007,22.619981,ER,West Bengal,2,1,1,0.00022249415952831238
MDLL,MUDDALINGAHALLI,77.3047403595,13.2391442032,SWR,Karnataka,6,3,3,0.0006674824785849371
MAQ,MANGALORE CNTL,74.844068,12.862325,SR,Karnataka,6,3,3,0.0006674824785849371
MBP,MOHIBULLAPUR,80.938923,26.909235,NER,Uttar Pradesh,9,3,6,0.0010012237178774058
MANW,MANWA,80.849604,27.218852,NER,Uttar Pradesh,4,2,2,0.00044498831905662476
MGLP,MANGOLPURI,77.0905744531,28.6832457826,NR,Delhi NCT,5,3,2,0.000556235398820781
MLAR,MALANPUR,78.27281099999999,26.413117999999997,NCR,Madhya Pradesh,6,3,3,0.0006674824785849371
MHF,Mohari Junction,77.55378492,26.70055271,NCR,Rajasthan,6,3,3,0.0006674824785849371
MEJ,VANCHIMANIYACHI,77.890651,8.882102999999999,SR,Tamil Nadu,12,6,6,0.0013349649571698743
MTPR,Raimehatpur,76.32431100000001,31.405746999999998,NR,Himachal Pradesh,4,2,2,0.00044498831905662476
MNSR,MANAKSAR,74.383621,29.680074,NWR,Rajasthan,6,3,3,0.0006674824785849371
MRZA,MIRZA,91.51740114900001,26.0727512878,NFR,Assam,6,2,4,0.0006674824785849371
MJ,MARWAR JN,73.609301,25.720478999999997,NWR,Rajasthan,13,7,6,0.0014462120369340306
MRDD,Mordar,76.44924400000001,21.74264,SCR,Madhya Pradesh,4,2,2,0.00044498831905662476
MWK,Mordad Tanda,74.904782,20.688190000000002,CR,Maharashtra,4,2,2,0.00044498831905662476
MHRG,Mahendragarh,76.14863000000001,28.281433000000003,NWR,Haryana,4,2,2,0.00044498831905662476
MUV,MANDUADIH,82.972079,25.300001,NER,Uttar Pradesh,5,2,3,0.000556235398820781
MKT,Mukhtiar Balwar,75.973751,22.398362,WR,Madhya Pradesh,4,2,2,0.00044498831905662476
MEKM,Melakkonnakkulam,78.46655700000001,9.724592999999999,SR,Tamil Nadu,4,2,2,0.00044498831905662476
MJZ,Majhola Pakarya,79.899341,28.831681000000003,NER,Uttarakhand,4,2,2,0.00044498831905662476
MGWD,Mahngarwal Doaba,76.088969,31.325405,NR,Punjab,2,1,1,0.00022249415952831238
MKM,Marikuppam,78.263789,12.918968,SWR,Karnataka,2,1,1,0.00022249415952831238
MVW,Mallividu,83.17285799999999,17.971931,ECoR,Andhra Pradesh,2,1,1,0.00022249415952831238
MYD,MANDERDISA,93.123109,25.707319,NFR,Assam,5,3,2,0.000556235398820781
NKD,NEKONDA,79.80459300000001,17.794877999999997,SCR,Andhra Pradesh,10,5,5,0.001112470797641562
NRNR,Nurnagar,77.71298900000001,28.915414000000002,NR,Uttar Pradesh,6,3,3,0.0006674824785849371
PBW,PANTNAGAR,79.51778,29.017708,NER,Uttarakhand,6,3,3,0.0006674824785849371
NDBT,NANDPUR BHATAULI,76.115499,32.013177,NR,Himachal Pradesh,5,2,3,0.000556235398820781
NRVR,NARAINA VIHAR,77.1415966599,28.6376790996,NR,Delhi NCT,4,2,2,0.00044498831905662476
MXR,MAHUR,93.126299,25.187996,NFR,Assam,7,4,3,0.0007787295583490933
MZGI,MANZURGARHI,78.10663,27.964290000000002,NCR,Uttar Pradesh,4,2,2,0.00044498831905662476
SURI,SIURI,87.5327,23.890185,ER,West Bengal,4,2,2,0.00044498831905662476
MTA,MATHELA,76.38997105099999,21.8802561555,WCR,Madhya Pradesh,11,5,6,0.001223717877405718
NLI,NAMLI,75.067161,23.455521,WR,Madhya Pradesh,4,2,2,0.00044498831905662476
NBH,NIMBAHERA,74.694312,24.623252,WR,Rajasthan,4,2,2,0.00044498831905662476
NNE,NONERA,78.333363,26.437569,NCR,Madhya Pradesh,6,3,3,0.0006674824785849371
NCJ,NAGERCOIL JN,77.44347,8.17385,SR,Tamil Nadu,16,9,7,0.001779953276226499
NB,NIMBHORA,75.975186,21.160781,CR,Maharashtra,6,2,4,0.0006674824785849371
NEW,NIVARI,78.82007,25.328061,NCR,Uttar Pradesh,5,2,3,0.000556235398820781
RSWN,RAMESHWAR NAGAR,84.520106,26.980403000000003,,,6,3,3,0.0006674824785849371
NVF,NAGAVANGALA,75.98716300000001,13.661093,SWR,Karnataka,7,4,3,0.0007787295583490933
MZA,MEZENGA S,94.679344,26.884475000000002,NFR,Assam,15,7,8,0.0016687061964623428
NWH,Nawalgarh,75.24608317762613,27.844017432134876,NWR,Rajasthan,4,2,2,0.00044498831905662476
NHK,NAHARKATIYA,95.32977500000001,27.289403,NFR,Assam,9,4,5,0.0010012237178774058
NDW,Nadwan,85.0656737195,25.3966869286,ECR,Bihar,8,4,4,0.0008899766381132495
MUGR,Manuguru,80.799034,17.925272,SCR,Andhra Pradesh,4,2,2,0.00044498831905662476
NNNL,NANDANI LAGUNIA,85.6313754486,25.6254080511,ECR,Bihar,4,2,2,0.00044498831905662476
MTNL,MUTTARASANALLUR,78.648401,10.865860000000001,SR,Tamil Nadu,4,2,2,0.00044498831905662476
NRI,NARAINA,75.193029,26.796463999999997,NWR,Rajasthan,8,4,4,0.0008899766381132495
NIDI,NIDI,73.106567,18.472247,CR,Maharashtra,7,4,3,0.0007787295583490933
NTU,NIGATPUR,82.758511,25.251216000000003,NER,Uttar Pradesh,6,3,3,0.0006674824785849371
NIV,NIVASAR,73.454552,16.946588000000002,KR,Maharashtra,11,5,6,0.001223717877405718
PDD,PADUBIDRI,74.76816500000001,13.197027,KR,Karnataka,8,6,2,0.0008899766381132495
NBU,NARASAMBUDHI,76.70180500000001,12.104692,SWR,Karnataka,4,2,2,0.00044498831905662476
NAG,NAGARGALI,74.6213530695,15.424554374700001,SWR,Karnataka,6,4,2,0.0006674824785849371
NGW,Nauganwan,75.1892654,23.414388,WR,Madhya Pradesh,4,2,2,0.00044498831905662476
NUH,Naugarh,83.08829899999999,27.275029999999997,NER,Uttar Pradesh,4,2,2,0.00044498831905662476
PDPH,Padapahar Junction,85.545961,22.156554999999997,SER,Jharkhand,4,2,2,0.00044498831905662476
NIP,Nizampur,76.0107869,27.9667684942,NWR,Rajasthan,8,4,4,0.0008899766381132495
PPY,PAPATAPALLI,80.175744,17.373688,SCR,Andhra Pradesh,9,4,5,0.0010012237178774058
PHRH,PANCH RUKHI,76.564492,32.056252,NR,Himachal Pradesh,9,5,4,0.0010012237178774058
PUL,RAMPURA PHUL,75.23737999999999,30.269357000000003,NR,Punjab,4,2,2,0.00044498831905662476
RBGJ,ROBERTS GANJ,83.077822,24.683136,NCR,Uttar Pradesh,8,4,4,0.0008899766381132495
POKL,PEOKOL,83.930204,26.340803,NER,Uttar Pradesh,4,2,2,0.00044498831905662476
RDD,RIKHABDEV ROAD,73.74805500000001,23.997173,NWR,Rajasthan,8,4,4,0.0008899766381132495
PPC,PIPRAICH,83.535848,26.828307,NER,Uttar Pradesh,6,3,3,0.0006674824785849371
RGO,ROTEGAON,74.75787,19.956132,SCR,Maharashtra,5,3,2,0.000556235398820781
RMJK,RAM NAGAR J K,75.14542599999999,32.863528,NR,Jammu and Kashmir,6,3,3,0.0006674824785849371
PRL,POLUR,79.13055800000001,12.511327000000001,SR,Tamil Nadu,4,2,2,0.00044498831905662476
PMKT,PIMPALKHUTI,78.581025,19.829473,CR,Maharashtra,7,3,4,0.0007787295583490933
PRT,PANRUTI,79.555153,11.773239,SR,Tamil Nadu,4,2,2,0.00044498831905662476
PAD,PARDI,72.92431099999999,20.513153,WR,Gujarat,13,4,9,0.0014462120369340306
PFM,PHAPHAMAU JN,81.866406,25.524255999999998,NR,Uttar Pradesh,10,5,5,0.001112470797641562
PDV,PANDARAVADAI,79.242126,10.913696,SR,Tamil Nadu,4,2,2,0.00044498831905662476
PNHI,PANHAI,81.189495,25.081679,NCR,Uttar Pradesh,10,5,5,0.001112470797641562
NWMS,NOAPARA MAHISHA,88.13727399999999,24.323279,ER,West Bengal,4,2,2,0.00044498831905662476
PNB,PANBARI,91.951417,26.226727,NFR,Assam,4,2,2,0.00044498831905662476
ODB,OODLABARI,88.624639,26.866793,NFR,West Bengal,5,3,2,0.000556235398820781
PNU,PALANPUR JN,72.430172,24.174433,WR,Gujarat,7,3,4,0.0007787295583490933
PLSG,Palasingi,83.805056,19.014074,ECoR,Andhra Pradesh,4,2,2,0.00044498831905662476
PUX,Parasia,78.76432,22.193186,CR,Madhya Pradesh,4,2,2,0.00044498831905662476
PKQ,Pattikkad,76.23179499999999,11.020627,SR,Kerala,4,2,2,0.00044498831905662476
PDSN,Peddasana,84.18448500000001,18.593147,ECoR,Andhra Pradesh,4,2,2,0.00044498831905662476
PTD,Petlad Junction,72.9294731,22.5452909,WR,Gujarat,4,2,2,0.00044498831905662476
PCLI,Palachauri,78.659087,22.201012,CR,Madhya Pradesh,4,2,2,0.00044498831905662476
PLA,Palia,75.79984999999999,22.829589000000002,WR,Madhya Pradesh,4,2,2,0.00044498831905662476
SB04,Mana,81.689931,21.21457,?,Chhattisgarh,4,2,2,0.00044498831905662476
RHN,ROSHANPUR,78.887727,29.046556,NER,Uttar Pradesh,10,5,5,0.001112470797641562
RNT,RANTHAMBHORE,76.41000100000001,26.093062999999997,WCR,Rajasthan,7,3,4,0.0007787295583490933
SAGM,SAGMA,80.828347,24.622107,WCR,Madhya Pradesh,7,3,4,0.0007787295583490933
RUI,Rukni,86.548025,23.551806,SER,West Bengal,4,2,2,0.00044498831905662476
RV,RAVER,76.044594,21.222201,CR,Maharashtra,8,5,3,0.0008899766381132495
SBV,SIMRI BHAKHTIYARPUR,86.5973840167,25.7208597875,ECR,Bihar,7,3,4,0.0007787295583490933
RJW,RAJEVADI,74.1551290765,18.384143186099998,CR,Maharashtra,7,3,4,0.0007787295583490933
KMM,KANNAMANGALAM,79.1611348285,12.753547405299999,,,4,2,2,0.00044498831905662476
SDHR,Sandhanidhar,70.713698,20.942193,WR,Gujarat,4,2,2,0.00044498831905662476
SAHP,SAHIJPUR,72.631634,23.061366,WR,Gujarat,6,3,3,0.0006674824785849371
RMRB,Ramnagar Bengal,87.55405,21.677450999999998,?,West Bengal,4,2,2,0.00044498831905662476
SGF,SANGAT,74.83253,30.088059,NWR,Punjab,6,3,3,0.0006674824785849371
SAC,SANICHARA,78.198369,26.363371,NCR,Madhya Pradesh,6,3,3,0.0006674824785849371
RORA,RORA,79.236769,25.293896,NCR,Uttar Pradesh,4,2,2,0.00044498831905662476
SAPE,SAPE WAMNE,73.356471,18.085549,KR,Maharashtra,11,3,8,0.001223717877405718
RJS,RAJIYASAR,73.8421637408,29.0674933054,NWR,Rajasthan,4,2,2,0.00044498831905662476
SET,SETTIHALLY,77.1419178821,12.6442282946,SWR,Karnataka,10,5,5,0.001112470797641562
RMF,RAMNA,83.605713,24.239748,ECR,Jharkhand,5,3,2,0.000556235398820781
SGKM,Srungavruksham,81.601906,16.543756,SCR,Andhra Pradesh,4,2,2,0.00044498831905662476
RGA,Rajgoda,87.866472,22.324313,SER,West Bengal,5,2,3,0.000556235398820781
RVK,RAJA BHAT KHAWA,89.528605351,26.6201438112,NFR,West Bengal,4,2,2,0.00044498831905662476
RTB,RAJA TALAB,82.8507290414,25.2639068026,NER,Uttar Pradesh,14,8,6,0.0015574591166981867
PYD,PALLIYADI,77.259683,8.26515,SR,Tamil Nadu,4,2,2,0.00044498831905662476
SASG,Sasan Gir,70.602443,21.168995000000002,WR,Gujarat,4,2,2,0.00044498831905662476
SGV,Sargachhi,88.244037,24.01772,ER,West Bengal,4,2,2,0.00044498831905662476
RJL,Rajmahal,87.831451,25.052535,ER,Jharkhand,4,2,2,0.00044498831905662476
RS,Risia,81.605514,27.688822,NER,Uttar Pradesh,4,2,2,0.00044498831905662476
RCA,Rentachintala,79.549492,16.545258999999998,SCR,Andhra Pradesh,4,2,2,0.00044498831905662476
RAK,Ramkot,80.59740799999999,27.534312,NR,Uttar Pradesh,5,2,3,0.000556235398820781
PXR,Palpara,88.520722,23.059458,ER,West Bengal,4,2,2,0.00044498831905662476
SDGH,Sri Dungargarh,74.008011,28.070311,NWR,Rajasthan,4,2,2,0.00044498831905662476
SCE,Senchoa Junction,92.6424819141,26.3116130653,NFR,Assam,8,4,4,0.0008899766381132495
SBL,Sabalgarh,77.4087421698,26.2512745542,NCR,Madhya Pradesh,6,3,3,0.0006674824785849371
SKJ,SAHIBPUR KAMAL JN,86.4001292639,25.4270372397,ECR,Bihar,9,5,4,0.0010012237178774058
SRM,Sarna,75.57852799999999,32.252678,NR,Punjab,5,2,3,0.000556235398820781
SRW,Shri Karanpur,73.458716,29.844419000000002,NWR,Rajasthan,2,1,1,0.00022249415952831238
SKX,SARKARA,79.083308,29.166922000000003,NER,Uttarakhand,4,2,2,0.00044498831905662476
SMP,SHAMBHUPURA,74.641918,24.771439,WR,Rajasthan,4,2,2,0.00044498831905662476
SUX,SUDIYUR,78.48234500000001,9.602939000000001,SR,Tamil Nadu,4,2,2,0.00044498831905662476
SNRR,SANSARPUR,80.3473074512,23.6789703455,WCR,Madhya Pradesh,8,3,5,0.0008899766381132495
SVD,SARWARI,75.93969899999999,19.764637,SCR,Maharashtra,4,2,2,0.00044498831905662476
SZK,SUR KHAND KA KHEDA,73.879823,24.118095,NWR,Rajasthan,4,2,2,0.00044498831905662476
STZ,Satraon,83.82137900000001,26.283587,NER,Uttar Pradesh,4,2,2,0.00044498831905662476
SPLE,SUJNIPARA,88.03679699999999,24.571584,ER,West Bengal,4,2,2,0.00044498831905662476
CHOK,Chowk,73.239613,18.902861,,,0,0,0,0.0
SRT,SATUR,77.92156999999999,9.357545,SR,Tamil Nadu,8,3,5,0.0008899766381132495
APRH,Alehpur Halt,84.78898557980001,26.2094647257,,,0,0,0,0.0
SOAE,SOMRA BAZAR,88.433032,23.13916,ER,West Bengal,4,2,2,0.00044498831905662476
SJQ,SURAJPUR ROAD,82.880146,23.289233,SECR,Chhattisgarh,4,2,2,0.00044498831905662476
SR,SABLI ROAD,71.9526427954,23.0348065663,WR,Gujarat,7,3,4,0.0007787295583490933
SOL,Solan,77.097531,30.907937,NR,Himachal Pradesh,4,2,2,0.00044498831905662476
SGRR,SANGAR,75.044078,32.80617,NR,Jammu and Kashmir,6,3,3,0.0006674824785849371
SMF,SAMAR GOPALPUR,76.51864460750001,28.9608890803,NR,Haryana,5,2,3,0.000556235398820781
STP,SITAPUR,80.697762,27.558728,NER,Uttar Pradesh,15,8,7,0.0016687061964623428
STDR,Satadhar,70.721182,21.283915999999998,WR,Gujarat,4,2,2,0.00044498831905662476
SJF,SAJANVAR ROAD,71.60840800000001,21.07527,WR,Gujarat,4,2,2,0.00044498831905662476
SHH,SHAPUR JN,70.37105700000001,21.478281,WR,Gujarat,4,2,2,0.00044498831905662476
SMX,Simurali,88.51016399999999,23.041337,ER,West Bengal,4,2,2,0.00044498831905662476
SNAR,Srinagar Rajasthan,75.5690913623,25.3640471585,WCR,Rajasthan,4,2,2,0.00044498831905662476
SMNE,SOMTANE,73.145524,18.952233,CR,Maharashtra,10,5,5,0.001112470797641562
SRGT,SURENDRANAGAR GATE,71.636053,22.734565,WR,Gujarat,6,3,3,0.0006674824785849371
SWV,SAWANTWADI ROAD,73.785308,15.866512,KR,Maharashtra,9,3,6,0.0010012237178774058
SIM,SHRI AMIRGADH,72.643675,24.405948,NWR,Rajasthan,6,2,4,0.0006674824785849371
SLHA,SALHANA,80.65672125239999,23.820462097900002,WCR,Madhya Pradesh,7,3,4,0.0007787295583490933
SRMT,Sirmuttra,77.375168,26.518904,NCR,Rajasthan,2,1,1,0.00022249415952831238
SLM,Somalapuram,76.86885600000001,14.914015000000001,SWR,Andhra Pradesh,4,2,2,0.00044498831905662476
SNMY,Sindri Marshalling Yard,86.46617599999999,23.667035000000002,ECR,Jharkhand,4,2,2,0.00044498831905662476
SRSL,Sirsala,75.1294882373,28.4266753002,NWR,Rajasthan,4,2,2,0.00044498831905662476
SGPA,Sugapahari,86.57804878910001,24.2790237518,ER,Jharkhand,4,2,2,0.00044498831905662476
SVO,Sanvrad,74.518574,27.521887,NWR,Rajasthan,4,2,2,0.00044498831905662476
SJV,Sanjhauli Halt,84.191033988,25.1438922456,ECR,Bihar,4,2,2,0.00044498831905662476
SNZ,Sherganj,79.804862,28.380488999999997,NER,Uttar Pradesh,4,2,2,0.00044498831905662476
SMET,Shimoga Town,75.583174,13.943036999999999,SWR,Karnataka,4,2,2,0.00044498831905662476
SSNR,Satsang Nagar Halt,86.68168063,24.49030743,ER,Jharkhand,4,2,2,0.00044498831905662476
SKSO,Sikosa,81.285568,20.868216,SECR,Chhattisgarh,6,3,3,0.0006674824785849371
TIL,TILRATH,86.06853100000001,25.441178999999998,ECR,Bihar,10,4,6,0.001112470797641562
UMM,UMRAM,78.4373421246,19.661586179100002,SCR,Andhra Pradesh,4,2,2,0.00044498831905662476
TDR,TIRUVIDAIMARUTHUR,79.453706,10.990634,SR,Tamil Nadu,4,2,2,0.00044498831905662476
TKH,Thakurtola,86.97071700000001,21.651992,SER,Orissa,4,2,2,0.00044498831905662476
TRPL,TRIPAL HALT,76.204696,32.00601,NR,Himachal Pradesh,5,3,2,0.000556235398820781
TLRA,TALARA,75.903937,32.239023,NR,Himachal Pradesh,6,3,3,0.0006674824785849371
TMD,TALMADLA,78.356638,18.239215,SCR,Andhra Pradesh,4,2,2,0.00044498831905662476
BHKL,BHAKRAULI,78.474665,28.308471,NR,Uttar Pradesh,4,2,2,0.00044498831905662476
TRWT,TARAVATA,77.381391,24.74613,WCR,Madhya Pradesh,11,6,5,0.001223717877405718
WKR,WANKANER JN,70.96561700000001,22.622552,WR,Gujarat,17,9,8,0.0018912003559906554
SWE,SIWAITH,81.86926100000001,25.577037999999998,NR,Uttar Pradesh,4,2,2,0.00044498831905662476
TGE,THEKERAGURI,92.40385900000001,26.199171,NFR,Assam,8,6,2,0.0008899766381132495
TSAH,Tata Sijua Halt,86.3316696973,23.7745106829,SER,Jharkhand,4,2,2,0.00044498831905662476
TGL,TUGGALI,77.53014599999999,15.310975000000001,SCR,Andhra Pradesh,5,3,2,0.000556235398820781
UBL,HUBLI JN,75.148104,15.350302000000001,SWR,Karnataka,10,4,6,0.001112470797641562
TID,TAGDI,71.948621,22.296445000000002,WR,Gujarat,4,2,2,0.00044498831905662476
ARGP,ARALAGUPPE,76.615439,13.253131999999999,SWR,Karnataka,6,2,4,0.0006674824785849371
UCA,UCHANA,76.178544,29.466064000000003,NR,Haryana,8,4,4,0.0008899766381132495
TAK,Tarakeswar,88.013437,22.882582,ER,West Bengal,2,1,1,0.00022249415952831238
UMN,AMBLIYASAN,72.423181,23.447386,WR,Gujarat,9,4,5,0.0010012237178774058
SZP,Shahjahanpur,79.904536,27.893402000000002,NER,Uttar Pradesh,2,1,1,0.00022249415952831238
TTQ,Thathankulam,77.875152,8.627298,SR,Tamil Nadu,4,2,2,0.00044498831905662476
TJH,Tajgadh,73.90478800000001,22.350958,WR,Gujarat,4,2,2,0.00044498831905662476
UKC,UKSHI,73.4559422882,17.1297597205,KR,Maharashtra,10,6,4,0.001112470797641562
UAA,UPPALA,74.906488,12.6698,SR,Kerala,7,3,4,0.0007787295583490933
TKQ,TRIKARPUR,75.176143,12.142185,SR,Kerala,10,6,4,0.001112470797641562
VAPM,VALAPATTANAM,75.346365,11.927728,SR,Kerala,8,3,5,0.0008899766381132495
TUNG,Tung,88.294811,26.921803,NFR,West Bengal,4,2,2,0.00044498831905662476
TKT,TIKKOTTI,75.626246,11.490426,SR,Kerala,5,3,2,0.000556235398820781
UGWE,Ugwe,77.009265,20.806248999999998,SCR,Maharashtra,4,2,2,0.00044498831905662476
TRDI,Tirodi,79.724564,21.688066,SECR,Madhya Pradesh,2,1,1,0.00022249415952831238
TQA,Takia,80.782017,26.311678999999998,NR,Uttar Pradesh,4,2,2,0.00044498831905662476
TPU,Tanakpur,80.10904500000001,29.067103,NER,Uttarakhand,2,1,1,0.00022249415952831238
DHL,Devanhalli,77.70463099999999,13.246834,SWR,Karnataka,4,2,2,0.00044498831905662476
TAV,Talala Junction,70.522164,21.04184,WR,Gujarat,6,3,3,0.0006674824785849371
TPO,Tantpur,77.47803025,26.83193514,NCR,Rajasthan,2,1,1,0.00022249415952831238
THKU,Thallak,76.675366,14.450854,SWR,Karnataka,4,2,2,0.00044498831905662476
VD,VAGDIYA,71.2916898169,22.6141762638,WR,Gujarat,11,5,6,0.001223717877405718
YGA,Yerra Goppa Halt,75.64807800000001,15.905354,SWR,Karnataka,4,2,2,0.00044498831905662476
AGQ,ASIRGARH ROAD,76.268065,21.378418,CR,Madhya Pradesh,8,4,4,0.0008899766381132495
AA,ATARIA,80.861033,27.172456999999998,NER,Uttar Pradesh,6,3,3,0.0006674824785849371
WSD,WASUD,75.14765299999999,17.377406,CR,Maharashtra,4,2,2,0.00044498831905662476
AED,AULENDA,77.612583,27.029152,NCR,Uttar Pradesh,8,5,3,0.0008899766381132495
ARH,AMHERA,78.28580221,29.26223824,NR,Uttar Pradesh,4,2,2,0.00044498831905662476
SWDE,SIWAHA,76.456292,29.340294,NR,Haryana,4,2,2,0.00044498831905662476
BHWA,BECHHIWARA,73.535256,23.787792,NWR,Rajasthan,6,3,3,0.0006674824785849371
VRV,VIRAVADA,73.07902999999999,23.612331,NWR,Gujarat,6,3,3,0.0006674824785849371
YLG,YALVIGI,75.4094012659,15.0342535867,SWR,Karnataka,7,3,4,0.0007787295583490933
ADHL,ADIHALLI,76.3472840454,13.2834201678,SWR,Karnataka,4,2,2,0.00044498831905662476
WRGN,WARIGAON NEWADA,82.56831600000001,25.586146,NR,Uttar Pradesh,4,2,2,0.00044498831905662476
APTA,APTA,73.152629,18.863471,CR,Maharashtra,14,9,5,0.0015574591166981867
WC,WADHWAN CITY,71.67236,22.702931,WR,Gujarat,4,2,2,0.00044498831905662476
ADRA,ADRA JN,86.67466499999999,23.495992,SER,West Bengal,10,5,5,0.001112470797641562
AKOT,Akot,77.047217,21.095661,SCR,Maharashtra,4,2,2,0.00044498831905662476
BHUJ,BHUJ,69.6778278,23.2660225,WR,Gujarat,5,1,4,0.000556235398820781
VLI,VALLIKUNNU,75.85165099999999,11.09046,SR,Kerala,10,4,6,0.001112470797641562
ATRR,ATRAURA,82.314016,25.316112,NER,Uttar Pradesh,5,2,3,0.000556235398820781
VPU,VELPURU,81.662635,16.725963999999998,SCR,Andhra Pradesh,4,2,2,0.00044498831905662476
VJPJ,VIJAYPUR JAMMU,75.020996,32.57197,NR,Jammu and Kashmir,9,6,3,0.0010012237178774058
ZNP,Zindpura,79.849699,28.191347,NER,Uttar Pradesh,6,3,3,0.0006674824785849371
BHRL,BHAROLI JUNCTION,75.61637323000001,32.27104809,NR,Punjab,10,5,5,0.001112470797641562
PQT,Puniyavant,73.95733100000001,22.332118,WR,Gujarat,4,2,2,0.00044498831905662476
VRA,Valavanur,79.573803,11.917402000000001,SR,Tamil Nadu,5,3,2,0.000556235398820781
XBKJ,Bikramganj,84.27373100000001,25.218913999999998,ECR,Bihar,4,2,2,0.00044498831905662476
VTG,Bhetaguri,89.6653098,26.3029681,NFR,West Bengal,2,1,1,0.00022249415952831238
ATKS,Atwa Kursath,80.2672099268,27.134570267199997,NR,Uttar Pradesh,4,2,2,0.00044498831905662476
WDJ,Wanderjatana,74.740729,30.564802,NR,Punjab,4,2,2,0.00044498831905662476
AMI,Amravati,77.7577863,20.930082900000002,CR,Maharashtra,2,1,1,0.00022249415952831238
BIPR,Bheempura,72.39224899999999,25.129644,NWR,Rajasthan,4,2,2,0.00044498831905662476
ARP,Atrampur,81.745663,25.572021,NR,Uttar Pradesh,4,2,2,0.00044498831905662476
WEL,Wellington,76.786078,11.3559,SR,Tamil Nadu,4,2,2,0.00044498831905662476
ARKA,Arkha,81.331277,25.867316000000002,NR,Uttar Pradesh,4,2,2,0.00044498831905662476
BAMA,BIRAMBAD,77.32494000000001,26.922783000000003,NCR,Rajasthan,6,4,2,0.0006674824785849371
AUR,ATRAULI ROAD,78.2201080066,28.0971879576,NR,Uttar Pradesh,6,3,3,0.0006674824785849371
BCB,Bhowra Junction,86.417009,23.67077,SER,Jharkhand,4,2,2,0.00044498831905662476
BHBK,BODHADI BUJRUG,78.1952487683,19.4962759853,SCR,Maharashtra,7,3,4,0.0007787295583490933
BDHA,BADHADA,71.33741400000001,21.2703,WR,Gujarat,4,2,2,0.00044498831905662476
BHET,BHESTAN,72.8613128,21.1278829,WR,Gujarat,10,4,6,0.001112470797641562
BFZ,BHANDARTIKURI,88.32981731,23.43319157,ER,West Bengal,4,2,2,0.00044498831905662476
BATL,BAIHATOLA,82.05862,23.231203999999998,SECR,Madhya Pradesh,4,2,2,0.00044498831905662476
BGQ,BHONGAON,79.1657234,27.2590416,NCR,Uttar Pradesh,9,5,4,0.0010012237178774058
BGHU,Borraguhallu,83.040289,18.275624,ECoR,Andhra Pradesh,2,1,1,0.00022249415952831238
BELD,BELKHERA,79.299879,22.981891,WCR,Madhya Pradesh,5,3,2,0.000556235398820781
BIF,BHAIRONPUR,77.420409,22.432086,WCR,Madhya Pradesh,9,6,3,0.0010012237178774058
BAU,BURHANPUR,76.1986787,21.3343976,CR,Madhya Pradesh,6,4,2,0.0006674824785849371
BJK,BIJORA,76.3956989,25.145112400000002,WCR,Rajasthan,4,2,2,0.00044498831905662476
BDT,BORDUBI ROAD,95.314595,27.399181,NFR,Assam,7,4,3,0.0007787295583490933
BPRS,BHOGPUR SIRWAL,75.6452234,31.556593699999997,NR,Punjab,8,4,4,0.0008899766381132495
BIP,BAHILPURWA,80.998599,25.137088000000002,NCR,Uttar Pradesh,5,3,2,0.000556235398820781
BGWD,BAGEWADI,74.75360002999999,16.30777084,SWR,Karnataka,4,2,2,0.00044498831905662476
BGAN,Bangain,81.90592400000001,27.238993,NER,Uttar Pradesh,8,4,4,0.0008899766381132495
BID,BIDADI,77.39029839999999,12.8004252,SWR,Karnataka,7,3,4,0.0007787295583490933
BNDI,Barundini,74.93010100000001,25.173406,WCR,Rajasthan,4,2,2,0.00044498831905662476
BDCR,Bhadrachalam Road,80.616024,17.550365,SCR,Andhra Pradesh,6,3,3,0.0006674824785849371
KISN,KALISEN,87.1624991003,23.1816003962,,,4,2,2,0.00044498831905662476
AYU,ABHAYAPURI ASSAM,90.641696,26.356599,NFR,Assam,7,3,4,0.0007787295583490933
BFT,Bhabta,88.241584,23.9869677,ER,West Bengal,4,2,2,0.00044498831905662476
BHLP,BHULANPUR,82.9575192,25.2878753,NER,Uttar Pradesh,4,2,2,0.00044498831905662476
BAHP,Band Hamirpur,80.744382,26.32975,NR,Uttar Pradesh,5,2,3,0.000556235398820781
BLSD,Balsamand,74.473873,27.581307,NWR,Rajasthan,4,2,2,0.00044498831905662476
BEE,Bebejia,92.640956,26.310185,NFR,Assam,8,4,4,0.0008899766381132495
BAA,Barala,88.039851,24.300532,ER,West Bengal,4,2,2,0.00044498831905662476
BDZ,Badkulla,88.526557,23.3046657,ER,West Bengal,4,2,2,0.00044498831905662476
BIGA,Bigga,74.20137015629999,28.0474529072,NWR,Rajasthan,4,2,2,0.00044498831905662476
BAYD,Beyad,73.20732600000001,23.216364,WR,Gujarat,4,2,2,0.00044498831905662476
BBLA,Bhyabla Halt,88.854932,22.654259999999997,ER,West Bengal,2,1,1,0.00022249415952831238
BHAN,Bhoyani,72.234682,23.358779,WR,Gujarat,4,2,2,0.00044498831905662476
BK,Bakra Road,72.487603,25.2130523,NWR,Rajasthan,4,2,2,0.00044498831905662476
BBJ,Babaganj,81.568611,27.964290000000002,NER,Uttar Pradesh,4,2,2,0.00044498831905662476
BBT,Birati,88.42761300000001,22.66472,ER,West Bengal,4,2,2,0.00044498831905662476
AWH,Alewahi,79.71014699999999,20.38793,SECR,Maharashtra,4,2,2,0.00044498831905662476
BDMA,Budhma,86.85700899999999,25.902768,ECR,Bihar,2,1,1,0.00022249415952831238
BGLI,Bargolai,95.703548,27.287485999999998,NFR,Assam,4,2,2,0.00044498831905662476
BLAX,BARLAI,75.962109,22.894163,WR,Madhya Pradesh,5,2,3,0.000556235398820781
BSAE,BANSH BARIA,88.395641,22.957288000000002,ER,West Bengal,4,2,2,0.00044498831905662476
BRHL,BARYAL HIMACHAL,76.100072,32.025465000000004,NR,Himachal Pradesh,4,2,2,0.00044498831905662476
CHKE,Challakere,76.66001700000001,14.315154000000001,SWR,Karnataka,4,2,2,0.00044498831905662476
BRND,BORIDAND,82.178765,23.267799,SECR,Madhya Pradesh,6,3,3,0.0006674824785849371
CHRM,Chirmiri,82.34955079999999,23.1894855,SECR,Chhattisgarh,2,1,1,0.00022249415952831238
BPKA,BHOPALKA,69.3687405,22.122780300000002,WR,Gujarat,7,4,3,0.0007787295583490933
BNKH,BHAIRANAYAKANAH,77.38339300000001,13.194258,SWR,Karnataka,4,2,2,0.00044498831905662476
ALN,ALANDI,74.09309499999999,18.451229,CR,Maharashtra,5,2,3,0.000556235398820781
BRLA,BRAYLA CHAURASI,75.0927610413,23.5556827445,WR,Madhya Pradesh,4,2,2,0.00044498831905662476
BQG,Bhagwangola,88.309816,24.333178,ER,West Bengal,4,2,2,0.00044498831905662476
BQM,Barelipur,78.407732,22.051583,CR,Madhya Pradesh,4,2,2,0.00044498831905662476
BNA,BANNI KOPPA,75.94180892,15.40662732,SWR,Karnataka,5,2,3,0.000556235398820781
BKU,BHIKNUR,78.39915082280001,18.1644907169,SCR,Andhra Pradesh,4,2,2,0.00044498831905662476
BLSA,BOLSA,77.7029205847,19.0012905282,SCR,Maharashtra,4,2,2,0.00044498831905662476
BMBE,BIMBARI,77.631226,19.164065,SCR,Maharashtra,5,3,2,0.000556235398820781
BOKR,BHOKAR,77.666535,19.213965,SCR,Maharashtra,5,2,3,0.000556235398820781
CAG,CHHABRA GUGOR,76.850989,24.680339,WCR,Rajasthan,5,3,2,0.000556235398820781
CJW,CHAJAWA,76.580569,25.008594000000002,WCR,Rajasthan,6,3,3,0.0006674824785849371
BKTW,Baikunth,81.777975,21.489690999999997,,,0,0,0,0.0
ADB,ADILABAD,78.535285,19.680104,SCR,Andhra Pradesh,6,3,3,0.0006674824785849371
BPM,BAGPAT ROAD,77.272589,28.957503,NR,Uttar Pradesh,4,2,2,0.00044498831905662476
CIV,Chinnaravuru,80.655843,16.224010999999997,SCR,Andhra Pradesh,4,2,2,0.00044498831905662476
CHI,CHIPLUN,73.522429,17.542507399999998,KR,Maharashtra,8,4,4,0.0008899766381132495
CAN,KANNUR,75.3683267,11.870694199999999,SR,Kerala,7,2,5,0.0007787295583490933
BNG,Barnagar,75.6111208,23.0304117,WR,Madhya Pradesh,4,2,2,0.00044498831905662476
MPL,Madanapalle Road,78.55442400000001,13.644442,SCR,Andhra Pradesh,4,2,2,0.00044498831905662476
BRQ,BAGRAKOT,88.58596154,26.87063169,NFR,West Bengal,4,2,2,0.00044498831905662476
BNQ,BANARHAT,89.025682,26.797885,NFR,West Bengal,5,2,3,0.000556235398820781
BMJ,Bridgemanganj,83.197098,27.195536999999998,NER,Uttar Pradesh,4,2,2,0.00044498831905662476
BRK,Bahraich,81.6075183,27.581536,NER,Uttar Pradesh,4,2,2,0.00044498831905662476
BRMX,Barmi,80.56082099999999,27.489413,NR,Uttar Pradesh,4,2,2,0.00044498831905662476
BNW,Bhiwani,76.1255797,28.7984261,NWR,Haryana,6,3,3,0.0006674824785849371
BNSA,Banbasa,80.0732101,28.991685,NER,Uttarakhand,4,2,2,0.00044498831905662476
BSHT,Basirhat,88.86896,22.650516,ER,West Bengal,2,1,1,0.00022249415952831238
CHRU,CHAMRUA,79.13898800000001,28.796205999999998,NER,Uttarakhand,4,2,2,0.00044498831905662476
ANP,ANANDTANDAVPUR,79.6576745148,11.143966349,SR,Tamil Nadu,4,2,2,0.00044498831905662476
ANGR,ANGADGERI HALT,75.84589116000001,16.451873659999997,SWR,Karnataka,4,2,2,0.00044498831905662476
AAY,ARALVAYMOZHI,77.5292646945,8.2494513612,SR,Tamil Nadu,6,2,4,0.0006674824785849371
ALNP,Akelahanspur Halt,80.31557099999999,28.34054,NER,Uttar Pradesh,4,2,2,0.00044498831905662476
BAH,BHABHAR,71.615774,24.065279999999998,WR,Gujarat,4,2,2,0.00044498831905662476
AON,ARAON,78.692248,27.114343,NCR,Uttar Pradesh,5,3,2,0.000556235398820781
BZLE,BAZARSAU,88.1828793,23.8757926,ER,West Bengal,5,2,3,0.000556235398820781
CHPD,CHEPPAD HALT,76.47674199999999,9.232679000000001,SR,Kerala,7,4,3,0.0007787295583490933
CGO,CHHIDGAON,77.314105,22.406953,WCR,Madhya Pradesh,4,2,2,0.00044498831905662476
AJM,Adraj Moti,72.565608,23.258801000000002,WR,Gujarat,4,2,2,0.00044498831905662476
CKR,CHIKODI ROAD,74.76949432980001,16.3690477592,SWR,Karnataka,5,3,2,0.000556235398820781
BSR,VASAI ROAD,72.8322217,19.3824486,WR,Maharashtra,13,5,8,0.0014462120369340306
ABGT,ARBAGATTA HALT,76.13497100000001,13.907468,SWR,Karnataka,6,2,4,0.0006674824785849371
BTJ,BISHNATHGANJ,81.935379,25.801897,NR,Uttar Pradesh,5,2,3,0.000556235398820781
BUS,BADAUSA,80.651011,25.248423000000003,NCR,Uttar Pradesh,4,2,2,0.00044498831905662476
ANCR,ANCHURI,86.993174,23.283904,SER,West Bengal,6,3,3,0.0006674824785849371
BSZ,Bharwa Sumerpur,80.167419,25.825412999999998,NCR,Uttar Pradesh,4,2,2,0.00044498831905662476
BSW,Baneswar,89.494466,26.388205,NFR,West Bengal,4,2,2,0.00044498831905662476
PTN,PATAN,72.13167200000001,23.853292,WR,Gujarat,4,1,3,0.00044498831905662476
ABZ,Adgaon Buzurg,76.955924,21.123876,SCR,Maharashtra,4,2,2,0.00044498831905662476
ADE,ADARI ROAD,70.330818,20.986794999999997,WR,Gujarat,5,2,3,0.000556235398820781
AMC,Amritapura,76.24556342560001,14.1395487324,SWR,Karnataka,6,3,3,0.0006674824785849371
CDA,CHUDA,71.7500982013,22.495211350199998,WR,Gujarat,5,3,2,0.000556235398820781
AKS,ANKUSPUR,83.4940121521,25.5713190547,NER,Uttar Pradesh,5,3,2,0.000556235398820781
ANO,ANJANI,73.399308,17.620604999999998,KR,Maharashtra,9,5,4,0.0010012237178774058
APDC,Alipur Duar Court,89.526808,26.499254999999998,NFR,West Bengal,4,2,2,0.00044498831905662476
CDK,CHANDKHERA ROAD,72.563224,23.111868,WR,Gujarat,7,4,3,0.0007787295583490933
CGHD,CHINNADAGUDI,76.732445,12.084594000000001,SWR,Karnataka,4,2,2,0.00044498831905662476
CJS,CHARAMULA KUSUM,82.401044,19.020403,ECoR,Chhattisgarh,4,2,2,0.00044498831905662476
BTGH,Bettadnagenhali,76.2593350818,14.1738302683,SWR,Karnataka,4,2,2,0.00044498831905662476
ADR,Mandi Adampur,75.468851,29.283136000000002,NWR,Haryana,4,2,2,0.00044498831905662476
BSUR,Bisalpur,79.812599,28.290515999999997,NER,Uttar Pradesh,6,3,3,0.0006674824785849371
ANC,Annechakanahali,76.282814,12.7379,SWR,Karnataka,4,2,2,0.00044498831905662476
CCI,Chinnekuntapali,77.8420563,14.4427884187,SCR,Andhra Pradesh,4,2,2,0.00044498831905662476
BTRI,Bitrol,78.92398,27.984069,NER,Uttar Pradesh,4,2,2,0.00044498831905662476
AGCI,Angadi,73.282558,22.806751,WR,Gujarat,4,2,2,0.00044498831905662476
ALS,Amlori Sarsar,84.3455775659,26.2947140024,NER,Bihar,4,2,2,0.00044498831905662476
BFE,BAHAWAL BASI,74.279311,30.147265,NR,Punjab,5,3,2,0.000556235398820781
AXK,ASOKHAR,78.55585400000001,26.525539,NCR,Madhya Pradesh,4,2,2,0.00044498831905662476
AXA,AMARSAR,70.91711000000001,22.585991,WR,Gujarat,7,4,3,0.0007787295583490933
BENL,BENL,75.882249,16.384407,SWR,Karnataka,4,2,2,0.00044498831905662476
BBW,BODARWAR,83.6381910315,26.8780004923,NER,Uttar Pradesh,4,2,2,0.00044498831905662476
BAJE,Bajakare Halt,75.508955,12.720476000000001,SWR,Karnataka,4,2,2,0.00044498831905662476
AMQ,AMMUGUDA,78.527215,17.487039,SCR,Andhra Pradesh,5,2,3,0.000556235398820781
BBA,BABRALA,78.4034137,28.2664932,NR,Uttar Pradesh,4,2,2,0.00044498831905662476
ALW,ALWAL,78.515006,17.505779,SCR,Andhra Pradesh,4,2,2,0.00044498831905662476
ATE,ATARRA,80.576491,25.291367,NCR,Uttar Pradesh,4,2,2,0.00044498831905662476
AWL,ALAWALPUR,75.642236,31.425164,NR,Punjab,5,2,3,0.000556235398820781
AZP,AYYAMPET,79.206701,10.896267,SR,Tamil Nadu,4,2,2,0.00044498831905662476
ASK,ARSIKERE JN,76.2520848,13.314425,SWR,Karnataka,9,4,5,0.0010012237178774058
BAL,BUDALUR,78.981443,10.782843000000002,SR,Tamil Nadu,6,3,3,0.0006674824785849371
BAZ,BARAN,76.50512839999999,25.0967701,WCR,Rajasthan,4,2,2,0.00044498831905662476
AVRD,ARAVALI ROAD,73.53816,17.316531,KR,Maharashtra,8,5,3,0.0008899766381132495
BBGN,Barua Bamungaon,93.944693,26.662157,NFR,Assam,6,3,3,0.0006674824785849371
ANT,Anantnag,75.10713108815253,33.738534244499846,NR,Jammu and Kashmir,0,0,0,0.0
BDPA,Badalpur Ph,87.616227,21.710487,?,West Bengal,4,2,2,0.00044498831905662476
AVS,Auvaneeswaram,76.852807,9.036513,SR,Kerala,4,2,2,0.00044498831905662476
BDHN,Bodhan,77.8881657,18.645933,SCR,Andhra Pradesh,2,1,1,0.00022249415952831238
BED,Baseri,77.54301509999999,26.74699159,NCR,Uttar Pradesh,4,2,2,0.00044498831905662476
BDBG,Badhai Balamgarh Halt,74.460168,30.459894,NR,Punjab,4,2,2,0.00044498831905662476
AVK,Aravankadu,76.769203,11.359124,SR,Tamil Nadu,4,2,2,0.00044498831905662476
ATW,Atwa Muthia Halt,80.415479,27.273989999999998,NR,Uttar Pradesh,4,2,2,0.00044498831905662476
BGMU,Bangarmau,80.22205951000001,26.89181589,NR,Uttar Pradesh,4,2,2,0.00044498831905662476
BCHL,Bacheli,81.238534,18.703461,ECoR,Chhattisgarh,2,1,1,0.00022249415952831238
BBHT,Barabar Halt,84.9743682056,25.0558596095,?,Bihar,4,2,2,0.00044498831905662476
BFJ,Bhoras Budrukh,75.01429200000001,20.538301,CR,Maharashtra,4,2,2,0.00044498831905662476
BARL,Baral,77.80997500000001,28.494092,NR,Uttar Pradesh,4,2,2,0.00044498831905662476
BDBA,Badabandha Road,86.519951,20.276721000000002,ECoR,Orissa,6,3,3,0.0006674824785849371
BGD,Bara Gudah,75.00164099999999,29.697657,NWR,Haryana,4,2,2,0.00044498831905662476
BLA,BAJALTA,74.953339,32.762368,NR,Jammu and Kashmir,6,3,3,0.0006674824785849371
BHTL,BHATEL,69.4936287,22.164096299999997,WR,Gujarat,6,3,3,0.0006674824785849371
TSS,TALLI SAIDASAHU,74.748404,31.03264,NR,Punjab,4,2,2,0.00044498831905662476
BDWS,BADARWAS,77.56182792,24.983339819999998,WCR,Madhya Pradesh,6,3,3,0.0006674824785849371
BJPL,BAIJNATH PAPROLA,76.632508,32.050368999999996,NR,Himachal Pradesh,7,3,4,0.0007787295583490933
BLL,BANTANAHAL,77.27572365,15.16290019,SCR,Andhra Pradesh,8,5,3,0.0008899766381132495
BMA,BAGMAR,76.3616019397,21.7371288607,CR,Madhya Pradesh,7,3,4,0.0007787295583490933
BLWD,BOLWAD,74.719998,16.823851,CR,Maharashtra,8,4,4,0.0008899766381132495
BMNI,BAMANI,75.23764299999999,17.512801,CR,Maharashtra,4,2,2,0.00044498831905662476
BNY,Barhni,82.7918337,27.4957951,NER,Uttar Pradesh,6,3,3,0.0006674824785849371
BDVT,Bhadravati,75.702832,13.842428700000001,SWR,Karnataka,4,2,2,0.00044498831905662476
BMKI,BAPUDHAM MOTIHARI,84.90529000000001,26.655732999999998,ECR,Bihar,7,4,3,0.0007787295583490933
BIRD,BHIWANDI ROAD,73.045654,19.268544000000002,CR,Maharashtra,14,6,8,0.0015574591166981867
BI,BARI SADRI,74.468715,24.411465,NWR,Rajasthan,3,1,2,0.0003337412392924686
BLD,BHILAD,72.887446,20.275323200000003,WR,Gujarat,10,5,5,0.001112470797641562
ALMW,ALMAW,82.489941,25.259915,NER,Uttar Pradesh,4,2,2,0.00044498831905662476
BGX,BAGRI SAJJANPUR,73.821842,25.916759000000003,NWR,Rajasthan,5,2,3,0.000556235398820781
VTP,VASTRAPUR,72.517982,23.00802,WR,Gujarat,4,2,2,0.00044498831905662476
BNTH,BANDHNATH,70.356879,21.434145,WR,Gujarat,4,2,2,0.00044498831905662476
BIJR,BIJOOR,74.6420535,13.8221962,KR,Karnataka,7,4,3,0.0007787295583490933
BNS,BANAS,72.98872560000001,24.7131638,NWR,Rajasthan,4,2,2,0.00044498831905662476
BILP,Bhilpur,73.323477,22.196154999999997,WR,Gujarat,4,2,2,0.00044498831905662476
BGPR,BHAGWANPURA,73.36331200000001,25.419012000000002,NWR,Rajasthan,8,4,4,0.0008899766381132495
BGG,BANTA RAGHUNATHGARH,73.52738176000001,25.60180707,NWR,Rajasthan,4,2,2,0.00044498831905662476
BJPR,Bijaipur Road,77.305586,26.196877,NCR,Madhya Pradesh,4,2,2,0.00044498831905662476
BMY,Bamiana,79.3291058,28.26312382,NER,Uttar Pradesh,4,2,2,0.00044498831905662476
BNHR,Banbihari Gwalipur,86.20503345,20.33902661,ECoR,Orissa,4,2,2,0.00044498831905662476
BHAT,Bhatpura,77.674711,26.327284000000002,NCR,Madhya Pradesh,4,2,2,0.00044498831905662476
BINR,Brij Nagar,77.089708,27.439639,NCR,Rajasthan,4,2,2,0.00044498831905662476
BKS,Balikotia,92.57044308,26.46830942,NFR,Assam,4,2,2,0.00044498831905662476
BIR,Bir,76.547232,22.05264,WCR,Madhya Pradesh,2,1,1,0.00022249415952831238
BHDR,Bhadri,81.56775470000001,25.6766583,NR,Uttar Pradesh,4,2,2,0.00044498831905662476
BEDM,Bedham,77.209461,27.453929,NCR,Rajasthan,4,2,2,0.00044498831905662476
BPB,BADARPUR JN,92.5563227,24.865177499999998,NFR,Assam,9,5,4,0.0010012237178774058
GTU,GHAT NANDUR,76.563483,18.722977999999998,SCR,Maharashtra,6,3,3,0.0006674824785849371
BNTL,Bantawala,75.034456,12.878545,SWR,Karnataka,4,2,2,0.00044498831905662476
BRBL,Birahalli,76.38519600000001,12.667132,SWR,Karnataka,4,2,2,0.00044498831905662476
BSCK,BASUCHAK,83.34822341,25.53140767,NER,Uttar Pradesh,4,2,2,0.00044498831905662476
AND,ANDAMPALIAM,79.16898527,12.088426380000001,SR,Tamil Nadu,4,2,2,0.00044498831905662476
BRZ,BARETA,75.69240260000001,29.859333900000003,NR,Punjab,5,2,3,0.000556235398820781
BRGW,BARGAWAN,82.455989,24.197002,WCR,Madhya Pradesh,9,4,5,0.0010012237178774058
BSY,BARSATHI,82.473946,25.564132999999998,NR,Uttar Pradesh,4,2,2,0.00044498831905662476
BUF,Bimlagarh Junction,85.017326,21.964332,SER,Orissa,4,2,2,0.00044498831905662476
BSKR,BASI KIRATPUR,78.213283,29.497228000000003,NR,Uttar Pradesh,4,2,2,0.00044498831905662476
CDS,CHANDISAR,72.3128162,24.2064915,WR,Gujarat,4,2,2,0.00044498831905662476
BTI,BHATINDA JN,74.932083,30.209488,NR,Punjab,15,7,8,0.0016687061964623428
BTZ,BALIMARA,95.333576,27.236867999999998,NFR,Assam,8,5,3,0.0008899766381132495
PTK,PATHANKOT,75.644427,32.271804,NR,Punjab,10,4,6,0.001112470797641562
BVNR,BHAVANI NAGAR,74.312946,17.156895,CR,Maharashtra,4,2,2,0.00044498831905662476
BQP,Bighapur,80.6934544,26.3551471,NR,Uttar Pradesh,4,2,2,0.00044498831905662476
AMLR,AMALA NAGAR,76.171838,10.561834,SR,Kerala,4,2,2,0.00044498831905662476
BTC,Balaghat Junction,80.19988529999999,21.8116285,SECR,Madhya Pradesh,2,1,1,0.00022249415952831238
BOTI,Baori Thikria,75.511335,27.41454869,NWR,Rajasthan,4,2,2,0.00044498831905662476
BOF,Barog,77.0829696,30.890852900000002,NR,Himachal Pradesh,4,2,2,0.00044498831905662476
BSTP,Basantapur,85.67658999999999,21.548768,ECoR,Orissa,4,2,2,0.00044498831905662476
BTM,Battulapuram,78.30580244,13.74759508,SCR,Andhra Pradesh,4,2,2,0.00044498831905662476
BSWA,Baiswara,80.83471200000001,26.284843000000002,NR,Uttar Pradesh,5,3,2,0.000556235398820781
BPC,Berhampore Court,88.263642,24.0890841,ER,West Bengal,4,2,2,0.00044498831905662476
AMM,Atirampattinam,79.38580758869648,10.332285228976446,SR,Tamil Nadu,4,2,2,0.00044498831905662476
CRWA,Chirawa,75.65068451687694,28.223341365041605,NWR,Rajasthan,4,2,2,0.00044498831905662476
BWC,Banwali,74.029894,29.91997899999999,NWR,Rajasthan,2,1,1,0.00022249415952831238
BT,Barasat,88.48348299999999,22.723879999999998,ER,West Bengal,3,2,1,0.0003337412392924686
BYP,Baijnathpur,86.653766,25.901014,ECR,Bihar,6,3,3,0.0006674824785849371
BPD,Bahadurpur,88.4633792,23.438519499999998,ER,West Bengal,4,2,2,0.00044498831905662476
BXF,Barsuan,85.119799,21.847398000000002,SER,Odisha,2,1,1,0.00022249415952831238
AMO,Amolwa,84.478487,27.211161,ECR,Bihar,6,3,3,0.0006674824785849371
BXN,BAYANA JN,77.29713100000001,26.916354000000002,WCR,Rajasthan,8,4,4,0.0008899766381132495
SKEN,Sukhshena,87.111962,25.790577,?,,4,2,2,0.00044498831905662476
DNRP,DUNGARPUR,73.69546199999999,23.867175000000003,NWR,Rajasthan,6,3,3,0.0006674824785849371
CHBR,CHAURE BAZAR,82.118735,26.469531,NR,Uttar Pradesh,4,2,2,0.00044498831905662476
DDW,DUDWA,80.672161,28.50831,NER,Uttar Pradesh,6,3,3,0.0006674824785849371
CKE,CHOKI SORATH,70.525813,21.659142000000003,WR,Gujarat,4,2,2,0.00044498831905662476
CIH,Chilhia,82.990864,27.35207,NER,Uttar Pradesh,4,2,2,0.00044498831905662476
DGLE,DHULIAN GANGA,87.937644,24.672086,ER,West Bengal,7,3,4,0.0007787295583490933
CDM,CHIDAMBARAM,79.7033411,11.391471000000001,SR,Tamil Nadu,5,3,2,0.000556235398820781
COO,CHHOTI ODAI,76.805294,26.558703,WCR,Rajasthan,6,3,3,0.0006674824785849371
CAMU,CHAMUA,84.40083419070001,27.137702177799998,ECR,Bihar,5,2,3,0.000556235398820781
DHLI,Dethli,72.10305100000001,23.486172,WR,Gujarat,4,2,2,0.00044498831905662476
DHAE,DAINHAT,88.17026899999999,23.60191,ER,West Bengal,6,3,3,0.0006674824785849371
DAD,DEVARGUDDA,75.57614099999999,14.66779,SWR,Karnataka,7,3,4,0.0007787295583490933
DEW,Dewalgaon,80.0792665497,20.8911603401,SECR,Maharashtra,4,2,2,0.00044498831905662476
BWSN,BIJWASAN,77.051292,28.536700000000003,NR,Delhi NCT,6,2,4,0.0006674824785849371
DBS,DOBBSPET,77.2491554279,13.2331801567,SWR,Karnataka,7,4,3,0.0007787295583490933
DCK,DHANDHUKA,71.975613,22.384024,WR,Gujarat,7,4,3,0.0007787295583490933
COB,Cooch Behar,89.6653098,26.3029681,NFR,West Bengal,2,1,1,0.00022249415952831238
CQA,Cherukara,76.22811899999999,10.929228,SR,Kerala,4,2,2,0.00044498831905662476
DEE,DELHI SARAI ROHILLA,77.187106,28.662992,NR,Delhi NCT,11,6,5,0.001223717877405718
DBSI,DAYA BASTI,77.17138999999999,28.667329000000002,NR,Delhi NCT,12,6,6,0.0013349649571698743
CWN,Charawan,74.578082,30.501186999999998,NR,Punjab,4,2,2,0.00044498831905662476
DOB,Dundlodh Mukundgarh,75.23735384456813,27.93879936977548,NWR,Rajasthan,4,2,2,0.00044498831905662476
BWK,Bawani Khera,76.032707,28.939509,NWR,Haryana,4,2,2,0.00044498831905662476
BARU,Baharu,88.44446,22.205278,ER,West Bengal,4,2,2,0.00044498831905662476
DOX,DOHNA,79.432729,28.434064000000003,NER,Uttar Pradesh,4,2,2,0.00044498831905662476
DKJ,DORNAKAL JN,80.153157,17.445987000000002,SCR,Andhra Pradesh,12,7,5,0.0013349649571698743
GGC,GANGAPUR CITY,76.72770799999999,26.468979,WCR,Rajasthan,11,5,6,0.001223717877405718
DMPR,DHARAMPUR,78.265728,28.150306,NR,Uttar Pradesh,4,2,2,0.00044498831905662476
DJI,DHORAJI,70.44478000000001,21.72217,WR,Gujarat,5,2,3,0.000556235398820781
DLD,DALAUDA,75.105361,23.948636999999998,WR,Madhya Pradesh,4,2,2,0.00044498831905662476
TKRU,TAKHRAU,79.212452,27.274196,NCR,Uttar Pradesh,4,2,2,0.00044498831905662476
DSK,DUSKHEDA,75.839083,21.073708,CR,Maharashtra,14,6,8,0.0015574591166981867
DING,Ding,75.2606046,29.461053699999997,NWR,Haryana,5,2,3,0.000556235398820781
DHPD,DHAPARA DHAM,88.246087,24.195866000000002,ER,West Bengal,9,5,4,0.0010012237178774058
DNE,DHAMNI,77.177888,19.647058,SCR,Maharashtra,8,4,4,0.0008899766381132495
DHRJ,DHIRGANJ,81.924339,25.745642,NR,Uttar Pradesh,5,2,3,0.000556235398820781
GDG,GADAG JN,75.642481,15.437048,SWR,Karnataka,7,4,3,0.0007787295583490933
DNJ,DAUNDAJ,74.176780918,18.2300065666,CR,Maharashtra,6,3,3,0.0006674824785849371
DVG,DAVANGERE,75.92229,14.467834,SWR,Karnataka,7,3,4,0.0007787295583490933
DRGM,DEORAGRAM,82.35246400000001,24.096925000000002,WCR,Madhya Pradesh,6,3,3,0.0006674824785849371
DMYA,DAMOY,80.99678700000001,23.971207999999997,WCR,Madhya Pradesh,4,2,2,0.00044498831905662476
DRU,KADUR,76.008846,13.552501000000001,SWR,Karnataka,9,4,5,0.0010012237178774058
DTN,DHAMTAN SAHIB,76.004006,29.688827,NR,Haryana,4,2,2,0.00044498831905662476
FDK,FARIDKOT,74.76137999999999,30.682857,NR,Punjab,4,2,2,0.00044498831905662476
DULP,Daulatpur Haryana,75.88859,29.452122999999997,NR,Haryana,4,2,2,0.00044498831905662476
DPSR,Dapsaura,80.202954,25.983503,NCR,Uttar Pradesh,4,2,2,0.00044498831905662476
DMF,Dumerta,84.914683,22.185683,SER,Orissa,4,2,2,0.00044498831905662476
DPJ,Dharmapuri,78.154742,12.126595,SWR,Tamil Nadu,5,3,2,0.000556235398820781
DVA,Delvada,71.041529,20.773429,WR,Gujarat,2,1,1,0.00022249415952831238
DKU,Dumri Khurd,79.312269,21.310416,SECR,Maharashtra,2,1,1,0.00022249415952831238
DNX,Dhansu,75.801658,29.211731,NR,Haryana,4,2,2,0.00044498831905662476
DIBL,Dholi Bhal,72.0826,22.44572,WR,Gujarat,4,2,2,0.00044498831905662476
DSPN,Deshpran Ph,87.817047,22.029346999999998,?,West Bengal,4,2,2,0.00044498831905662476
DTJ,Detroj,72.1765459082,23.332027810299998,WR,Gujarat,4,2,2,0.00044498831905662476
GRN,GURNAY,75.80467660219999,29.874366636999998,NR,Punjab,5,2,3,0.000556235398820781
GILL,GILL,75.848169,30.840521000000003,NR,Punjab,4,2,2,0.00044498831905662476
DTL,DARRITOLA,82.395751,23.289638,SECR,Chhattisgarh,4,2,2,0.00044498831905662476
DWT,Dewan Hat,89.6653098,26.3029681,NFR,West Bengal,2,1,1,0.00022249415952831238
FNO,FUNGO HALT,86.6044763025,25.6187302859,ECR,Bihar,8,4,4,0.0008899766381132495
FRD,FARHEDI,78.7937161591,28.711716968,NR,Uttar Pradesh,4,2,2,0.00044498831905662476
GKJ,GOLAKGANJ,89.83064999999999,26.108359,NFR,Assam,4,2,2,0.00044498831905662476
FTC,Fatehpur Chursi,80.26179,26.843511,NR,Uttar Pradesh,4,2,2,0.00044498831905662476
GNGL,Gangauli,82.86309299999999,25.668107000000003,NER,Uttar Pradesh,4,2,2,0.00044498831905662476
GKK,GOKAK ROAD,74.738839,16.205164,SWR,Karnataka,6,3,3,0.0006674824785849371
GRRG,GURLI RAMGARHWA,83.771432,27.185738999999998,NER,Uttar Pradesh,4,2,2,0.00044498831905662476
FKB,FAKHRABAD,77.974481,18.824644,SCR,Andhra Pradesh,4,2,2,0.00044498831905662476
GPR,GHORPURI,73.893448392,18.5278209233,CR,Maharashtra,6,2,4,0.0006674824785849371
GHL,GOLHALLI,77.413983,13.148289,SWR,Karnataka,4,2,2,0.00044498831905662476
FSW,Fateh Singhwala,74.029894,29.91997899999999,NWR,Rajasthan,2,1,1,0.00022249415952831238
DYK,DUDHIA KHURD,80.19780499999999,28.46474,NER,Uttar Pradesh,4,2,2,0.00044498831905662476
GND,Govindgarh Malikpur,75.64500100000001,27.240582,NWR,Rajasthan,4,2,2,0.00044498831905662476
GNO,GOREGAON ROAD,73.30253,18.162498,KR,Maharashtra,11,5,6,0.001223717877405718
DWV,DIWANKHAVATI,73.418174,17.855413000000002,KR,Maharashtra,9,4,5,0.0010012237178774058
GMDN,GIRIMAIDAN,87.306151,22.340478,SER,West Bengal,6,3,3,0.0006674824785849371
GSB,GARNA SAHIB,75.65349208250001,31.7805618081,NR,Punjab,10,5,5,0.001112470797641562
GKL,GOKULPUR,87.293716,22.375923,SER,West Bengal,6,3,3,0.0006674824785849371
GLMA,GULMA,88.403784,26.802802,NFR,West Bengal,8,4,4,0.0008899766381132495
EN,ISAND,72.484975,23.294039,WR,Gujarat,8,5,3,0.0008899766381132495
DXN,DUDDHINAGAR,83.21679153630001,24.2090318514,ECR,Uttar Pradesh,8,4,4,0.0008899766381132495
GAJB,GAJARA BAHARA,82.31176099999999,24.05344,WCR,Madhya Pradesh,5,2,3,0.000556235398820781
GMM,Gumman,76.97194,30.842438,NR,Himachal Pradesh,4,2,2,0.00044498831905662476
GBRI,Gobarwahi,79.723237,21.514747,SECR,Maharashtra,4,2,2,0.00044498831905662476
DRZ,Dalli Rajhara,81.067973,20.586729,SECR,Chhattisgarh,4,2,2,0.00044498831905662476
GRHM,Gir Hadmatiya,70.687208,20.988488,WR,Gujarat,4,2,2,0.00044498831905662476
GRKN,Gorakhnath,86.260098,20.308158000000002,ECoR,Orissa,4,2,2,0.00044498831905662476
BGL,Bagula,88.64640372000001,23.335464709999997,ER,West Bengal,4,2,2,0.00044498831905662476
GHS,Guru Harsahai,74.399987,30.715001,NR,Punjab,4,2,2,0.00044498831905662476
GEB,Garh Baruari,86.605596,26.019349,ECR,Bihar,6,3,3,0.0006674824785849371
GAD,Gevra Road,82.64566,22.348523999999998,SECR,Chhattisgarh,2,1,1,0.00022249415952831238
GHRI,Ghori Halt,80.503293,27.373959,NR,Uttar Pradesh,4,2,2,0.00044498831905662476
GJMB,Ganjmuradabad,80.177008,26.987889000000003,NR,Uttar Pradesh,4,2,2,0.00044498831905662476
GAJU,Gaju Halt,80.37297299999999,27.204231,NR,Uttar Pradesh,4,2,2,0.00044498831905662476
GNN,GANGINENI,80.498954,16.781754,SCR,Andhra Pradesh,14,5,9,0.0015574591166981867
HRW,HARRAWALA,78.097705,30.260892,NR,Uttarakhand,5,2,3,0.000556235398820781
NGRS,NAGROTA SURIYAM,76.09101,32.051899,NR,Himachal Pradesh,7,4,3,0.0007787295583490933
HLN,Hole Narsipur,76.24646,12.786494999999999,SWR,Karnataka,10,5,5,0.001112470797641562
HGL,HARANGUL,76.48091199999999,18.385198,CR,Maharashtra,4,2,2,0.00044498831905662476
HBL,HOMBAL,75.576122,15.520135999999999,SWR,Karnataka,4,2,2,0.00044498831905662476
HD,HARDA,77.10084,22.338414,WCR,Madhya Pradesh,7,2,5,0.0007787295583490933
HTL,HATIKHALI,93.09084800000001,25.611069999999998,NFR,Assam,5,2,3,0.000556235398820781
JAO,JAORA,75.11563199999999,23.627772999999998,WR,Madhya Pradesh,4,2,2,0.00044498831905662476
HMK,HINDUMALKOTE,73.925834,30.147102999999998,NR,Rajasthan,4,2,2,0.00044498831905662476
GUNS,GHUNAS,75.420592,30.320113000000003,NR,Punjab,4,2,2,0.00044498831905662476
HA,HARGAON,80.728229,27.769192,NER,Uttar Pradesh,9,5,4,0.0010012237178774058
HMG,HAMIRGARH,74.616939,25.187264,NWR,Rajasthan,5,2,3,0.000556235398820781
HGI,HAGARI,77.0517473206,15.1512387259,SCR,Karnataka,5,2,3,0.000556235398820781
HPRD,HAPA ROAD,72.938107,23.540458,WR,Gujarat,4,2,2,0.00044498831905662476
PTB,PATTAMBI,76.1813366473,10.8019329802,SR,Kerala,8,3,5,0.0008899766381132495
PBJM,Pabnawa Jasmahinder Halt,76.6527179736,29.895695706599998,NR,Haryana,4,2,2,0.00044498831905662476
HDD,HADDINAGUNDU,76.979148,15.153264,SCR,Karnataka,5,2,3,0.000556235398820781
JMS,JAMSAR,73.398985,28.24751,?,Rajasthan,5,3,2,0.000556235398820781
GLPT,GOALPARA TOWN,90.62065899999999,26.126534999999997,NFR,Assam,4,2,2,0.00044498831905662476
HBS,HEBSUR,75.283878,15.42206,SWR,Karnataka,5,2,3,0.000556235398820781
GUK,GUNTAKONDURU,81.077533,16.45715,SCR,Andhra Pradesh,4,2,2,0.00044498831905662476
JAL,JAWALI,73.39687099999999,25.462722,NWR,Rajasthan,9,6,3,0.0010012237178774058
HZN,Hazrat Nagar Halt,78.665909,28.633331000000002,NR,Uttar Pradesh,4,2,2,0.00044498831905662476
HLD,Haludpukur,86.2607646,22.7428208,SER,Jharkhand,2,1,1,0.00022249415952831238
GSGJ,Ghausganj,80.2918266571,27.135126874500003,NR,Uttar Pradesh,4,2,2,0.00044498831905662476
JMV,Jambara,78.251975,21.943048,CR,Madhya Pradesh,4,2,2,0.00044498831905662476
HAS,Hassan Junction,76.117359,13.003182,SWR,Karnataka,11,5,6,0.001223717877405718
HHR,Hridaypur,88.470282,22.711098,ER,West Bengal,4,2,2,0.00044498831905662476
HER,Her,76.97130647339999,18.4269033932,SCR,Maharashtra,4,2,2,0.00044498831905662476
JRKT,JADARAMA KUNTE,75.83866138549999,16.2842670722,SWR,Karnataka,4,2,2,0.00044498831905662476
JGW,JOGIWALA,75.067432,31.093842,NR,Punjab,4,2,2,0.00044498831905662476
IKK,IKKAR,78.099997,29.891989,NR,Uttarakhand,4,2,2,0.00044498831905662476
JCH,JETHA CHANDAN,71.308307,26.999949,NWR,Rajasthan,4,2,2,0.00044498831905662476
QSR,KANSRAO,78.1417954028,30.0785698608,NR,Uttarakhand,4,2,2,0.00044498831905662476
JSKA,JATAULA SAMPHKA,76.799492,28.372602,NR,Haryana,7,4,3,0.0007787295583490933
JWS,JHARWASAA,74.7074,26.210097,NWR,Rajasthan,4,2,2,0.00044498831905662476
JMKR,JAWLMUKHI ROAD,76.226427,32.015744000000005,NR,Himachal Pradesh,5,2,3,0.000556235398820781
KAWL,KANDWAL HALT,75.76982299999999,32.282959,NR,Himachal Pradesh,7,4,3,0.0007787295583490933
KAYR,KAYAR,78.907292,19.90643,?,Maharashtra,7,4,3,0.0007787295583490933
JTW,JAITWAR,80.863876,24.740226,WCR,Madhya Pradesh,9,4,5,0.0010012237178774058
JUK,JAULKA,77.0759090985,20.2854429153,SCR,Maharashtra,8,4,4,0.0008899766381132495
JKE,JUKEHI,80.432389,23.986873000000003,WCR,Madhya Pradesh,8,4,4,0.0008899766381132495
KANO,Kanoh,77.11800600000001,30.992082999999997,NR,Himachal Pradesh,4,2,2,0.00044498831905662476
JIND,JIND JN,76.28961699999999,29.328875999999998,NR,Haryana,12,5,7,0.0013349649571698743
JDH,JAM JODHPUR JN,70.03138700000001,21.906659,WR,Gujarat,4,2,2,0.00044498831905662476
JKB,Jakhalabandha,92.991109,26.563801,NFR,Assam,4,2,2,0.00044498831905662476
JVT,JIVANTI HALT,88.192446,24.080516999999997,ER,West Bengal,4,2,2,0.00044498831905662476
JMK,JAMUNAMUKH,92.741306,26.108194,NFR,Assam,7,4,3,0.0007787295583490933
KDL,Kankroli,73.909586,25.049118999999997,NWR,Rajasthan,4,2,2,0.00044498831905662476
JRQ,JHAROKHAS,83.164150647,24.1796156953,ECR,Uttar Pradesh,10,5,5,0.001112470797641562
JEA,Nakaha Jungle,83.360755,26.803135,NER,Uttar Pradesh,4,2,2,0.00044498831905662476
JOBA,JOBA,81.762682,24.096599,WCR,Madhya Pradesh,7,4,3,0.0007787295583490933
JMN,JAMUAWAN,85.292477,24.81523,?,Bihar,5,3,2,0.000556235398820781
JRLI,Jaroli,85.419294,21.952769,?,Orissa,4,2,2,0.00044498831905662476
JSS,JASIA,76.649455,29.005748999999998,?,Haryana,4,2,2,0.00044498831905662476
KASU,KASU,73.079446,18.64059,CR,Maharashtra,9,3,6,0.0010012237178774058
KAL,Kallai,78.670312,9.977293,SR,Tamil Nadu,4,2,2,0.00044498831905662476
KAWR,KARWAR,74.183139,14.821387,KR,Karnataka,7,3,4,0.0007787295583490933
IPR,Islampur,85.2173007153,25.138577101499997,ECR,Bihar,2,1,1,0.00022249415952831238
JDB,JAGDALPUR,82.013757,19.066004,ECoR,Chhattisgarh,4,2,2,0.00044498831905662476
CGKP,CHANDAGIRIKOPAL,76.716049,12.478701999999998,SWR,Karnataka,5,3,2,0.000556235398820781
JWB,JAWAI BANDH,73.14732500000001,25.114043000000002,NWR,Rajasthan,5,2,3,0.000556235398820781
JJJ,Jaijon Doaba,76.134971,31.349656,NR,Punjab,1,0,1,0.00011124707976415619
JJG,JiaGanj,88.27698,24.244268,ER,West Bengal,4,2,2,0.00044498831905662476
NGRI,New Garia,88.397713,22.4727,,,0,0,0,0.0
HSRA,Hosur,77.822839,12.717606,SWR,Tamil Nadu,5,2,3,0.000556235398820781
KBK,Khamil Ghat,73.864884,25.626813000000002,NWR,Rajasthan,4,2,2,0.00044498831905662476
JCN,Junichavand,70.683667,21.385151,WR,Gujarat,4,2,2,0.00044498831905662476
KANS,Kansiya Nes,70.64004200000001,21.244101999999998,WR,Gujarat,4,2,2,0.00044498831905662476
KDM,KESAMUDRAM,79.89647099999999,17.686252,SCR,Andhra Pradesh,15,8,7,0.0016687061964623428
CNHL,CHINK HILL,75.45468500000001,18.099269000000003,CR,Maharashtra,4,2,2,0.00044498831905662476
KD,KUNDARKHI,78.7880650638,28.680444428799998,NR,Uttar Pradesh,4,2,2,0.00044498831905662476
COA,Kakinada Port,82.240057,16.955204000000002,SCR,Andhra Pradesh,2,1,1,0.00022249415952831238
JRLE,JANGIPUR ROAD,88.04076,24.459515,ER,West Bengal,9,4,5,0.0010012237178774058
CKTD,CHITRAKUTDHAM KARWI,80.922775,25.217610999999998,NCR,Uttar Pradesh,4,2,2,0.00044498831905662476
KCM,Kalasumudram,78.099683,14.21716,SCR,Andhra Pradesh,4,2,2,0.00044498831905662476
KDK,KOHDAD,76.36547849,21.7026228941,CR,Madhya Pradesh,6,3,3,0.0006674824785849371
CHU,Champion,78.262564,12.936251,SWR,Karnataka,4,2,2,0.00044498831905662476
CJR,CHAMARAJ,71.555883,22.735539,WR,Gujarat,6,3,3,0.0006674824785849371
CJL,CHAJLI,75.81228634829999,30.042985535099998,NR,Punjab,5,2,3,0.000556235398820781
KEK,KARKHELI,77.73819999999999,18.944571,SCR,Maharashtra,5,2,3,0.000556235398820781
CNPR,CHAINPUR,85.582933,23.729821,ECR,,4,2,2,0.00044498831905662476
KDI,KUNDLI,71.68394941769999,22.2788440574,WR,Gujarat,6,2,4,0.0006674824785849371
CIA,CHHEHARTA,74.794278,31.621878000000002,NR,Punjab,4,2,2,0.00044498831905662476
CNO,CANCONA,74.039454,15.006905999999999,KR,Goa,8,4,4,0.0008899766381132495
CJA,CHONGAJAN,93.818104,26.062329,NFR,Assam,10,4,6,0.001112470797641562
CLR,CASTLE ROCK,74.334484,15.397879,SWR,Karnataka,4,2,2,0.00044498831905662476
KDO,KADAKOLA,76.663729,12.190406999999999,SWR,Karnataka,4,2,2,0.00044498831905662476
JPZ,JOGIGHOPA,90.576384,26.241537,NFR,Assam,7,4,3,0.0007787295583490933
KGN,Kurseong,88.277001,26.877401000000003,NFR,West Bengal,3,2,1,0.0003337412392924686
CKMI,Chhotaki Masaudhi Halt,85.0317514441,25.330397498299998,?,,4,2,2,0.00044498831905662476
KAWT,Kanwat,75.67626636840001,27.5895214437,NWR,Rajasthan,6,3,3,0.0006674824785849371
CNN,Chintaman Ganes,75.741029,23.145849,WR,Madhya Pradesh,4,2,2,0.00044498831905662476
CMA,Cinnamara,94.169432,26.715526999999998,NFR,Assam,4,2,2,0.00044498831905662476
CMW,Chima Pahad,80.463656,17.516012,SCR,Andhra Pradesh,4,2,2,0.00044498831905662476
CHTT,Chitta Halt,77.53707700000001,17.823439,NCR,Uttar Pradesh,0,0,0,0.0
CKD,Charkhi Dadri,76.279921,28.600799,NWR,Haryana,4,2,2,0.00044498831905662476
CKSR,Chak Safaura Halt,79.842478,28.211203,NER,Uttar Pradesh,4,2,2,0.00044498831905662476
CHWT,Chhaprawat,77.79989095580001,28.541970328,NR,Uttar Pradesh,4,2,2,0.00044498831905662476
KDBA,Kodimbala Halt,75.476631,12.718252,SWR,Karnataka,4,2,2,0.00044498831905662476
KEMR,KEMRI,79.19779600000001,28.809864,NER,Uttar Pradesh,6,3,3,0.0006674824785849371
KHTX,KHED TEMPLE HALT,72.109226,25.886233999999998,NWR,Rajasthan,5,3,2,0.000556235398820781
CPU,CHOPAN,83.025843,24.51403,ECR,Uttar Pradesh,6,2,4,0.0006674824785849371
DAC,DAHINSARA JN,70.618291,22.955606999999997,WR,Gujarat,3,1,2,0.0003337412392924686
PTZ,Patsul,77.038231,21.0022,SCR,Maharashtra,4,2,2,0.00044498831905662476
KJA,KHAJURHAT,82.126813,26.525308,NR,Uttar Pradesh,4,2,2,0.00044498831905662476
DBD,DEOBAND,77.67087339999999,29.680031500000002,NR,Uttar Pradesh,6,3,3,0.0006674824785849371
CRG,CHURAMAN NAGRI,77.61766999999999,27.40119,WCR,Rajasthan,5,3,2,0.000556235398820781
COR,CHITTAURGARH,74.623687,24.874340999999998,WR,Rajasthan,8,4,4,0.0008899766381132495
CVB,CAVALRY BARRCKS,78.518694,17.494734,SCR,Andhra Pradesh,5,3,2,0.000556235398820781
CUK,CHURK,83.1032006,24.6496787,NCR,Uttar Pradesh,8,5,3,0.0008899766381132495
KIN,Kapasan,74.312762,24.86221,NWR,Rajasthan,5,3,2,0.000556235398820781
KHRY,KHAIRAHI,82.9857744763,24.8020366077,NCR,Uttar Pradesh,7,4,3,0.0007787295583490933
DAB,DHARMABAD,77.8493415012,18.888260310099998,SCR,Maharashtra,4,2,2,0.00044498831905662476
CRD,MUMBAI CURREY ROAD,72.83265999999999,18.9937,CR,Maharashtra,6,2,4,0.0006674824785849371
CTHT,CHATAR HALT,85.495374,24.842143999999998,ECR,Bihar,7,3,4,0.0007787295583490933
KLAD,KALANAD HALT,74.998515,12.467679,SR,Kerala,8,3,5,0.0008899766381132495
DAS,DHASA JN,71.51800800000001,21.782545,WR,Gujarat,8,4,4,0.0008899766381132495
KHD,KHODIYAR,72.548244,23.156554,WR,Gujarat,11,5,6,0.001223717877405718
CTRL,CHHATRAL,72.46851799999999,23.26246,WR,Gujarat,8,3,5,0.0008899766381132495
CTKT,Choti Khatu,74.35722999999999,27.155534,NWR,Rajasthan,5,3,2,0.000556235398820781
KKD,Kalkund,75.85927000000001,22.47801,WR,Madhya Pradesh,4,2,2,0.00044498831905662476
CRE,Charghat Piparia,79.929889,23.044097,SECR,Madhya Pradesh,4,2,2,0.00044498831905662476
D,Deula,88.28148300000001,22.214924,ER,West Bengal,4,2,2,0.00044498831905662476
KJV,Khijadiya Junction,71.275556,21.740875,WR,Gujarat,6,3,3,0.0006674824785849371
DARI,Dhari Junction,71.027594,21.326767,WR,Gujarat,4,2,2,0.00044498831905662476
DEA,Diara,88.280471,22.798157,ER,West Bengal,4,2,2,0.00044498831905662476
CRN,Charegaon,80.1401154919,22.042038383999998,SECR,Madhya Pradesh,4,2,2,0.00044498831905662476
CTL,Chital,71.218128,21.745689,WR,Gujarat,4,2,2,0.00044498831905662476
DPUR,Dadpur,83.250076,19.972516,,,0,0,0,0.0
KHRI,Kharkhari,86.234894,23.760124,SER,Jharkhand,5,3,2,0.000556235398820781
KFH,Katphal,74.59603216999999,18.23255147,CR,Maharashtra,4,2,2,0.00044498831905662476
KJPD,Kurinjipadi,79.595999,11.572583,SR,Tamil Nadu,4,2,2,0.00044498831905662476
KLH,Khemli,73.84238599999999,24.690834,NWR,Rajasthan,6,3,3,0.0006674824785849371
KLNK,Kalanaur Kalan,76.389612,28.8349236,NWR,Haryana,4,2,2,0.00044498831905662476
DDK,Dhindsa,74.738503,30.895838,NR,Punjab,4,2,2,0.00044498831905662476
KMT,KHAMMAM,80.138491,17.249347,SCR,Andhra Pradesh,9,5,4,0.0010012237178774058
KTHA,KHUTAHA,80.86085,24.802248,WCR,Madhya Pradesh,6,4,2,0.0006674824785849371
DGJ,DUNGAR JN,71.55322600000001,21.078274,WR,Gujarat,4,2,2,0.00044498831905662476
KMA,KAIMA,80.845912,24.611085,WCR,Madhya Pradesh,6,3,3,0.0006674824785849371
KNRG,KANHARGAON NAKA,77.1462260938,19.9439708108,SCR,Maharashtra,4,2,2,0.00044498831905662476
KMLM,Kelamangalam,77.865703,12.616200000000001,SWR,Tamil Nadu,4,2,2,0.00044498831905662476
KTLR,KANTHALIYA ROAD,88.179001,23.991771,ER,West Bengal,4,2,2,0.00044498831905662476
KRPR,KAREPUR,76.681135,18.589152000000002,SCR,Maharashtra,5,2,3,0.000556235398820781
KNW,KHANDWA,76.353227,21.823596,CR,Madhya Pradesh,12,6,6,0.0013349649571698743
KNG,Kathunangal,75.015194,31.7287,NR,Punjab,4,2,2,0.00044498831905662476
DH,Diamond Harbour,88.18991600000001,22.191902,ER,West Bengal,2,1,1,0.00022249415952831238
DHY,DHARODI,76.0559746887,29.6399235976,NR,Haryana,6,2,4,0.0006674824785849371
KNAR,KHANPUR AHIR,76.589847,27.911754000000002,NWR,Rajasthan,5,3,2,0.000556235398820781
KOP,C SHAHU M RAJ KOLHAPUR TERM,74.237695,16.70257,CR,Maharashtra,4,1,3,0.00044498831905662476
KOLI,KESHOLI,76.790369,24.727194,WCR,Rajasthan,7,3,4,0.0007787295583490933
DGPP,DHENGLI PP GOAN,76.49169,19.406622,SCR,Maharashtra,4,2,2,0.00044498831905662476
KTHD,Kothari Road,82.70858000000001,22.156964000000002,SECR,Chhattisgarh,4,2,2,0.00044498831905662476
KMBL,KHAMBHALIYA,69.657344,22.217513,WR,Gujarat,8,3,5,0.0008899766381132495
KRDL,Kirandul,81.25813099999999,18.757486,ECoR,Chhattisgarh,1,1,0,0.00011124707976415619
KNLS,KANALAS JN,69.896549,22.319955,WR,Gujarat,8,5,3,0.0008899766381132495
KODN,KODUMUNDA,76.1428790756,10.816930512899999,SR,Kerala,8,5,3,0.0008899766381132495
KSDE,KARSINDHU,76.731866,29.392008,NR,Haryana,4,2,2,0.00044498831905662476
KSC,KASHI CHAK,85.718754,25.070798999999997,ECR,Bihar,7,3,4,0.0007787295583490933
DGNH,DERGAON HALT,85.75131900000001,25.088974,?,,5,3,2,0.000556235398820781
KRYA,KURRAIYA,80.24421199999999,28.416819,NER,Uttar Pradesh,4,2,2,0.00044498831905662476
KRJD,KARJODA,72.45567100000001,24.218469000000002,NWR,Gujarat,4,2,2,0.00044498831905662476
KPKI,QASIMPUR KHERI,77.28593,29.182769999999998,NR,Uttar Pradesh,4,2,2,0.00044498831905662476
KMSD,Kumar Sadra,81.671506,18.912986,ECoR,Chhattisgarh,2,1,1,0.00022249415952831238
KPE,Kauwapur,82.2979015082,27.5158216097,NER,Uttar Pradesh,4,2,2,0.00044498831905662476
KSUA,Kashipura,73.170262,23.120701,WR,Gujarat,4,2,2,0.00044498831905662476
KRA,Karepalli,80.27186499999999,17.511408000000003,SCR,Andhra Pradesh,4,2,2,0.00044498831905662476
KTRD,Katosan Road,72.246237,23.409181,WR,Gujarat,10,5,5,0.001112470797641562
DHK,Dhakuria,88.371504,22.51554,ER,West Bengal,4,2,2,0.00044498831905662476
KNL,Kalanwali,74.97985,29.835057,NWR,Haryana,4,2,2,0.00044498831905662476
LHU,Loharu,75.801613,28.427051,NWR,Haryana,6,3,3,0.0006674824785849371
DNHK,DHINDHORA HKMKD,77.103482,26.803925,WCR,Rajasthan,8,3,5,0.0008899766381132495
LKY,LAKHMAPUR,75.627712,15.870282,SWR,Karnataka,8,4,4,0.0008899766381132495
LPW,Loharpurwa,83.268484,27.082641,NER,Uttar Pradesh,4,2,2,0.00044498831905662476
LNS,LUNSU HALT,76.1797,32.018944,NR,Himachal Pradesh,4,2,2,0.00044498831905662476
LER,Lehra,83.23414199999999,27.161243,NER,Uttar Pradesh,4,2,2,0.00044498831905662476
MKRA,MAKRERA,74.5333715979,26.310925310800002,NWR,Rajasthan,5,2,3,0.000556235398820781
LHN,LACHYAN,75.9717014606,17.2795737583,SWR,Maharashtra,6,3,3,0.0006674824785849371
LAUL,LAUL,75.3950100488,18.0338728828,CR,Maharashtra,4,2,2,0.00044498831905662476
KVC,KAPARPURA,85.309233,26.179892000000002,ECR,Bihar,5,2,3,0.000556235398820781
LDCY,LODI COLONY,77.216548,28.579455000000003,NR,Delhi NCT,4,2,2,0.00044498831905662476
MDPA,MANDPIYA,74.63571300000001,25.261369,NWR,Rajasthan,5,3,2,0.000556235398820781
KTE,KATNI,80.400543,23.833385,WCR,Madhya Pradesh,22,10,12,0.002447435754811436
KY,KARELI,79.066765,22.932344,WCR,Madhya Pradesh,7,2,5,0.0007787295583490933
LMD,LINGANENIDODDI,77.703397,15.399929,SCR,Andhra Pradesh,7,4,3,0.0007787295583490933
KXX,KATA ROAD,77.11088000000001,20.187338999999998,SCR,Maharashtra,8,4,4,0.0008899766381132495
KURJ,KHAJURAHO,79.8900217,24.7969839,NCR,Madhya Pradesh,3,1,2,0.0003337412392924686
LKT,HULKOTI,75.531958,15.434667000000001,SWR,Karnataka,4,2,2,0.00044498831905662476
LAD,Lohardaga,84.70733,23.445967,SER,Jharkhand,2,1,1,0.00022249415952831238
KVS,KALSUR,75.40095653559999,14.888042065499999,SWR,Karnataka,4,2,2,0.00044498831905662476
KZPR,KAZIPARA,88.188491,23.909854000000003,ER,West Bengal,4,2,2,0.00044498831905662476
LMG,LUMDING JN,93.17660000000001,25.750035999999998,NFR,Assam,9,5,4,0.0010012237178774058
LR,LADPURA,74.728726,26.504385,NWR,Rajasthan,5,2,3,0.000556235398820781
KZX,KHUDDA KORALA,75.647484,31.729693,NR,Punjab,9,4,5,0.0010012237178774058
MHJ,MAHAJAN,73.85366599999999,28.793007,NWR,Rajasthan,4,2,2,0.00044498831905662476
LKS,LUNKARANSAR,73.743155,28.493395,NWR,Rajasthan,4,2,2,0.00044498831905662476
MJBT,MAJBAT,92.287814,26.784587,,,4,2,2,0.00044498831905662476
LUNI,LUNI JN,73.003175,26.001255999999998,NWR,Rajasthan,9,5,4,0.0010012237178774058
KTRR,Kathara Road,80.228735,26.310011,NCR,Uttar Pradesh,4,2,2,0.00044498831905662476
KWW,Kuswa,78.40369700000001,27.473814,NCR,Uttar Pradesh,4,2,2,0.00044498831905662476
KUDL,KUDAL,73.67813000000001,16.017651,KR,Maharashtra,13,3,10,0.0014462120369340306
KUL,KALLAYI,75.788884,11.234606999999999,SR,Kerala,7,5,2,0.0007787295583490933
KVM,Kavutaram,81.069608,16.328919999999997,SCR,Andhra Pradesh,4,2,2,0.00044498831905662476
MAD,MADDUR,77.049522,12.604742,SWR,Karnataka,8,4,4,0.0008899766381132495
KUPR,Khurdpur,75.72317,31.424854,NR,Punjab,4,2,2,0.00044498831905662476
BDYR,Bidyadabri,89.767506,26.271855000000002,,,0,0,0,0.0
MAH,Madhoganj,80.135457,27.117963000000003,NR,Uttar Pradesh,6,3,3,0.0006674824785849371
LOV,Lovedale,76.704285,11.382403,SR,Tamil Nadu,4,2,2,0.00044498831905662476
LKQ,Laukaha Bazar,86.463013,26.543198,ECR,Bihar,2,1,1,0.00022249415952831238
KVLR,Karuvalli,78.027912,11.831114000000001,SWR,Tamil Nadu,4,2,2,0.00044498831905662476
LSG,Lawa Sardargarh,73.948453,25.272755999999998,NWR,Rajasthan,4,2,2,0.00044498831905662476
MJL,MAJHOWLIA,84.619139,26.802772,ECR,Bihar,8,3,5,0.0008899766381132495
JML,Jumnal,75.7141335645,16.723002286099998,,,0,0,0,0.0
MNKB,MIYONKA BARA,72.728511,25.872726999999998,NWR,Rajasthan,5,2,3,0.000556235398820781
MBG,MAIBANG,93.13537099999999,25.30497,NFR,Assam,4,2,2,0.00044498831905662476
MKR,MADDIKERA,77.411496,15.256635000000001,SCR,Andhra Pradesh,4,2,2,0.00044498831905662476
MC,MANDAPAM CAMP,79.134997,9.281533,SR,Tamil Nadu,4,2,2,0.00044498831905662476
LUR,LATUR,76.55604899999999,18.429166,CR,Maharashtra,4,2,2,0.00044498831905662476
MJPB,Manjhra Purab,81.160402,28.300646,NER,Uttar Pradesh,5,2,3,0.000556235398820781
LTRR,LATUR ROAD,76.845289,18.506494,SCR,Maharashtra,7,3,4,0.0007787295583490933
MKHR,MARWAR KHARA,72.1300715057,27.060569440800002,NWR,Rajasthan,5,2,3,0.000556235398820781
MABD,MAHBUBABAD,79.999792,17.597561,SCR,Andhra Pradesh,12,4,8,0.0013349649571698743
MGG,MANGLIYA GAON,75.91805099999999,22.815074,WR,Madhya Pradesh,4,2,2,0.00044498831905662476
MGL,MANGELA,75.74938300000001,16.223191,?,Karnataka,5,2,3,0.000556235398820781
MDS,MANDASOR,75.07634300000001,24.075937000000003,WR,Madhya Pradesh,4,2,2,0.00044498831905662476
MAKH,MOKHAMPURA,74.68323000000001,26.030315,NWR,Rajasthan,4,2,2,0.00044498831905662476
MAY,MARIAHU,82.598166,25.597006,NR,Uttar Pradesh,4,2,2,0.00044498831905662476
MLDE,MADLAUDA,76.809711,29.399824,NR,Haryana,4,2,2,0.00044498831905662476
MED,MEDCHAL,78.474557,17.639335,SCR,Andhra Pradesh,4,2,2,0.00044498831905662476
ME,MASAIPET,78.4669570667,17.8805365542,SCR,Andhra Pradesh,4,2,2,0.00044498831905662476
MDVR,MADHAVNAGAR,74.575493,16.886605,CR,Maharashtra,8,5,3,0.0008899766381132495
KDRD,KHULDIL ROAD,82.86161,24.368371999999997,ECR,Uttar Pradesh,4,2,2,0.00044498831905662476
MLI,MANGALIYAWAS,74.492705,26.278197000000002,NWR,Rajasthan,6,2,4,0.0006674824785849371
MDT,MADARIHAT,89.274559021,26.694551388,NFR,West Bengal,6,4,2,0.0006674824785849371
DWDI,Dighwa Dubauli,84.7432486377,26.2652295458,NER,Bihar,4,2,2,0.00044498831905662476
MHV,MAHUVA JN,71.756011,21.09412,WR,Gujarat,3,2,1,0.0003337412392924686
MHBZ,Mahtha Bazar,82.957379,27.391561,NER,Uttar Pradesh,4,2,2,0.00044498831905662476
MIM,Maniram,83.342407,26.838267,NER,Uttar Pradesh,4,2,2,0.00044498831905662476
MBV,Mirzapur Bachhaud,76.198447,28.077937000000002,NWR,Haryana,6,3,3,0.0006674824785849371
MDDG,Malad Gaon,74.596581,18.36212,CR,Maharashtra,4,2,2,0.00044498831905662476
MNJR,Manjhlepur,81.178625,25.994578,NR,Uttar Pradesh,4,2,2,0.00044498831905662476
MGF,Mandagere,76.378905,12.730158,SWR,Karnataka,9,4,5,0.0010012237178774058
GADH,Goaldih,85.54626499999999,21.726323,?,Orissa,4,2,2,0.00044498831905662476
MDE,Makhdumpur Gaya,84.979105,25.077130999999998,ECR,Bihar,6,3,3,0.0006674824785849371
MHQ,Mahuda,86.27078300000001,23.747481,SER,Jharkhand,9,5,4,0.0010012237178774058
MMD,Maheshmunda,86.38903300000001,24.232416,ER,Jharkhand,6,3,3,0.0006674824785849371
MRHT,MORANHAT,94.9193076,27.1829782,NFR,Assam,6,3,3,0.0006674824785849371
MTMI,MOTIMARI,80.320896,16.956602,SCR,Andhra Pradesh,11,5,6,0.001223717877405718
MVN,MILAVITTAN,78.087335,8.811577000000002,SR,Tamil Nadu,5,3,2,0.000556235398820781
MQC,MUNDKA,77.0285688654,28.6884911989,NR,Delhi NCT,5,2,3,0.000556235398820781
MRV,MARSUL,77.09815599999999,19.233398,SCR,Maharashtra,11,6,5,0.001223717877405718
MY,MALLIYAM,79.595866,11.079116,SR,Tamil Nadu,4,2,2,0.00044498831905662476
MOPR,MOHANPURA,73.845031,29.992445,NR,Rajasthan,4,2,2,0.00044498831905662476
MSR,MASUR,74.14420899999999,17.404241,CR,Maharashtra,5,2,3,0.000556235398820781
MPLM,MARTHIPALAYAM,78.023359,11.021579000000001,SR,Tamil Nadu,6,2,4,0.0006674824785849371
NRD,NARODA,72.658017,23.085662,WR,Gujarat,6,3,3,0.0006674824785849371
MUUA,MAHUAWA KHURD,83.59392199999999,26.854361,NER,Uttar Pradesh,5,3,2,0.000556235398820781
MSH,MAHESANA JN,72.388708,23.602623,WR,Gujarat,12,6,6,0.0013349649571698743
NIIJ,NILAJE,73.079908,19.155061999999997,CR,Maharashtra,7,3,4,0.0007787295583490933
MUKE,MUKKALI,75.55036199999999,11.68423,SR,Kerala,11,5,6,0.001223717877405718
MVF,MANABAR,82.695903,18.839732,ECoR,Orissa,6,3,3,0.0006674824785849371
MYS,MYSORE JN,76.646013,12.318946,SWR,Karnataka,14,8,6,0.0015574591166981867
MRF,Marpalli,77.771485,17.54542,SCR,Andhra Pradesh,5,3,2,0.000556235398820781
MSS,Masarahalli,75.735905,13.804192,SWR,Karnataka,4,2,2,0.00044498831905662476
MPE,Malatipur,88.76282300000001,22.651892,ER,West Bengal,2,1,1,0.00022249415952831238
NPS,Napasar,73.56399,27.980942000000002,NWR,Rajasthan,4,2,2,0.00044498831905662476
MZU,Marandahalli,78.01732899999999,12.388944,SWR,Tamil Nadu,6,3,3,0.0006674824785849371
MXP,Malupota,75.965393,31.184014,NR,Punjab,2,1,1,0.00022249415952831238
MPG,Manpur Nagaria,78.818201,27.908304,NER,Uttar Pradesh,4,2,2,0.00044498831905662476
MTND,Mattagajpur,85.946128,20.441551999999998,ECoR,Orissa,4,2,2,0.00044498831905662476
PAW,PANDABESWAR,87.277416,23.711965,ER,West Bengal,6,3,3,0.0006674824785849371
MYR,MAIHAR,80.763148,24.255485,WCR,Madhya Pradesh,9,4,5,0.0010012237178774058
NBUE,NIBKARORI,79.40995965580001,27.3287489158,NCR,Uttar Pradesh,4,2,2,0.00044498831905662476
PBN,PARBHANI JN,76.774119,19.257460000000002,SCR,Maharashtra,8,5,3,0.0008899766381132495
PAU,PURNA JN,77.024985,19.180526999999998,SCR,Maharashtra,9,4,5,0.0010012237178774058
OSN,OSIYAN,72.899779,26.729223,NWR,Rajasthan,4,2,2,0.00044498831905662476
NGTG,New Gitaldaha,89.5868746,26.0707762,NFR,West Bengal,2,1,1,0.00022249415952831238
PBM,PAMBAN JN,79.213482,9.279729,SR,Tamil Nadu,4,2,2,0.00044498831905662476
ORDI,ORDI,74.6304202759,24.835766629899997,WR,Rajasthan,4,2,2,0.00044498831905662476
NM,Naimisharanya,80.484435,27.355137,NR,Uttar Pradesh,4,2,2,0.00044498831905662476
PALM,PALAIYAM,78.129081,10.718615000000002,SR,Tamil Nadu,5,2,3,0.000556235398820781
PHC,PANCHOT,72.339879,23.635161999999998,WR,Gujarat,4,2,2,0.00044498831905662476
NVLN,NAWALGOHAN,77.1232722153,19.7986346861,SCR,Maharashtra,6,3,3,0.0006674824785849371
NLE,NILESHWAR,75.13575,12.255885000000001,SR,Kerala,6,3,3,0.0006674824785849371
NWD,NAWADIH,85.54864500000001,24.886758,ECR,Bihar,8,4,4,0.0008899766381132495
NNGL,Naya Nangal,76.35421099999999,31.378961,NR,Punjab,4,2,2,0.00044498831905662476
JMM,JAIMURTINAGAR F,85.066065,26.836932,,,4,2,2,0.00044498831905662476
NAU,NADAPURAM ROAD,75.575581,11.639509,SR,Kerala,9,4,5,0.0010012237178774058
NHF,Nihasta Halt,80.92503500000001,26.212312999999998,NR,Uttar Pradesh,4,2,2,0.00044498831905662476
PANP,PANDAVAPURA,76.681387,12.463018,SWR,Karnataka,8,3,5,0.0008899766381132495
NVU,NAVALUR,75.055491,15.415517999999999,SWR,Karnataka,7,4,3,0.0007787295583490933
NYY,NEYYATTINKARA,77.08111000000001,8.41041,SR,Kerala,4,2,2,0.00044498831905662476
NLQ,Nangal Pathani Halt,76.496786,28.364489,NWR,Haryana,4,2,2,0.00044498831905662476
NRJ,Narimogaru,75.29242739200001,12.7463856826,SWR,Karnataka,4,2,2,0.00044498831905662476
NRKP,Narkopi,85.0156235815,23.3756204426,SER,Jharkhand,4,2,2,0.00044498831905662476
GNS,Ghonsor,79.95091,22.658083,SECR,Madhya Pradesh,6,2,4,0.0006674824785849371
NNP,Nanpara Junction,81.512594,27.859887,NER,Uttar Pradesh,8,4,4,0.0008899766381132495
NMGY,Numaligarh,93.865713,26.601184,NFR,Assam,4,2,2,0.00044498831905662476
NPR,Nepalganj Road,81.60073,28.010872,NER,Uttar Pradesh,2,1,1,0.00022249415952831238
NKR,Nimar Kheri,76.150998,22.11119,WR,Madhya Pradesh,4,2,2,0.00044498831905662476
NTV,Nautanwa,83.42129700000001,27.42688,NER,Uttar Pradesh,2,1,1,0.00022249415952831238
NTM,Narthamalai,78.78913999999999,10.506577,SR,Tamil Nadu,4,2,2,0.00044498831905662476
PAQ,PADIYA NAQLA,78.90761,29.085837,NER,Uttarakhand,5,2,3,0.000556235398820781
PKNA,PAKHNA,79.304318,27.302522,NCR,Uttar Pradesh,4,2,2,0.00044498831905662476
PO,PARANGIPETTAI,79.73604499999999,11.476847000000001,SR,Tamil Nadu,4,2,2,0.00044498831905662476
PPH,PIPRI DIH,83.500574,25.879046,NER,Uttar Pradesh,4,2,2,0.00044498831905662476
PPU,PIPARPUR,82.038949,26.137823,NR,Uttar Pradesh,4,2,2,0.00044498831905662476
PSLP,PASALAPUDI,81.095153,16.470923000000003,SCR,Andhra Pradesh,4,2,2,0.00044498831905662476
OTR,MOTURU,81.051142,16.439968999999998,SCR,Andhra Pradesh,4,2,2,0.00044498831905662476
PDZ,PILIODA,76.86438199999999,26.606366,WCR,Rajasthan,5,3,2,0.000556235398820781
PJK,PANJ KOSI,74.057408,30.137676000000003,NR,Rajasthan,4,2,2,0.00044498831905662476
PKK,PAKKI,74.35550400000001,30.164759,NR,Punjab,4,2,2,0.00044498831905662476
NVT,NAVIPET,78.013194,18.770457,SCR,Andhra Pradesh,4,2,2,0.00044498831905662476
PGG,PENGANGA,77.1230451306,19.9603213601,SCR,Maharashtra,4,2,2,0.00044498831905662476
PBV,Paliba,82.695712,18.659914999999998,ECoR,Orissa,2,1,1,0.00022249415952831238
PDG,PARADGAON,76.14738700000001,19.629143,SCR,Maharashtra,6,3,3,0.0006674824785849371
PPDE,PANDU PINDARA,76.37130800000001,29.307976,NR,Haryana,4,2,2,0.00044498831905662476
PCL,Pulicherla,79.040396,13.598983,SCR,Andhra Pradesh,4,2,2,0.00044498831905662476
BNDA,BANDA JN,80.336246,25.477677,NCR,Uttar Pradesh,6,3,3,0.0006674824785849371
QRP,KILA RAIPUR,75.82748600000001,30.759177,NR,Punjab,4,2,2,0.00044498831905662476
PLCJ,PHALODI JN,72.36686300000001,27.124914,NWR,Rajasthan,6,3,3,0.0006674824785849371
PDR,Payagpur,81.776186,27.407067,NER,Uttar Pradesh,8,4,4,0.0008899766381132495
PRDG,PORADANGA HALT,88.2261646533,24.2602726462,ER,West Bengal,4,2,2,0.00044498831905662476
PAS,PASUR,77.85708699999999,11.236640999999999,SR,Tamil Nadu,5,3,2,0.000556235398820781
PSAE,PURBASTHALI,88.323896,23.453302,ER,West Bengal,5,3,2,0.000556235398820781
PNVT,PANCHARATNA,90.55599600000001,26.158866,NFR,Assam,5,2,3,0.000556235398820781
PPW,Pachperwa,82.657808,27.528038,NER,Uttar Pradesh,4,2,2,0.00044498831905662476
PKB,PATHARKHOLA S,93.1029777271,25.7789313494,NFR,Assam,6,2,4,0.0006674824785849371
PNT,PANITOLA,95.2499423993,27.4967510918,NFR,Assam,13,8,5,0.0014462120369340306
PNGI,Panangudi,78.612621,9.921169,SR,Tamil Nadu,5,3,2,0.000556235398820781
PCH,PACHHAPUR,74.672174,16.093145,SWR,Karnataka,8,3,5,0.0008899766381132495
PLV,PALSI,74.111907,17.812195000000003,CR,Maharashtra,5,2,3,0.000556235398820781
PRSP,PRASADPUR,80.08117200000001,28.54694,NER,Uttar Pradesh,3,2,1,0.0003337412392924686
PJ,Peppeganj,83.294438,26.930569,NER,Uttar Pradesh,4,2,2,0.00044498831905662476
PN,PANSAR,72.47975,23.307875,WR,Gujarat,4,2,2,0.00044498831905662476
PDY,Puducherry,79.828127,11.925445999999999,SR,Puducherry,4,2,2,0.00044498831905662476
PIS,Piska,85.20610187930001,23.3295427441,SER,Jharkhand,4,2,2,0.00044498831905662476
PFU,Padua,82.687882,18.396744,ECoR,Orissa,2,1,1,0.00022249415952831238
NUJ,Nujella,81.022402,16.386599,SCR,Andhra Pradesh,4,2,2,0.00044498831905662476
HT,Hotar,88.39900800000001,22.308540999999998,ER,West Bengal,4,2,2,0.00044498831905662476
PRSL,Pandrasali,85.806909,22.63341,SER,Jharkhand,4,2,2,0.00044498831905662476
PHM,Patapatnam,84.081469892,18.7407526287,ECoR,Andhra Pradesh,4,2,2,0.00044498831905662476
PM,PALAM,77.09295,28.585656,NR,Delhi NCT,6,3,3,0.0006674824785849371
PTAE,PATULI,88.25171385990001,23.5475854116,ER,West Bengal,4,2,2,0.00044498831905662476
BKIT,BINKADAKATTI,75.5954738599,15.4367140478,,,5,3,2,0.000556235398820781
PVR,PANDHARPUR,75.319283,17.66849,CR,Maharashtra,4,2,2,0.00044498831905662476
ROS,RAJOSI,74.671814,26.312897,NWR,Rajasthan,4,2,2,0.00044498831905662476
RJT,RAJKOT JN,70.803446,22.312206,WR,Gujarat,12,5,7,0.0013349649571698743
INDB,INDORE JN BG,75.868429,22.71757,WR,Madhya Pradesh,6,2,4,0.0006674824785849371
RGI,RAMGIRI,76.1254542236,13.9501446899,SWR,Karnataka,7,4,3,0.0007787295583490933
RBG,RAYBAG,74.80682566349999,16.483374512,SWR,Karnataka,7,3,4,0.0007787295583490933
SBNR,SHRI VIJAINAGAR,73.523389,29.240494,NWR,Rajasthan,8,4,4,0.0008899766381132495
PNHR,PANIHAR,78.014931,26.099221,WCR,Madhya Pradesh,9,5,4,0.0010012237178774058
KRBR,KERKHABARI,90.625041,26.300344,,,8,4,4,0.0008899766381132495
PVZ,Parvezpur,75.728178,28.510828,NWR,Rajasthan,4,2,2,0.00044498831905662476
PP,PURANPUR,80.150951,28.514911,NER,Uttar Pradesh,7,4,3,0.0007787295583490933
RKZ,RAJKIAWAS,73.52353600000001,25.75038,NWR,Rajasthan,7,3,4,0.0007787295583490933
RMGM,RAMANAGARAM,77.283451,12.720096,SWR,Karnataka,7,3,4,0.0007787295583490933
RKY,KOTHARIYA,70.81438200000001,22.176807,WR,Gujarat,5,3,2,0.000556235398820781
RBR,RIBADA,70.80095200000001,22.124961,WR,Gujarat,5,2,3,0.000556235398820781
CKA,Chak Pakhhewala,74.19716,30.434234,NR,Punjab,4,2,2,0.00044498831905662476
RN,RATNAGIRI,73.356938,17.002793,KR,Maharashtra,9,6,3,0.0010012237178774058
MIX,Manipuram Cabin,80.45759,16.29953,,,0,0,0,0.0
REJ,Rejinagar,88.259255,23.850089999999998,ER,West Bengal,4,2,2,0.00044498831905662476
RHMA,Rahama,86.405224,20.298605,ECoR,Orissa,4,2,2,0.00044498831905662476
RMPH,Rampahari,77.357146,26.2365,NCR,Madhya Pradesh,4,2,2,0.00044498831905662476
RDV,Radha Balampur,81.107034,26.083856,NR,Uttar Pradesh,4,2,2,0.00044498831905662476
PUW,Patuwas Mehrana,76.33368800000001,28.557035,NWR,Haryana,4,2,2,0.00044498831905662476
RGU,Ragaul,80.129683,25.686945,NCR,Uttar Pradesh,4,2,2,0.00044498831905662476
PTYR,Patiyara,80.476502,26.627948,NR,Uttar Pradesh,4,2,2,0.00044498831905662476
PUMU,Penumarru,80.77586000000001,16.131433,SCR,Andhra Pradesh,4,2,2,0.00044498831905662476
RNGG,Rangaliting,93.918286,26.656417,NFR,Assam,4,2,2,0.00044498831905662476
RYP,RAYANAPAD,80.562937,16.577504,SCR,Andhra Pradesh,9,6,3,0.0010012237178774058
RMD,RAMANATHAPURAM,78.83686200000001,9.358387,SR,Tamil Nadu,5,2,3,0.000556235398820781
SFPR,Safipur,80.35476700000001,26.744343999999998,NR,Uttar Pradesh,5,3,2,0.000556235398820781
RSH,Ratan Shahr,75.52398098632693,28.158119435028283,NWR,Rajasthan,4,2,2,0.00044498831905662476
JLY,Jhilmili,79.154333,22.054052000000002,SECR,Madhya Pradesh,4,2,2,0.00044498831905662476
SDD,SINDHAWADAR,70.894135,22.546528000000002,WR,Gujarat,7,3,4,0.0007787295583490933
SII,SITIMANI,75.865598,16.31992,SWR,Karnataka,4,2,2,0.00044498831905662476
SHSK,SAHARSRAKUND,78.00795299999999,19.402665,SCR,Maharashtra,5,3,2,0.000556235398820781
SFM,SUNAM,75.808761,30.130335000000002,NR,Punjab,6,2,4,0.0006674824785849371
SBLT,SHRI BHADRIYA LATHI,71.515941,27.030421,NWR,Rajasthan,4,2,2,0.00044498831905662476
SBZ,SISWA BAZAR,83.7563490747,27.1495669522,NER,Uttar Pradesh,7,2,5,0.0007787295583490933
SGL,SAGAULI JN,84.73934,26.758187,ECR,Bihar,9,5,4,0.0010012237178774058
SGW,SINGWAL,74.68275899999999,26.061014999999998,NWR,Rajasthan,5,2,3,0.000556235398820781
SDH,SARADHNA,74.5662047516,26.3404260124,NWR,Rajasthan,4,2,2,0.00044498831905662476
SBH,SULEBHAVI,74.641724,15.912563,SWR,Karnataka,7,4,3,0.0007787295583490933
SDT,SADAT,83.308384,25.673309,NER,Uttar Pradesh,4,2,2,0.00044498831905662476
SHAN,SRINIVASA NAGAR,78.4619205481,17.9099557799,SCR,Andhra Pradesh,4,2,2,0.00044498831905662476
SCP,SIRNAPALLI,78.271132,18.487478,SCR,Andhra Pradesh,4,2,2,0.00044498831905662476
RJI,RAJAWARI,83.130772,25.497689,NER,Uttar Pradesh,4,2,2,0.00044498831905662476
SEU,SENDRA,74.194143,26.077973999999998,NWR,Rajasthan,5,3,2,0.000556235398820781
SKLR,Sakleshpur,75.778745,12.945368,SWR,Karnataka,4,2,2,0.00044498831905662476
SHV,SHIVANI,76.0582362866,13.8111396742,SWR,Karnataka,7,4,3,0.0007787295583490933
RWO,RANAVAV,69.726078,21.698214,WR,Gujarat,4,2,2,0.00044498831905662476
SHMI,SHIROOR,74.59396600000001,13.930712,KR,Karnataka,9,3,6,0.0010012237178774058
S,SHRIRANGAPATNA,76.678033,12.4247,SWR,Karnataka,7,4,3,0.0007787295583490933
RXL,RAXAUL JN,84.84456399999999,26.987018000000003,ECR,Bihar,11,6,5,0.001223717877405718
SDS,Sadulshahr,74.17270445264876,29.902641430417788,NWR,Rajasthan,6,3,3,0.0006674824785849371
SMPR,Shri Madhopur,75.59829400000001,27.457628,NWR,Rajasthan,6,3,3,0.0006674824785849371
SCQ,Sham Chaurasi,75.76642,31.45851,NR,Punjab,4,2,2,0.00044498831905662476
NDRT,Nangal Degrota,76.067464,28.367897,,,0,0,0,0.0
SDBH,Sindri Block Hut,86.447091,23.692944,ECR,Jharkhand,6,3,3,0.0006674824785849371
JWKA,Jandwala Kharta,74.0290537952,30.3576339273,,,0,0,0,0.0
SMLT,SAMLOTI,76.360945,32.098872,NR,Himachal Pradesh,4,2,2,0.00044498831905662476
SKGH,SAKTESGARH,82.821887,24.999741,NCR,Uttar Pradesh,7,3,4,0.0007787295583490933
SNGR,SANGANAPUR,76.7364,19.188596,SCR,Maharashtra,4,2,2,0.00044498831905662476
SPDR,SHEOPRASADNAGER,82.78985700000001,23.303628,SECR,Chhattisgarh,4,2,2,0.00044498831905662476
SRU,SALEMPUR JN,83.923271,26.298048,NER,Uttar Pradesh,6,3,3,0.0006674824785849371
SNAP,SONA ARJUNPUR,77.4525283289,29.7582805083,NR,Uttar Pradesh,4,2,2,0.00044498831905662476
SQD,SATTIRAKKUDI,78.704868,9.400229,SR,Tamil Nadu,5,3,2,0.000556235398820781
SNKG,SANKARAGUMMANUR HALT,77.235523,15.167166,SCR,Andhra Pradesh,6,3,3,0.0006674824785849371
SONI,SONI,78.55522599999999,26.527305000000002,NCR,Madhya Pradesh,4,2,2,0.00044498831905662476
SMAE,SAMUDRAGARH,88.324967,23.335767,ER,West Bengal,6,3,3,0.0006674824785849371
SFX,SAFILGUDA,78.53311000000001,17.461671,SCR,Andhra Pradesh,5,2,3,0.000556235398820781
SLGH,SHELGOAN H,77.5883907849,19.080130931400003,SCR,Maharashtra,4,2,2,0.00044498831905662476
SNH,SAUNSHI,75.295781,15.206786,SWR,Karnataka,5,3,2,0.000556235398820781
SSGJ,SURSARAIGHAT JH,82.124918,24.023428,WCR,Madhya Pradesh,6,3,3,0.0006674824785849371
PAV,Pedana,81.143792,16.252107000000002,SCR,Andhra Pradesh,4,2,2,0.00044498831905662476
SJPM,SUJATA PURAM HALT,76.675521,12.140253000000001,SWR,Karnataka,4,2,2,0.00044498831905662476
STR,SATARA,74.063727,17.688361,CR,Maharashtra,6,4,2,0.0006674824785849371
SRVN,Sravanur,76.355604,12.743443,SWR,Karnataka,4,2,2,0.00044498831905662476
SKU,Sikroda,77.73236299999999,26.336915,NCR,Madhya Pradesh,4,2,2,0.00044498831905662476
SLB,SALBONI,87.321899,22.640971,SER,West Bengal,7,4,3,0.0007787295583490933
SRJM,SIRJAM,86.83509699999999,23.403864,SER,West Bengal,7,3,4,0.0007787295583490933
SSB,SHAKURBASTI,77.1299115857,28.680227328700003,NR,Delhi NCT,4,2,2,0.00044498831905662476
SML,Shimla,77.159932,31.102794,NR,Himachal Pradesh,2,1,1,0.00022249415952831238
KARO,Khario P.H.,86.192092,23.835655,?,,2,1,1,0.00022249415952831238
SN,Sukna,88.363493,26.790887,NFR,West Bengal,2,1,1,0.00022249415952831238
SMKT,Somankatti,75.632594,15.766715999999999,SWR,Karnataka,4,2,2,0.00044498831905662476
SIRA,Sirhi Itara,80.21523499999999,26.367008000000002,NCR,Uttar Pradesh,4,2,2,0.00044498831905662476
SOT,Shohratgarh,82.96929300000001,27.374710999999998,NER,Uttar Pradesh,6,3,3,0.0006674824785849371
SRMP,Sirsi Mukhdumpr,78.635169,28.633209,NR,Uttar Pradesh,4,2,2,0.00044498831905662476
SURP,Suratpura,75.406758,28.661958,NWR,Rajasthan,7,4,3,0.0007787295583490933
PTS,Patansaongi,79.010677,21.344445,SECR,Maharashtra,4,2,2,0.00044498831905662476
SIY,Sirry,81.731233,20.990441,SECR,Chhattisgarh,4,2,2,0.00044498831905662476
KBPR,Kabakaputtur,75.2045015,12.7683965,SWR,Karnataka,4,2,2,0.00044498831905662476
SWO,Sonwara,77.004229,30.894075,NR,Himachal Pradesh,4,2,2,0.00044498831905662476
SRTN,SIBSAGAR TOWN,94.643517,26.989967999999998,NFR,Assam,7,3,4,0.0007787295583490933
JMD,Jamdha,74.98554700000001,20.574085,CR,Maharashtra,4,2,2,0.00044498831905662476
THAN,THAN JN,71.20653300000001,22.578960000000002,WR,Gujarat,7,3,4,0.0007787295583490933
TIP,TATTAPPARAI,78.022486,8.828581,SR,Tamil Nadu,4,2,2,0.00044498831905662476
TJ,THANJAVUR,79.138296,10.778085,SR,Tamil Nadu,8,4,4,0.0008899766381132495
THPR,TIPPAPUR,78.3773798279,18.1941221367,SCR,Andhra Pradesh,4,2,2,0.00044498831905662476
SUNR,SURENDRANAGAR,71.630056,22.7443,WR,Gujarat,6,3,3,0.0006674824785849371
TLMG,TALMADUGU,78.3963542407,19.6417758258,?,Andhra Pradesh,5,2,3,0.000556235398820781
TL,TILONIYA,74.93419399999999,26.652675,NWR,Rajasthan,7,3,4,0.0007787295583490933
SUNM,SUNAMAI HALT,78.22052500000001,28.097372,NR,Uttar Pradesh,6,3,3,0.0006674824785849371
THM,THALYAT HAMIRA,71.077426,26.992725999999998,NWR,Rajasthan,4,2,2,0.00044498831905662476
TGT,TINAI GHAT,74.404471,15.449131999999999,SWR,Karnataka,4,2,2,0.00044498831905662476
SVL,Sevaliya,73.344328,22.807897,WR,Gujarat,4,2,2,0.00044498831905662476
THX,TOVALAI,77.5062158319,8.2282578413,SR,Tamil Nadu,6,3,3,0.0006674824785849371
THW,THARWAI,81.91469331479999,25.539218856799998,NR,Uttar Pradesh,12,6,6,0.0013349649571698743
SVNR,SAVANUR,75.4063188531,14.9617089325,SWR,Karnataka,5,2,3,0.000556235398820781
STE,Sagarkatte,76.4788766602,12.423381703999999,SWR,Karnataka,4,2,2,0.00044498831905662476
TBTN,THANA BHAWAN TN,77.402047,29.581129999999998,NR,Uttar Pradesh,4,2,2,0.00044498831905662476
TIC,TIMMACHIPURAM,78.37531,10.952368,SR,Tamil Nadu,4,2,2,0.00044498831905662476
TDO,TANDA URMAR,75.637595,31.672179,NR,Punjab,10,6,4,0.001112470797641562
SZN,Shahbaznagar,79.88703000000001,27.928906,NER,Uttar Pradesh,9,5,4,0.0010012237178774058
SZV,Sivadi,78.118844,12.039871999999999,SWR,Tamil Nadu,4,2,2,0.00044498831905662476
TBA,Timba Road,73.385859,22.781628,WR,Gujarat,4,2,2,0.00044498831905662476
SUBR,Subhagpur,82.01764299999999,27.26251,NER,Uttar Pradesh,4,2,2,0.00044498831905662476
SRBA,Saragbundia,82.732324,22.212297,SECR,Chhattisgarh,4,2,2,0.00044498831905662476
SZY,Silak Jhori,81.672904,18.982188,ECoR,Chhattisgarh,2,1,1,0.00022249415952831238
TKP,Takipur,87.92059400000001,24.303242,ER,West Bengal,4,2,2,0.00044498831905662476
SRJN,Sirajnagar Halt,88.27076000000001,23.818590999999998,ER,West Bengal,4,2,2,0.00044498831905662476
SXC,Sondalia,88.58227500000001,22.682186,ER,West Bengal,2,1,1,0.00022249415952831238
TBD,Telibandha,81.67053,21.235642,SECR,Chhattisgarh,4,2,2,0.00044498831905662476
TNUE,TINDAULI,78.92129,27.183053,NCR,Uttar Pradesh,4,2,2,0.00044498831905662476
TRM,TIRUNAGESVARAM,79.428212,10.975208,SR,Tamil Nadu,4,2,2,0.00044498831905662476
TWL,TILWARA,72.078131,25.893262,NWR,Rajasthan,5,2,3,0.000556235398820781
TTI,TURTIPAR,83.89084100000001,26.16121,NER,Uttar Pradesh,4,2,2,0.00044498831905662476
UPW,UPPALAVAI,78.316108,18.424892,SCR,Andhra Pradesh,4,2,2,0.00044498831905662476
URPR,UGRASENPUR,82.189171,25.568212,NR,Uttar Pradesh,5,3,2,0.000556235398820781
VBN,VALLABHNAGAR,74.018709,24.690424,NWR,Rajasthan,4,2,2,0.00044498831905662476
TUWA,Tuwa,73.463163,22.800702,WR,Gujarat,4,2,2,0.00044498831905662476
UJA,UNJHA,72.381669,23.796456,WR,Gujarat,7,2,5,0.0007787295583490933
VND,VENDRA,81.56909499999999,16.578434,SCR,Andhra Pradesh,4,2,2,0.00044498831905662476
VP,VIRAPUR,77.131692,15.158976,SCR,Andhra Pradesh,7,4,3,0.0007787295583490933
TVG,TAVARGATTI,74.6628751227,15.414853643999999,SWR,Karnataka,8,3,5,0.0008899766381132495
TP,TIRUCHIRAPPALLI FORT,78.688891,10.825594,SR,Tamil Nadu,4,2,2,0.00044498831905662476
UNLA,UNAULA,83.471435,26.788432,NER,Uttar Pradesh,5,3,2,0.000556235398820781
KPB,KHARPOKHRA,84.1526926862,27.1425658407,ECR,,6,3,3,0.0006674824785849371
VRL,VERAVAL,70.370689,20.913351,WR,Gujarat,7,4,3,0.0007787295583490933
VEER,VEER,73.3300770068,18.113401793300003,KR,Maharashtra,10,4,6,0.001112470797641562
VBW,VAIBHAVWADI RD,73.707645,16.512013,KR,Maharashtra,6,3,3,0.0006674824785849371
THA,Tehta,84.98502287230001,25.1130684669,ECR,Bihar,6,3,3,0.0006674824785849371
VEN,VERNA,73.912519,15.353587,KR,Goa,7,4,3,0.0007787295583490933
TPB,Trilokpur,82.701077,27.508190000000003,NER,Uttar Pradesh,4,2,2,0.00044498831905662476
DBNR,Dibnapur,79.51619,28.524363,NER,Uttar Pradesh,4,2,2,0.00044498831905662476
TMKA,Tomka,85.975352,21.107333,ECoR,Orissa,4,2,2,0.00044498831905662476
UJH,Ujhani,79.01491,27.995236,NER,Uttar Pradesh,4,2,2,0.00044498831905662476
UBN,Ubarni,81.163629,26.118214000000002,NR,Uttar Pradesh,4,2,2,0.00044498831905662476
TMS,Tumsar Town,79.741784,21.383833000000003,SECR,Maharashtra,4,2,2,0.00044498831905662476
TXD,Tyada,83.04218999999999,18.217966999999998,ECoR,Andhra Pradesh,2,1,1,0.00022249415952831238
UMG,Uttangal Mangalam,79.419161,11.535044000000001,SR,Tamil Nadu,4,2,2,0.00044498831905662476
MPKT,CHENNAI PARK TOWN,80.27598499999999,13.07995,SR,Tamil Nadu,6,3,3,0.0006674824785849371
WL,WARANGAL,79.604929,17.972477,SCR,Andhra Pradesh,16,7,9,0.001779953276226499
MRPR,MAU RANIPUR,79.136793,25.261270999999997,NCR,Uttar Pradesh,4,2,2,0.00044498831905662476
VVA,VARVALA,68.9678414502,22.2995032641,WR,Gujarat,10,5,5,0.001112470797641562
MGO,MAHISGAON,75.501817,18.111324,CR,Maharashtra,4,2,2,0.00044498831905662476
ZW,ZAWAR,73.731959,24.358621,NWR,Rajasthan,8,4,4,0.0008899766381132495
WRS,WARIS ALEGANJ,85.642177,25.015425,ECR,Bihar,8,4,4,0.0008899766381132495
VZPH,Vazeerpur Halt,79.86398899999999,28.148542000000003,NER,Uttar Pradesh,4,2,2,0.00044498831905662476
WTJ,JAM WANTHALI,70.321802,22.429409,WR,Gujarat,13,6,7,0.0014462120369340306
PRI,PATHRI,78.076506,29.851996,NR,Uttarakhand,4,2,2,0.00044498831905662476
VPG,VENTRAPRAGADA,80.914447,16.473819,SCR,Andhra Pradesh,4,2,2,0.00044498831905662476
VVKP,VIVEKANAND PURI HALT,77.183702,28.664098,NR,Delhi NCT,8,4,4,0.0008899766381132495
PUS,PHUSRO,86.01025,23.767488999999998,ECR,,4,2,2,0.00044498831905662476
VSG,VASCO DA GAMA,73.813425,15.397241000000001,SWR,Goa,11,2,9,0.001223717877405718
VLTR,Vadali Luter Road,73.135398,23.078738,WR,Gujarat,4,2,2,0.00044498831905662476
LOD,Lekoda,75.69849099999999,23.075768,WR,Madhya Pradesh,6,3,3,0.0006674824785849371
VJR,VIJAYANAGAR,74.696289906,16.7778119655,SWR,Maharashtra,4,2,2,0.00044498831905662476
VRR,VIRPUR,70.707212,21.848343,WR,Gujarat,5,2,3,0.000556235398820781
OREH,Ore Halt,84.991898,24.915065,?,,4,2,2,0.00044498831905662476
YFP,YUSUFPUR,83.74868400000001,25.639006,NER,Uttar Pradesh,8,5,3,0.0008899766381132495
VJD,VIJPADI ROAD,71.449442,21.17981,WR,Gujarat,6,3,3,0.0006674824785849371
MVS,MANAVASI,78.220496,10.934013,SR,Tamil Nadu,4,2,2,0.00044498831905662476
VINH,VINHERE,73.38400999999999,17.907649,KR,Maharashtra,9,5,4,0.0010012237178774058
MRDW,MURDESHWAR,74.50524700000001,14.100277,KR,Karnataka,7,3,4,0.0007787295583490933
KUDA,KUNDAPURA,74.728366,13.612909,KR,Karnataka,5,3,2,0.000556235398820781
KZE,KANHANGAD,75.08524799999999,12.320267999999999,SR,Kerala,9,4,5,0.0010012237178774058
NROD,NARI ROAD,72.08143399999999,21.758482,WR,Gujarat,5,3,2,0.000556235398820781
WDG,Wadegaon,79.981617,20.76451,SECR,Maharashtra,4,2,2,0.00044498831905662476
VSW,Visavadar,70.755622,21.341738000000003,WR,Gujarat,6,3,3,0.0006674824785849371
KSJF,Kasganj Mg,78.64517,27.801268,NER,Uttar Pradesh,4,2,2,0.00044498831905662476
WND,Wan Road,76.82043300000001,21.21501,SCR,Maharashtra,4,2,2,0.00044498831905662476
VLU,Vadalur,79.547974,11.557654999999999,SR,Tamil Nadu,4,2,2,0.00044498831905662476
VLV,Vallivedu,79.068221,13.528576,SCR,Andhra Pradesh,4,2,2,0.00044498831905662476
MANI,Mani Halt,84.23126776609999,25.1739936806,ECR,Bihar,4,2,2,0.00044498831905662476
TAA,TADLA PUSAPALLI,79.9541837128,17.626312868499998,SCR,Andhra Pradesh,12,7,5,0.0013349649571698743
CHRG,CHORGI,75.869711,17.175076999999998,SWR,Karnataka,4,2,2,0.00044498831905662476
SRDR,Sardarshahr,74.47905756533146,28.439590510764504,NWR,Rajasthan,2,1,1,0.00022249415952831238
PTU,PARTUR,76.212767,19.575715,SCR,Maharashtra,5,2,3,0.000556235398820781
AGY,AGORI KHAS,83.056105,24.59896,NCR,Uttar Pradesh,7,4,3,0.0007787295583490933
SVPI,SHIVPURI,77.638246,25.438444,WCR,Madhya Pradesh,8,4,4,0.0008899766381132495
MUO,MASANGAON,77.005257,22.272733000000002,WCR,Madhya Pradesh,8,3,5,0.0008899766381132495
KWAE,KATWA,88.124085,23.640315,ER,West Bengal,7,3,4,0.0007787295583490933
VNRD,VANI ROAD,72.0035287323,23.0950624331,WR,Gujarat,14,8,6,0.0015574591166981867
JAN,JARANGDIH,85.92881,23.769553,ECR,,4,2,2,0.00044498831905662476
BOR,BOISAR,72.76189900000001,19.7985273,WR,Maharashtra,17,10,7,0.0018912003559906554
WGI,Waghai,73.50047372281551,20.772638155885446,WR,Gujarat,2,1,1,0.00022249415952831238
BMF,BASMAT,77.15177759640001,19.3334723149,SCR,Maharashtra,8,4,4,0.0008899766381132495
CGF,CHARALI,95.3509509503,27.4496656596,NFR,Assam,6,2,4,0.0006674824785849371
CJ,KANCHIPURAM,79.70314900000001,12.848947,SR,Tamil Nadu,5,2,3,0.000556235398820781
CKDL,CHAKDAYALA,75.304858,32.478914,NR,Jammu and Kashmir,9,4,5,0.0010012237178774058
CJN,CHHATNA,86.975734,23.305386000000002,SER,West Bengal,5,3,2,0.000556235398820781
SVX,SAVARDA,73.515528,17.405007,KR,Maharashtra,9,4,5,0.0010012237178774058
URP,Udairampur,88.273732,22.100085,ER,West Bengal,4,2,2,0.00044498831905662476
STD,Satrod,75.82118,29.108936,NWR,Haryana,4,2,2,0.00044498831905662476
CHHU,Chhanva,86.194643,22.3355771,SER,Orissa,2,1,1,0.00022249415952831238
PASA,PARASHSHALA,77.16548966,8.3398400051,SR,Kerala,8,6,2,0.0008899766381132495
KDPA,KHADAPA,82.445719,19.00582,ECoR,,4,2,2,0.00044498831905662476
NMK,Nim Ka Thana,75.779691,27.741573,NWR,Rajasthan,6,3,3,0.0006674824785849371
KLAT,Khelpatta,77.872524,21.274489000000003,,,0,0,0,0.0
MUHI,Murhari Halt,85.5330143262,25.341408340100003,,,0,0,0,0.0
SZH,Saonga Halt,78.871166,21.520105,SECR,Madhya Pradesh,4,2,2,0.00044498831905662476
DDC,Dum Dum Cantt.,88.411641,22.636349000000003,ER,West Bengal,4,2,2,0.00044498831905662476
PLY,Plassey,88.28447,23.777986000000002,ER,West Bengal,4,2,2,0.00044498831905662476
CKX,Chakur,76.8840283246,18.4875607596,SCR,Maharashtra,4,2,2,0.00044498831905662476
PCMK,Pacharmalikpura,75.389317,27.201471,NWR,Rajasthan,6,3,3,0.0006674824785849371
BCRD,Barchi Road,78.311632,21.951502,CR,Madhya Pradesh,4,2,2,0.00044498831905662476
BUDI,Bundi,75.65069899999999,25.407922,WCR,Rajasthan,5,2,3,0.000556235398820781
CJQ,Champajharam,84.90421199999999,22.101526,SER,Orissa,4,2,2,0.00044498831905662476
VRG,VIKRAMNAGAR,75.817754,23.162187,WR,Madhya Pradesh,4,2,2,0.00044498831905662476
BYC,BELLARY CANT,76.89450500000001,15.150286000000001,SWR,Karnataka,6,4,2,0.0006674824785849371
BWF,BUTEWALA,74.896803,31.080357,NR,Punjab,4,2,2,0.00044498831905662476
SPY,Sarsonpuri,81.638003,20.780632,SECR,Chhattisgarh,4,2,2,0.00044498831905662476
BSDA,BANIYA SANDA DHORA,71.668563,25.860229999999998,NWR,Rajasthan,4,2,2,0.00044498831905662476
BXP,BARPATHAR,93.899672,26.274562,NFR,Assam,8,4,4,0.0008899766381132495
GRF,GAMBHIRI ROAD,74.671009,24.693873,WR,Rajasthan,4,2,2,0.00044498831905662476
BEC,BERACH JN CABIN,74.61523199999999,24.896441999999997,,,4,2,2,0.00044498831905662476
PPNI,PARAS PANI,83.04895300000001,24.38141,,,4,2,2,0.00044498831905662476
NDT,Nathdwara,73.909396,24.92025,NWR,Rajasthan,4,2,2,0.00044498831905662476
JNU,JAUNPUR JN,82.69969599999999,25.762849,NR,Uttar Pradesh,16,8,8,0.001779953276226499
UMRI,UMRI,77.642682,19.0418,SCR,Maharashtra,4,2,2,0.00044498831905662476
BXLL,BILLI,83.011944,24.453381,ECR,Uttar Pradesh,7,3,4,0.0007787295583490933
BHPA,Bahrupiya Halt,88.349067,22.22962,ER,West Bengal,4,2,2,0.00044498831905662476
SPP,SHAHPUR PATOREE,85.5813,25.639425999999997,ECR,Bihar,5,2,3,0.000556235398820781
MSSD,Maheshari Sandhuan,74.992929,30.848579,NR,Punjab,4,2,2,0.00044498831905662476
ASSH,AISHBAGH,80.908616,26.836088,,,7,6,1,0.0007787295583490933
BDJ,VADAKARA,75.5869409,11.593321399999999,SR,Kerala,6,3,3,0.0006674824785849371
KADH,Khairadih Halt,84.054715,25.035047,ECR,Bihar,4,2,2,0.00044498831905662476
BXL,BHEDUASOL,87.13517327999999,23.1943639299,SER,West Bengal,4,2,2,0.00044498831905662476
AMPR,AMARPURA RATHAN,74.078953,29.483399000000002,NWR,Rajasthan,6,3,3,0.0006674824785849371
BWA,BHINWALIYA,73.4924808,25.5596627,NWR,Rajasthan,5,2,3,0.000556235398820781
JNX,Jagnath Road Halt,72.62821,25.270948,NWR,Rajasthan,4,2,2,0.00044498831905662476
MBSK,Marwar Balia,74.545106,27.357827,NWR,Rajasthan,4,2,2,0.00044498831905662476
BEJ,Beniganj,80.440599,27.299916,NR,Uttar Pradesh,4,2,2,0.00044498831905662476
BSDR,Bansadhara Halt,83.822754,18.970276000000002,ECoR,Andhra Pradesh,4,2,2,0.00044498831905662476
SPR,Sonarpur Junction,88.429773,22.443359,ER,West Bengal,6,3,3,0.0006674824785849371
SPB,Sonekpur Halt,78.69314200000001,28.630277,NR,Uttar Pradesh,2,1,1,0.00022249415952831238
PQA,Pipla Halt,79.06675999999999,21.312575,SECR,Maharashtra,4,2,2,0.00044498831905662476
BIRL,Biraul,86.233733,25.937062,ECR,Bihar,2,1,1,0.00022249415952831238
GRZ,Gurthuri,76.177379,29.648169000000003,NR,,4,2,2,0.00044498831905662476
JNT,Jaintipura,75.10219199999999,31.773393000000002,?,Punjab,5,3,2,0.000556235398820781
PQH,Pindkepar Halt,80.18200300000001,21.304069,,,0,0,0,0.0
JNZ,Jenal,72.0377359918,24.3273122158,NWR,Gujarat,4,2,2,0.00044498831905662476
PQN,Pariawan Kalakankar Road,81.368601,25.825794000000002,NR,Uttar Pradesh,4,2,2,0.00044498831905662476
JNN,Jamuniatand,86.191952,23.75454,ECR,Jharkhand,5,2,3,0.000556235398820781
CKM,Chauki Man,75.56567299999999,30.814885999999998,NR,Punjab,4,2,2,0.00044498831905662476
BEI,Shimoga Bidare,75.64768061160001,13.9025358525,,,0,0,0,0.0
BEM,Budaun,79.1360237,28.0274922,NER,Uttar Pradesh,4,2,2,0.00044498831905662476
METR,Methi Tikur,80.418467,26.698845,,,0,0,0,0.0
BWV,Bhiwapur,79.51148736,20.76925671,SECR,Maharashtra,4,2,2,0.00044498831905662476
SMDC,SAWAI MADHOPUR D CABIN,76.375851,26.0356,,,6,3,3,0.0006674824785849371
APQ,ADITPARA,69.6779178894,21.67359117,,,4,3,1,0.00044498831905662476
MOTA,MOTA,79.2537294641,27.2889777447,NCR,Uttar Pradesh,5,2,3,0.000556235398820781
SWNR,SEWA NAGAR,77.22770799999999,28.579299000000002,NR,Delhi NCT,4,2,2,0.00044498831905662476
LO,LOLIYA,72.166923,22.512244,WR,Gujarat,4,2,2,0.00044498831905662476
NON,Nonar Halt,84.3707734497,25.2864711772,,,0,0,0,0.0
HLB,HADALA BHAL,72.13179600000001,22.487223,WR,Gujarat,5,2,3,0.000556235398820781
RLR,RAILA ROAD,74.596325,25.630348,NWR,Rajasthan,4,2,2,0.00044498831905662476
EDA,ITWAN DUNDAILA,80.84270550779999,24.939958728,,,12,6,6,0.0013349649571698743
PDJ,PHIDING,93.14983,25.221835000000002,,,2,1,1,0.00022249415952831238
SMDP,SHAHABAD MOHAMADPUR,77.071838,28.560927,NR,Delhi NCT,4,2,2,0.00044498831905662476
KTOA,KOTANA,73.72634199999999,23.916929999999997,NWR,Rajasthan,8,4,4,0.0008899766381132495
TJM,TURINJAPURAM,79.090728,12.336963,,,4,2,2,0.00044498831905662476
KYV,KOYILVENNI,79.368646,10.776294,SR,Tamil Nadu,4,2,2,0.00044498831905662476
ROHN,ROHEDNAGAR HALT,76.8140929907,28.7611280103,NR,Haryana,7,4,3,0.0007787295583490933
SPL,SUNDARAPERUMAL KOVIL,79.30063,10.941722,SR,Tamil Nadu,4,2,2,0.00044498831905662476
NOY,NOYAL,77.93176899999999,11.060239,,,8,4,4,0.0008899766381132495
KCYN,KACHHIYANA HALT,85.98011055180001,25.1331170814,,,4,2,2,0.00044498831905662476
LW,LORWADA,72.08968,24.217193,,,4,2,2,0.00044498831905662476
EDD,EDDULADODDI,77.589906,15.329698,SCR,Andhra Pradesh,5,2,3,0.000556235398820781
RLP,HARLAPUR,75.799259,15.434833000000001,SWR,Karnataka,5,2,3,0.000556235398820781
GRH,GHORASAHAN,85.12762727,26.82028731,,,4,2,2,0.00044498831905662476
NOH,Nigohi,79.8785035535,28.0989194076,NER,Uttar Pradesh,6,3,3,0.0006674824785849371
AIH,ALAWALPUR I PUR,77.27163889890001,29.0477960432,NR,Uttar Pradesh,4,2,2,0.00044498831905662476
DPU,DIPHU,93.438384,25.83725,NFR,Assam,11,7,4,0.001223717877405718
MPRD,Mathurapur Road,88.390923,22.140587,ER,West Bengal,4,2,2,0.00044498831905662476
DLDE,DALDALI,93.51715200000001,25.820221,NFR,Assam,15,9,6,0.0016687061964623428
LD,LONDA JN,74.496982,15.450273,SWR,Karnataka,6,3,3,0.0006674824785849371
BYH,BHITI,82.261348,25.333548,NER,Uttar Pradesh,5,3,2,0.000556235398820781
DPO,DAMANPUR,89.53636700000001,26.53866,,,4,2,2,0.00044498831905662476
HLR,Halisahar,88.436792,22.921498999999997,ER,West Bengal,4,2,2,0.00044498831905662476
TJW,Tejpurwa Halt,84.819703,25.940085,,,0,0,0,0.0
HLE,Heelalige,77.710974,12.813180000000001,SWR,Karnataka,4,2,2,0.00044498831905662476
DPW,Dhapewara,80.1913272595,21.872721159199997,SECR,Madhya Pradesh,4,2,2,0.00044498831905662476
SMDT,Semmandappatti,78.0260572961,11.7955548355,SWR,Tamil Nadu,4,2,2,0.00044498831905662476
BAWA,Balwara,72.5545000909,25.5031445488,NWR,Rajasthan,4,2,2,0.00044498831905662476
RKJE,Rakhitpur,86.490871,23.725742,ECR,Jharkhand,4,2,2,0.00044498831905662476
LMU,Limarua,80.349702,22.524250000000002,SECR,Madhya Pradesh,4,2,2,0.00044498831905662476
KLLF,Kalol Jn,72.50348000000001,23.244426,,,0,0,0,0.0
LB,Lain Bazar,84.2806012268,26.429190879300002,,,0,0,0,0.0
KNYR,Kaniuru Halt,75.365526,12.717207,SWR,Karnataka,4,2,2,0.00044498831905662476
APP,Ambapendarpur Halt,85.5297094055,25.2669627882,,,0,0,0,0.0
KADI,Kadi,72.326105,23.292133,WR,Gujarat,4,2,2,0.00044498831905662476
APU,Anipur,92.43452699999999,24.545735999999998,NFR,Assam,4,2,2,0.00044498831905662476
APJ,Amarpur Jorasi,76.07610899999999,28.02178,NWR,Rajasthan,6,3,3,0.0006674824785849371
APK,Aruppukkottai,78.10189147,9.524631680999999,,,0,0,0,0.0
API,Akkaraippatti,77.92262799379999,10.3998079865,,,0,0,0,0.0
KTKH,Kotlakheri,76.173654,22.078204,WR,Madhya Pradesh,4,2,2,0.00044498831905662476
KXZ,KESARIYA ROAD,71.814406,22.908845999999997,,,13,8,5,0.0014462120369340306
SABD,SALABAD,77.310319,26.984965,,,4,2,2,0.00044498831905662476
KURN,KHUKRANA,76.924226,29.400184,,,6,4,2,0.0006674824785849371
KXR,KURIA,85.005407,26.468217,,,4,2,2,0.00044498831905662476
KLKH,Kalladaka,75.05984199999999,12.845834,,,0,0,0,0.0
BTYA,Bhatariya,72.274465,23.438252,,,0,0,0,0.0
RJK,RAJA KA SAHASPUR,78.780097,28.626216,NR,Uttar Pradesh,7,3,4,0.0007787295583490933
KTMA,KOTMA,81.979022,23.202833000000002,SECR,Madhya Pradesh,4,2,2,0.00044498831905662476
BSBN,BHUSAWAL B CABIN,75.822458,21.049919000000003,,,15,7,8,0.0016687061964623428
PSRY,PASHWASHRAYA,88.40378299999999,26.763435,,,6,3,3,0.0006674824785849371
CKLA,Chak Banwala,74.133437,30.423043,NR,Punjab,4,2,2,0.00044498831905662476
JIGT,JIRIGHAT,93.08687905000001,24.8100917,,,1,1,0,0.00011124707976415619
KADR,Kadiyadra,73.057502,23.885219,WR,Gujarat,4,2,2,0.00044498831905662476
TJD,TAJPUR DEHMA,83.92969,25.728138,NER,Uttar Pradesh,6,2,4,0.0006674824785849371
CLI,CHALGERI,75.73529039,14.5614031141,SWR,Karnataka,6,2,4,0.0006674824785849371
JGBR,JOGESHWAR BIHAR,85.6267,23.746057,,,5,3,2,0.000556235398820781
SDVL,SOLDEVANAHALLI,77.490385,13.091395,SWR,Karnataka,4,2,2,0.00044498831905662476
LOL,LOLIEM,74.08778,14.939155,,,6,3,3,0.0006674824785849371
KMMD,Kirmiti Mendha,79.774173,20.593933,,,0,0,0,0.0
KRPC,KHARIA-PIPRA HALT,82.724227,18.807373000000002,,,4,2,2,0.00044498831905662476
BLRE,BELSIRI,92.51446299999999,26.800480999999998,,,4,2,2,0.00044498831905662476
DRQ,DHARMINIYA,84.793439,26.865524999999998,,,4,2,2,0.00044498831905662476
DRE,DHOGRI,75.635791,31.40278,NR,Punjab,6,3,3,0.0006674824785849371
KKLR,KAIKOLUR,81.21831599999999,16.551026,SCR,Andhra Pradesh,4,2,2,0.00044498831905662476
KYSD,KAIYAL SEDHAVI,72.428861,23.427144,WR,Gujarat,5,3,2,0.000556235398820781
KLYH,Kallur Yedahli,76.497258,12.421123999999999,SWR,Karnataka,4,2,2,0.00044498831905662476
KYSB,KAIYAL SEDHAVI,72.428531,23.426814,,,6,3,3,0.0006674824785849371
DHE,Dodhi,82.998947,25.604879,NER,Uttar Pradesh,8,4,4,0.0008899766381132495
BRDV,Baradev,80.4119287744,26.7017793648,NR,Uttar Pradesh,4,2,2,0.00044498831905662476
TKLN,Tarrakalan,76.901807,25.971659,NCR,Madhya Pradesh,4,2,2,0.00044498831905662476
MKHI,Makhi,80.46113700000001,26.661427,NR,Uttar Pradesh,5,2,3,0.000556235398820781
CLU,Chilakalapudi,81.162137,16.202721,SCR,Andhra Pradesh,4,2,2,0.00044498831905662476
BRDH,Bardhana Halt,78.799478,22.136014999999997,,,0,0,0,0.0
PSV,Parsneu,74.378783,28.037882999999997,,,0,0,0,0.0
HNZM,Delhi Hazrat Nizamuddin,77.253929,28.58701,,,0,0,0,0.0
TKLB,Takli Bhansali,78.983053,21.361133,SECR,Maharashtra,4,2,2,0.00044498831905662476
PSX,Patansaongi Town Halt,79.025915,21.335452,SECR,Maharashtra,4,2,2,0.00044498831905662476
BCT,Mumbai Central,72.819383,18.970667,WR,Maharashtra,4,3,1,0.00044498831905662476
PDF,PADAMPUR,70.836786,23.519468000000003,,,4,2,2,0.00044498831905662476
TDH,Tindharia,88.332848,26.851551,NFR,West Bengal,2,1,1,0.00022249415952831238
KZA,KHADA,83.868376,27.182926,NER,Uttar Pradesh,5,3,2,0.000556235398820781
RGBD,RAMGANGA,79.37463899999999,28.297728,,,4,2,2,0.00044498831905662476
QBW,QUBARWALA,74.417372,30.175886000000002,,,4,2,2,0.00044498831905662476
PPRH,PIPARAHAN HALT,85.246908,26.224332999999998,,,6,3,3,0.0006674824785849371
DET,DET,74.641128,25.01154,,,4,2,2,0.00044498831905662476
ACN,ADHICHCHANUR,79.182478,12.05415,,,4,2,2,0.00044498831905662476
KPLR,KOPARLAHAR,76.25044299999999,32.05191,NR,Himachal Pradesh,4,2,2,0.00044498831905662476
MU,MAKANSAR,70.90609338009999,22.7603546992,,,4,2,2,0.00044498831905662476
RKSH,RISHIKESH,78.287498,30.107173,NR,Uttarakhand,3,1,2,0.0003337412392924686
NZG,NAZARBAG,70.855228,22.814612,,,4,2,2,0.00044498831905662476
MPF,MUIRPUR ROAD,83.094386,24.206087,,,6,3,3,0.0006674824785849371
AVC,AMRAVATHI COLONY,75.854093,14.498218999999999,,,4,2,2,0.00044498831905662476
KLRS,KOLARAS,77.590411,25.224926,WCR,Madhya Pradesh,6,3,3,0.0006674824785849371
CSMA,Chanasma Junction,72.11188299999999,23.710492,WR,Gujarat,4,2,2,0.00044498831905662476
CGKR,CHANDAGIRIKOPAL,76.730177,12.485166999999999,?,Karnataka,6,3,3,0.0006674824785849371
BDJR,BHADORA JAGIR,77.41188299999999,24.786919,,,4,2,2,0.00044498831905662476
KAG,KODAGANUR,76.033542879,14.3305086886,SWR,Karnataka,6,3,3,0.0006674824785849371
BMRN,BHIMRANA,68.992445,22.389889,,,9,6,3,0.0010012237178774058
CAPA,Chhapra Jn,84.724365,25.787896,,,0,0,0,0.0
NDPL,NDPL,78.520612,15.456312,,,4,2,2,0.00044498831905662476
BAR,BAR,74.113189,26.063048,NWR,Rajasthan,6,2,4,0.0006674824785849371
KJGY,Khanalampura Gy,77.58350800000001,29.929192999999998,,,0,0,0,0.0
RLA,RAJULA JN,71.479251,21.103699,WR,Gujarat,6,3,3,0.0006674824785849371
TKND,Trivikramdeo Nagar,84.7089663623,26.3019109091,,,0,0,0,0.0
DVGM,DEVGAM,71.59185599999999,23.938342,,,4,2,2,0.00044498831905662476
SNBR,SONUABARY,92.310137,26.172784,,,6,3,3,0.0006674824785849371
HRSN,HARISINGA,91.985001,26.72438,,,4,2,2,0.00044498831905662476
SPGN,SRIPURIA GAON,95.3515292572,27.4659128037,,,11,7,4,0.001223717877405718
TNJR,TAJ NAGAR,76.82424935060001,28.3853476007,,,6,3,3,0.0006674824785849371
LIM,SONALIUM,74.292427,15.309987,,,9,6,3,0.0010012237178774058
PPRN,PIPRAN,73.928281,29.265794999999997,,,4,2,2,0.00044498831905662476
GPPR,GOPALPUR,70.1030164429,23.083595579100002,,,4,2,2,0.00044498831905662476
BMNL,BAMANWALI HALT,73.555273,28.361736,,,4,2,2,0.00044498831905662476
UDKN,UDAYPUR KHURD,80.178413,28.486234,,,4,2,2,0.00044498831905662476
JUL,JHULASAN,72.471355,23.326699,WR,Gujarat,10,6,4,0.001112470797641562
KGVE,Konagavalli Halt,75.496473584,14.024984822,,,0,0,0,0.0
DOT,Dhakia Tiwari,79.88587199999999,28.028812000000002,NER,Uttar Pradesh,5,2,3,0.000556235398820781
BHTH,Bhairopatti Halt,86.90718700000001,25.894911,,,0,0,0,0.0
MTWN,Mitewani,79.712797,21.424028,,,0,0,0,0.0
KVNJ,Kapadvanj,73.078323,23.01905,WR,Gujarat,4,2,2,0.00044498831905662476
NCN,Nachinda Ph,87.75496600000001,21.881341,,,0,0,0,0.0
VINA,Vina,72.903227,22.764138999999997,,,0,0,0,0.0
LIJ,Lakshmiganj,83.788161,26.927786,,,0,0,0,0.0
KULH,Kulha-Halt,80.656456,26.369411,,,0,0,0,0.0
KTKS,Kantakosh Halt,87.673891665,25.333656684799998,,,0,0,0,0.0
STB,Shantipur,88.435028,23.262660999999998,ER,West Bengal,2,1,1,0.00022249415952831238
NCE,Nalacheruvu East,78.1854899005,13.988212499000001,,,0,0,0,0.0
DSN,Darsana,88.795843,23.523411,,,0,0,0,0.0
TKMG,Tikamgarh,78.8406655457,24.7672962666,,,0,0,0,0.0
NKPU,Nekpur,85.338857,24.995699000000002,,,0,0,0,0.0
KGVL,Kadagaravalli,75.696016,12.83778,,,0,0,0,0.0
MDPJ,Madanapur Halt,78.189939,19.549184,,,0,0,0,0.0
PATR,Paramjeevar Tarajeevar,85.448635,26.256947,,,0,0,0,0.0
NLNR,NULEMURU HALT,76.12580920779999,14.007537361799999,,,6,4,2,0.0006674824785849371
LKU,LAL KUAN,79.517641,29.071574,NER,Uttarakhand,10,5,5,0.001112470797641562
KAJG,KARANJGAON,74.9240362146,19.9493826187,,,5,3,2,0.000556235398820781
MRX,MURUD,76.251585,18.380482,CR,Maharashtra,4,2,2,0.00044498831905662476
SKAR,SAKARIYA,80.90078,24.607481,,,10,5,5,0.001112470797641562
NLL,NALLI,77.92223899999999,9.269174,,,12,6,6,0.0013349649571698743
PDGM,PUDUNAGARAM,76.684608,10.683752,,,4,2,2,0.00044498831905662476
KLVD,KALAVAD,69.8083238586,21.8996981538,,,4,2,2,0.00044498831905662476
JHL,JAKHAL JN,75.8245009833,29.8018131127,NR,Haryana,8,4,4,0.0008899766381132495
MCLA,Macherla,79.4382772,16.4695102,SCR,Andhra Pradesh,2,1,1,0.00022249415952831238
MEG,MELENG,94.305982,26.794394999999998,,,6,3,3,0.0006674824785849371
WWA,VAVANIYA,70.61468985409999,23.0072062075,,,4,2,2,0.00044498831905662476
DEIT,Dehit,75.85015269780001,25.300468743099998,,,0,0,0,0.0
TMGN,Thamla Mogana,73.93477800000001,24.875571,,,0,0,0,0.0
AMRI,ANAJ MANDI,76.605319,28.187504999999998,,,6,3,3,0.0006674824785849371
BMPT,Banni Mahamman,84.778666,25.891285,,,0,0,0,0.0
TKA,TEHARKA,78.917318,25.300234,NCR,Uttar Pradesh,5,3,2,0.000556235398820781
CKHS,Chikhale,73.152541,18.97295,,,0,0,0,0.0
DSBC,DELHI SHAHDARA BLOCK CABIN,77.30022000000001,28.677356999999997,,,3,2,1,0.0003337412392924686
SDPN,SINDPAN,75.03158,24.164576,,,2,1,1,0.00022249415952831238
AHJU,AHJU,76.690156,32.02843,NR,Himachal Pradesh,4,2,2,0.00044498831905662476
LLKN,LAL KALAN,76.101493,30.827548999999998,,,4,2,2,0.00044498831905662476
BOZ,BOLARUM BAZAR,78.5159651358,17.517847537100003,SCR,Andhra Pradesh,4,2,2,0.00044498831905662476
SVN,SIVUNGAON,77.54447048829999,19.1086533083,SCR,Maharashtra,4,2,2,0.00044498831905662476
PNSD,PANGARSHINDE HALT,77.24009,19.526469000000002,,,4,2,2,0.00044498831905662476
RJJN,RAJAJAN HALT,85.6709042426,25.6149631854,,,4,2,2,0.00044498831905662476
UMNF,Ambliyasan Jn,72.422431,23.446636,,,0,0,0,0.0
PPTA,PATLIPUTRA,85.068505,25.621426,,,6,5,1,0.0006674824785849371
LKBR,LAKSHMI BAI NAGAR,75.85816200000001,22.741887,,,3,2,1,0.0003337412392924686
DBLA,Dabla,75.9464005609,27.888685430000002,NWR,Rajasthan,6,3,3,0.0006674824785849371
VPDA,VIDYAPATIDHAM,85.80243268800001,25.602064857400002,,,4,2,2,0.00044498831905662476
GTLW,GUNTAKAL WEST,77.3426508783,15.167523391300001,,,7,3,4,0.0007787295583490933
SVDK,S M V D KATRA,74.935736,32.982814,,,3,2,1,0.0003337412392924686
RPAN,RANGAPARA NORTH,92.682658,26.8215934,,,4,2,2,0.00044498831905662476
VEK,VELLARAKKAD,75.653412,11.4723,SR,Kerala,7,4,3,0.0007787295583490933
CGON,CHAYGAON,91.3952511639,26.064069106999998,NFR,Assam,9,4,5,0.0010012237178774058
GNAN,Gonda Jn,81.97761799999999,27.153922,,,0,0,0,0.0
DIE,Demai,73.210181,23.159049,,,0,0,0,0.0
PTKC,PATHANKOT CANTT,75.636044,32.2593,,,4,2,2,0.00044498831905662476
EC31,Kharuara Halt,85.5436173315,25.4316280874,,,0,0,0,0.0
PWA,Powai,95.646229,27.35353,,,0,0,0,0.0
NAB,Nagbhir Junction,79.700138,20.579811999999997,SECR,Maharashtra,6,3,3,0.0006674824785849371
NAK,Naksalbari,88.20223499999999,26.682578,,,0,0,0,0.0
UDPR,Udaipura,78.65148636960001,24.775688911699998,,,0,0,0,0.0
KNWF,Khandwa Jn,76.353537,21.823905999999997,,,0,0,0,0.0
SVS,Srinivaspur,78.206169,13.328283,,,0,0,0,0.0
NMDR,Nimdanri,88.905624,22.608628,ER,West Bengal,2,1,1,0.00022249415952831238
KCU,Kachhiaa,78.88310899999999,27.973382,NER,Uttar Pradesh,4,2,2,0.00044498831905662476
MHPR,Mahiyarpur,87.613385199,25.411453041399998,,,0,0,0,0.0
BTCN,Balaghat,80.1994253,21.8111685,,,0,0,0,0.0
MHPE,Mhope,73.19412,18.943255,,,0,0,0,0.0
JLRF,Jetalsar Jn,70.57412,21.729584,,,0,0,0,0.0
SDPH,Sardar Patel Halt,85.424114,25.050378,,,0,0,0,0.0
IMBG,Imlibigha Halt,85.53137103520001,25.3007943293,,,0,0,0,0.0
XKA,Kamta,85.27774552000001,25.336573948,,,0,0,0,0.0
MKZ,Mahkepar Road,79.67892,21.632916,,,0,0,0,0.0
SKAP,SK Para,91.94712,23.971989,NFR,Tripura,4,2,2,0.00044498831905662476
MMCC,MOOR MARKET,80.275222,13.084876000000001,,,2,1,1,0.00022249415952831238
DKR,Dekpura Halt,85.52942276,25.2611531167,,,0,0,0,0.0
KRHT,KHARAHAT,94.74965900000001,27.070551000000002,,,4,2,2,0.00044498831905662476
JDW,JARAUDA NARA,77.705438,29.42673,NR,Uttar Pradesh,7,3,4,0.0007787295583490933
MAYR,Mayar,75.86074699999999,29.100107,,,0,0,0,0.0
VKM,VENKATESAPURAM,79.442293656,11.9307785279,,,4,2,2,0.00044498831905662476
SXQ,SUAHERI,78.19083099999999,29.436815999999997,,,7,4,3,0.0007787295583490933
PPVL,PIRAPPANVALASAI,79.043777,9.299159000000001,SR,Tamil Nadu,4,2,2,0.00044498831905662476
NARA,NARA HALT,76.759969657,29.390441641,,,5,3,2,0.000556235398820781
KER,KIRIHRAPUR,83.73706466189999,26.045500525999998,NER,Uttar Pradesh,4,2,2,0.00044498831905662476
PLVR,PALAM VIHAR HALT,77.0327645691,28.515463592299998,,,6,3,3,0.0006674824785849371
GGKR,GOVINDGARH KHOKHAR,75.80832813660001,29.992439273899997,NR,Punjab,4,2,2,0.00044498831905662476
PLVA,PALLEVADA,81.2878959662,16.576700082699997,SCR,Andhra Pradesh,4,2,2,0.00044498831905662476
NDIM,NANDAIGRAM HALT,88.31706186039999,23.311548007099997,,,5,2,3,0.000556235398820781
MGD,MUGAD,74.915401,15.46241,SWR,Karnataka,6,4,2,0.0006674824785849371
TBAE,TRIBENI,88.398096,22.990357999999997,ER,West Bengal,5,3,2,0.000556235398820781
URL,UNJALUR,77.875839,11.127976,SR,Tamil Nadu,5,2,3,0.000556235398820781
BMM,BHASKARPARA,71.90540899999999,22.988208,,,8,4,4,0.0008899766381132495
DKW,DHANAKWADA,71.823472,24.146307,,,4,2,2,0.00044498831905662476
IVL,ILAVELANGAL,77.87235,8.937878,SR,Tamil Nadu,8,4,4,0.0008899766381132495
GZS,GIANI ZAIL SINGH SANDHWAN,74.801905,30.613851,NR,Punjab,5,2,3,0.000556235398820781
SHB,Shahibag,72.600949,23.035546,,,0,0,0,0.0
BMC,Bhimalgondi,78.914582,21.740994,SECR,Madhya Pradesh,4,2,2,0.00044498831905662476
TBR,Taiabpur,88.154497,26.392839,,,0,0,0,0.0
BSWD,BHEMSWADI,71.357286,21.485727,,,4,2,2,0.00044498831905662476
TKTB,THAKURBARI,92.699488,26.797642000000003,,,4,2,2,0.00044498831905662476
RMC,Ram Chaura Road,81.686954,25.609488,NR,Uttar Pradesh,4,2,2,0.00044498831905662476
GHLU,Ghallu,74.1078213831,30.2566065213,,,0,0,0,0.0
BMN,BHIMANA,72.886302,24.595571,NWR,Rajasthan,5,2,3,0.000556235398820781
PRDH,PIR DULHE SHAH HALT,73.155686,25.873873,,,16,11,5,0.001779953276226499
KEJ,Kathleeghat,77.103224,31.021478000000002,NR,Himachal Pradesh,4,2,2,0.00044498831905662476
MRDG,Maradanga,89.55668499999999,26.301078,,,0,0,0,0.0
MRDA,Maroda,79.660732,20.095174,,,0,0,0,0.0
LUA,Laluri Khera,79.74624299999999,28.607969,,,0,0,0,0.0
KEMP,Kempalsad,79.263378,21.087653,,,0,0,0,0.0
SGUD,Siliguri,88.414033,26.723574,,,0,0,0,0.0
CHNH,Channi Halt,73.01665499389999,27.890151968,,,0,0,0,0.0
KTGO,Kotgaon,79.674577,20.625413,,,0,0,0,0.0
PAAL,Pala,78.0183333807,21.3760800242,,,0,0,0,0.0
SXV,Suku,82.726431,18.715021,,,0,0,0,0.0
NARD,Naika Road,85.2923767371,25.4485799037,,,0,0,0,0.0
RAKD,Radha Kund,77.523598,27.537943,,,0,0,0,0.0
BHMA,Baghmara Halt,87.6174634106,25.365523628400002,,,0,0,0,0.0
ZPR,Zorawar Pura Halt,73.44881699999999,29.762905,,,0,0,0,0.0
OM,Omkareshwar Road,76.04654,22.215082,WR,Madhya Pradesh,4,2,2,0.00044498831905662476
AGTR,Agauthar Halt,84.8437572205,26.008145546599998,,,0,0,0,0.0
NES,Natesar,85.2718057104,24.963884576399998,,,0,0,0,0.0
KNLE,Kanale,74.9593667969,14.2250994053,,,0,0,0,0.0
BRMT,Baramati,74.5781969,18.1536772,CR,Maharashtra,2,1,1,0.00022249415952831238
MHKT,MOHKHUTI,94.80821,27.106537,,,4,2,2,0.00044498831905662476
GNGR,GUNGRANA,75.82596,30.714577,,,4,2,2,0.00044498831905662476
MCO,MOTIHARI COURT,84.90543100000001,26.62564,,,5,3,2,0.000556235398820781
MXM,MINATCHIPURAM,76.87534699999999,10.629748000000001,,,4,2,2,0.00044498831905662476
OPN,ONNUPURAM HALT,79.17972008790001,12.711563669599999,,,4,2,2,0.00044498831905662476
GDH,Gidnahali,77.82513399999999,13.406514,,,0,0,0,0.0
KUKA,Khui Khera,74.0778039648,30.305205841499998,,,0,0,0,0.0
BNJN,BINJANA,75.98680179930001,22.9311978995,,,7,3,4,0.0007787295583490933
GDW,Gadhwala,73.454923,27.970288,,,0,0,0,0.0
MCL,MADIMANGALAM,79.1862,12.598975000000001,,,4,2,2,0.00044498831905662476
BUGN,BHURJIHA BARAGN,80.726312,27.638101,,,2,1,1,0.00022249415952831238
LKJN,LINK JN. CABIN,81.841869,25.356832,,,23,12,11,0.0025586828345755923
JHH,JHALRA HALT,78.17640399999999,29.420302,,,4,2,2,0.00044498831905662476
KTES,KATNI SOUTH,80.401113,23.824725,,,33,23,10,0.0036711536322171544
KGH,Kotegangur,75.5206561768,13.9821624414,,,0,0,0,0.0
CLKN,CHUCHELA KALAN,78.272803,29.014595999999997,,,7,4,3,0.0007787295583490933
GDI,GUDGERI,75.3596044824,15.1249217339,SWR,Karnataka,5,2,3,0.000556235398820781
DLPR,DAYALPUR,81.8894849231,25.6322106511,,,6,4,2,0.0006674824785849371
CKRD,CHAKMAKRAND,85.2740297845,25.6975316046,,,4,2,2,0.00044498831905662476
BHCH,BLOCK CABIN CHAKKI BANK,75.651062146,32.2419748422,,,4,2,2,0.00044498831905662476
KNSN,KARNA SUBARNA,88.176458,24.035537,ER,West Bengal,4,2,2,0.00044498831905662476
APCH,ALIPURDUAR COLLEGE,89.5274862292,26.5016791611,,,5,3,2,0.000556235398820781
CRZ,CARANZOL,74.3061977655,15.3607491302,,,6,3,3,0.0006674824785849371
KNSR,KANASAR,73.324726,28.145913,NWR,Rajasthan,5,2,3,0.000556235398820781
HSDA,Hansdiha,87.0849798193,24.6141943022,,,0,0,0,0.0
GUSB,GHUMASAN BG,72.449413,23.378259,,,8,4,4,0.0008899766381132495
MXZ,Mohdara Halt,79.34702300000001,20.960497,,,0,0,0,0.0
OHAN,OHANCABIN,81.017247,25.102455000000003,,,4,2,2,0.00044498831905662476
BIE,BHISTENHATTI,74.705805,15.41363,,,4,2,2,0.00044498831905662476
AWT,Alwar Tirunagri,77.941809,8.602296,SR,Tamil Nadu,4,2,2,0.00044498831905662476
MUDI,Mududi,76.2332042139,13.151294369,,,0,0,0,0.0
BUGY,Bugia Halt,73.608155,29.38048,,,0,0,0,0.0
IGTA,Ingohta,80.126678,25.758384,NCR,Uttar Pradesh,4,2,2,0.00044498831905662476
GNGT,Gangatolia,79.986339,22.392169,,,0,0,0,0.0
DHOA,Dhaulpur,77.905659,26.697202,,,0,0,0,0.0
SHER,Sher,84.628290531,26.3516649204,,,0,0,0,0.0
BICI,Barkichampi,84.709751,23.483611,,,0,0,0,0.0
JBPN,Jabalpur Jn (Ng),79.950772,23.164248,,,0,0,0,0.0
SLQ,Salona Assam,92.961877,26.448981,,,0,0,0,0.0
DGT,Dhulghat,76.74963299999999,21.296281999999998,SCR,Maharashtra,4,2,2,0.00044498831905662476
DGY,Dighori Buzurg,79.230454,21.107513,,,0,0,0,0.0
PH,Panoh,76.19991700000001,31.551327999999998,,,0,0,0,0.0
MCY,Machriawan,85.29441999630001,25.4624795686,,,0,0,0,0.0
KIK,Karaikal,79.839712,10.925606,,,0,0,0,0.0
KIF,Kuri,76.8173945569,9.035098526,,,0,0,0,0.0
PSJ,Patasahi,84.923705,22.020127,SER,Orissa,4,2,2,0.00044498831905662476
JLT,Jhamat Halt,83.340382,27.200025999999998,,,0,0,0,0.0
CKN,CHINTA KANI,80.201337,17.126458999999997,SCR,Andhra Pradesh,9,6,3,0.0010012237178774058
CBSA,Chaibasa,85.812342,22.560494000000002,SER,Jharkhand,4,2,2,0.00044498831905662476
KKR,KHAKHRALA ROAD,70.722232,22.897133,,,4,2,2,0.00044498831905662476
SPPA,SHERPUR DHIPURA,85.8481621063,25.5999397486,,,4,2,2,0.00044498831905662476
DNWF,Dangarwa,72.441313,23.401545,,,0,0,0,0.0
PSS,PADSALI,75.38808359379999,18.0060618945,,,4,2,2,0.00044498831905662476
CHRA,CHHARRA,86.42299399999999,23.375747,SER,West Bengal,4,2,2,0.00044498831905662476
PKNS,POKHARNI NARASIMHA,76.7316388525,19.118747261,SCR,Maharashtra,4,2,2,0.00044498831905662476
BHAS,BHOJRAS,74.63427990000001,25.7882166,,,4,2,2,0.00044498831905662476
HNL,HINGOLI DECCAN,77.146758,19.726357,SCR,Maharashtra,8,4,4,0.0008899766381132495
ALAL,ALAL,75.72420699999999,30.378176,,,4,2,2,0.00044498831905662476
KARR,KHARAR,76.6360518042,30.7263803992,,,4,2,2,0.00044498831905662476
BHAL,BHATIEL,72.834624,22.477066,,,0,0,0,0.0
AGM,AGARAM SIBBANDI,79.11334699999999,12.414388,,,4,2,2,0.00044498831905662476
ASAR,ASRA HALT,77.29144328,29.249760774200002,,,4,2,2,0.00044498831905662476
CTZ,CHAUNTRA BHATERH,76.74671000000001,32.005534999999995,NR,Himachal Pradesh,4,2,2,0.00044498831905662476
MUY,MUGAIYUR,79.30532600000001,11.976522,,,4,2,2,0.00044498831905662476
PAY,PAYYANUR,75.195107,12.092248,SR,Kerala,5,2,3,0.000556235398820781
KRLR,KARAILA ROAD JN,82.719311,24.261080999999997,ECR,Madhya Pradesh,4,2,2,0.00044498831905662476
DAV,DEVALGAON AVCHAR,76.60520100000001,19.322430999999998,SCR,Maharashtra,5,2,3,0.000556235398820781
NMY,NOONMATI,91.806851,26.180382,,,5,2,3,0.000556235398820781
VNEC,Vijayawada North East,80.630413,16.532028,,,0,0,0,0.0
CKW,CHALKHOA,94.9592046722,27.4656628037,NFR,Assam,9,5,4,0.0010012237178774058
MNDV,MANDAWARIYA,74.890472,26.621071999999998,,,9,5,4,0.0010012237178774058
JLG,JULGAON DECCAN,77.790475,19.384261,,,4,2,2,0.00044498831905662476
TKPY,TURAKAPALLI,77.6285053778,15.0927135285,,,6,3,3,0.0006674824785849371
DAH,DEHARE,74.6741555884,19.2418554705,,,5,3,2,0.000556235398820781
ULG,UDALGURI,92.094329,26.744291,,,4,2,2,0.00044498831905662476
NMM,NEW MISAMARI,92.57545400000001,26.810166,,,4,2,2,0.00044498831905662476
MSMI,MISAMARI,92.595773,26.811265,,,4,2,2,0.00044498831905662476
AMBR,Ambika Rohina,76.9437206531,18.442254377900003,SCR,Maharashtra,4,2,2,0.00044498831905662476
ORC,ORCHHA,78.644228,25.401119,NCR,Uttar Pradesh,4,2,2,0.00044498831905662476
NTVT,NETHRAVATHI,74.856475,12.844375000000001,,,4,2,2,0.00044498831905662476
HNEO,Hathbandh,81.8457729333,21.6319185846,,,0,0,0,0.0
BSSL,Basi Beriasal,74.764318,25.024084,WCR,Rajasthan,4,2,2,0.00044498831905662476
CIP,Chichpalli,79.443249,19.966168,,,0,0,0,0.0
SNTD,Santaldih,86.48312299999999,23.596660999999997,SER,West Bengal,4,2,2,0.00044498831905662476
SNTN,Santinagar Halt,88.6377553125,23.292974228200002,,,0,0,0,0.0
SNTH,Sonthaliya,75.531666,27.400358,NWR,Rajasthan,4,2,2,0.00044498831905662476
DPNR,Deepnagar Halt,85.48327400000001,25.140667,,,0,0,0,0.0
GKV,Gottihalli Halt,78.155685,13.260622,,,0,0,0,0.0
JAMA,Jama,87.14492,24.345509,ER,Jharkhand,5,2,3,0.000556235398820781
HIVR,Hiwarkheda,78.112944,21.431848000000002,,,0,0,0,0.0
PETA,Pandetola,87.0603205811,24.7415365882,,,0,0,0,0.0
BWP,Bhawanipur Kalan,82.161102,27.415623,NER,Uttar Pradesh,4,2,2,0.00044498831905662476
LSE,Laseri,75.47962399999999,28.713124,,,0,0,0,0.0
KKV,Kunkavav Junction,70.975052,21.653448,WR,Gujarat,4,2,2,0.00044498831905662476
LOK,Loknath,88.03392099999999,22.871717999999998,ER,West Bengal,4,2,2,0.00044498831905662476
CKH,Chakand,84.9954942,24.8901416,ECR,Bihar,6,3,3,0.0006674824785849371
CKK,Chakarpur,80.002313,28.951978,NER,Uttarakhand,4,2,2,0.00044498831905662476
DCA,DAMCHARA,92.749675,25.012661,NFR,Assam,4,2,2,0.00044498831905662476
MOX,MORAN,94.88840400000001,27.147109999999998,,,4,2,2,0.00044498831905662476
BRMR,BHARMAR,75.954299,32.167399,NR,Himachal Pradesh,6,3,3,0.0006674824785849371
CVV,CHERUVU MADHAVARAM,80.518783,16.746018,SCR,Andhra Pradesh,15,9,6,0.0016687061964623428
WDL,WANDAL,75.86371000000001,16.416601,SWR,Karnataka,6,3,3,0.0006674824785849371
WDN,VADGAON NILA,76.643889,18.929059,,,4,2,2,0.00044498831905662476
MOJ,MOHANA,77.83395499999999,25.980207999999998,WCR,Madhya Pradesh,8,4,4,0.0008899766381132495
KMV,KARMAD,75.5378981451,19.872663603099998,SCR,Maharashtra,4,2,2,0.00044498831905662476
DRS,DHARESHWAR,73.667743,25.777583999999997,NWR,Rajasthan,4,2,2,0.00044498831905662476
KNJJ,KANNJARA HALT,77.2102291101,19.6039649812,,,4,2,2,0.00044498831905662476
BAGD,BAGWADA,72.916866,20.43948,,,16,8,8,0.001779953276226499
MRYA,MERIYANA,71.415981,21.201567,,,4,2,2,0.00044498831905662476
RDRA,RAMDEVRA,71.929837,27.006279,NWR,Rajasthan,5,2,3,0.000556235398820781
SGNR,SHRI GANGANAGAR,73.87141700000001,29.931792,NWR,Rajasthan,8,3,5,0.0008899766381132495
GKPE,GORAKHPUR EAST,83.387390437,26.7587697881,,,6,3,3,0.0006674824785849371
KPCM,KUWARCHINTAWA,84.942114,26.51743,,,4,2,2,0.00044498831905662476
SAPR,SARANGPUR ROAD,71.748617,22.236682000000002,WR,Gujarat,5,2,3,0.000556235398820781
GPAE,GUPTIPARA,88.4178,23.197355,ER,West Bengal,5,3,2,0.000556235398820781
WDM,WYNDHAMGANJ,83.401605,24.264112,ECR,Uttar Pradesh,8,5,3,0.0008899766381132495
KMD,KODUMUDI,77.885771,11.076073000000001,SR,Tamil Nadu,5,2,3,0.000556235398820781
BUU,BHADANPUR,80.679777,24.16808,WCR,Madhya Pradesh,8,3,5,0.0008899766381132495
ETB,ITARSI B CABIN,77.709215,22.591346,,,6,3,3,0.0006674824785849371
CVP,KOVILPATTI,77.872848,9.182578,SR,Tamil Nadu,9,5,4,0.0010012237178774058
PAL,PALASNER,77.050174,22.304246,WCR,Madhya Pradesh,6,3,3,0.0006674824785849371
RNIS,Ranolishishu,75.301025,27.517012,NWR,Rajasthan,4,2,2,0.00044498831905662476
GBB,GUBBI,76.939264,13.321429,SWR,Karnataka,11,5,6,0.001223717877405718
PERN,PERNEM,73.81653700000001,15.707894,KR,Goa,6,3,3,0.0006674824785849371
NAWN,NAWAN,74.353285,29.653071999999998,NWR,Rajasthan,7,4,3,0.0007787295583490933
AEX,Adderi,75.157978,14.141045,,,0,0,0,0.0
JNDO,Jehanabad Court,84.98423622680001,25.2012234752,,,0,0,0,0.0
MCLE,MANCHILI,81.613684,16.662928,SCR,Andhra Pradesh,4,2,2,0.00044498831905662476
AEK,Anekal Road,77.71072699999999,12.723885,SWR,Karnataka,5,3,2,0.000556235398820781
DCU,Damalcheruvu,79.05643400000001,13.478885,SCR,Andhra Pradesh,4,2,2,0.00044498831905662476
GBE,Gayabari,88.260998,26.860039999999998,,,0,0,0,0.0
GKPI,Gate Karepalli,80.25510299999999,17.500295,,,0,0,0,0.0
KNJI,Karanjali,88.245999,22.0353,,,0,0,0,0.0
BAGA,Bhagega,75.72088996,27.677209949999998,NWR,Rajasthan,6,3,3,0.0006674824785849371
BAGJ,Barharagani,83.9195740283,26.921354215,,,0,0,0,0.0
SLPR,Silpaprabesh,88.10654500000001,22.058566000000003,,,0,0,0,0.0
PLNI,Palani,77.52118300000001,10.458722,,,0,0,0,0.0
CNDM,Chandi Mandir,76.88683900000001,30.727071000000002,NR,Chandigarh,4,2,2,0.00044498831905662476
CNDB,Chandur Bazar,77.741807,21.219451,,,0,0,0,0.0
MMVR,Murga Mahadev Road,85.46586180999999,22.06048608,,,0,0,0,0.0
HSJ,HUSSAIN SAGAR J,78.461904,17.426453000000002,,,5,3,2,0.000556235398820781
SRBG,Sarobag,86.4760352539,25.272851221,,,0,0,0,0.0
NWBV,NWBV,80.62039399999999,16.529876,,,7,4,3,0.0007787295583490933
JSPR,JASHAPAR,69.87358352049999,21.837130552799998,,,4,2,2,0.00044498831905662476
RUP,Rupahigaon,92.74226717410001,26.4125623913,NFR,Assam,4,2,2,0.00044498831905662476
RF,RAFALESHWAR,70.8969253271,22.7738973454,,,4,2,2,0.00044498831905662476
SGLA,SANGOLA,75.187581,17.435563000000002,CR,Maharashtra,4,2,2,0.00044498831905662476
BSA,BHAINSA,77.673452,27.391523,,,4,2,2,0.00044498831905662476
BNNR,BHINDAR,74.179638,24.528647,,,4,2,2,0.00044498831905662476
KOX,KACHUJOR,87.4650456,23.8426777354,,,4,2,2,0.00044498831905662476
INK,INTAKANNE,79.860507,17.727522,SCR,Andhra Pradesh,16,6,10,0.001779953276226499
KZJF,KAZIPET F CABIN,79.57727100000001,17.974824,,,4,2,2,0.00044498831905662476
JDPT,Jagdishpur,86.9846195752,25.1482278323,,,0,0,0,0.0
UBCN,ULHAS BRIDGE CABIN,73.069462,19.246247,,,9,4,5,0.0010012237178774058
RG,RAJGHAT NARORA,78.353587,28.235655,NR,Uttar Pradesh,4,2,2,0.00044498831905662476
SRDH,SARSADH,76.731812,29.184058,,,3,2,1,0.0003337412392924686
IGRL,INGORALA,71.6869809839,21.8234176248,,,4,2,2,0.00044498831905662476
LGCE,LAGARGAWAN,80.81431,24.464248,WCR,Madhya Pradesh,10,4,6,0.001112470797641562
JDPR,Jagdishpur,86.52550400000001,24.273108999999998,?,Jharkhand,2,1,1,0.00022249415952831238
HSM,HAUSNAGAR,87.94988,24.646721000000003,,,6,3,3,0.0006674824785849371
VST,BIJAYSOTA,81.11095900000001,23.978724,WCR,Madhya Pradesh,7,4,3,0.0007787295583490933
SKPA,SHRIKALYANPURA,76.094182,25.189878,,,5,3,2,0.000556235398820781
DYS,DALAPATHY SAMUDRAM,77.638091,8.430572,SR,Tamil Nadu,7,4,3,0.0007787295583490933
RGNH,RAGHUNATHGARH,73.65157199999999,29.311679,,,4,2,2,0.00044498831905662476
KVLS,Karakavalasa,82.991426,18.292228,ECoR,Andhra Pradesh,2,1,1,0.00022249415952831238
SULH,Sulhani,74.865129,30.871949,NR,Punjab,4,2,2,0.00044498831905662476
QCAB,QCAB,84.88480200000001,22.229374,,,2,1,1,0.00022249415952831238
AJLE,AZIMGANJ JN CABIN,88.257363,24.23827,,,4,2,2,0.00044498831905662476
XCBN,Xcbn,83.16958199999999,25.303843,,,0,0,0,0.0
TWI,Totewahi Halt,79.600455,20.014659,,,0,0,0,0.0
INP,INDAPUR,73.24465000000001,18.297688,KR,Maharashtra,11,6,5,0.001223717877405718
INJ,INNANJE,74.7612195679,13.2555864292,,,4,2,2,0.00044498831905662476
BJLP,BARAI JALALPUR,80.800122,27.449608,NER,Uttar Pradesh,5,3,2,0.000556235398820781
KLGD,KOLLENGODE,76.697715,10.626984,,,4,2,2,0.00044498831905662476
DWJN,DIVA JN. CABIN,73.042923,19.188667,,,13,9,4,0.0014462120369340306
BRWH,BAHERWA HALT,82.7922887817,25.251877498200002,,,4,2,2,0.00044498831905662476
STKW,Sultanpur Kalia,76.8692637848,28.4605176414,,,0,0,0,0.0
HCNR,Harichandanpur,85.795395,21.328476000000002,ECoR,Orissa,4,2,2,0.00044498831905662476
NMUE,Numaishgarh Halt,77.8423063,28.407739616900002,,,0,0,0,0.0
PTP,Patal Pani,75.797002,22.514232000000003,WR,Madhya Pradesh,4,2,2,0.00044498831905662476
PTA,Patiala,76.4041,30.344248999999998,NR,Punjab,4,2,2,0.00044498831905662476
DRPH,Devri P.H.,79.836698,22.85663,SECR,Madhya Pradesh,2,1,1,0.00022249415952831238
NLKT,Nalkata,91.999618396,24.0683888436,,,0,0,0,0.0
PCZ,Pocharam,80.234583,17.486717000000002,SCR,Andhra Pradesh,4,2,2,0.00044498831905662476
BSD,Basuldanga,88.23393947000001,22.20374787,ER,West Bengal,4,2,2,0.00044498831905662476
KOM,Kodikkalpalaiym,79.64869900000001,10.786311,,,0,0,0,0.0
TFGN,Tufanganj,89.667639,26.303308,,,0,0,0,0.0
MWAD,Mowad,78.451335,21.455554,,,0,0,0,0.0
COAC,Coac,82.238213,16.964553,,,0,0,0,0.0
KPAW,Kanchrapara Workshop Gate,88.445352,22.935794,,,0,0,0,0.0
NLBR,Nilambazar,92.36512599999999,24.743292,NFR,Assam,4,2,2,0.00044498831905662476
KADL,Kumradol,87.075560105,24.695170582,,,0,0,0,0.0
SKPR,Sikarpur Halt,78.946006,21.984896,,,0,0,0,0.0
MRSH,Morshi,77.995446,21.326057,,,0,0,0,0.0
CHTL,Churaru Takrala,76.166445,31.597665,,,0,0,0,0.0
SUNW,Surendra Nagar (W) Cabin,71.636363,22.734875,,,0,0,0,0.0
SUNE,Sune,71.644706,22.753791000000003,,,0,0,0,0.0
XGN,Gokulnagar,85.30219143549999,25.4879748709,,,0,0,0,0.0
HSX,Hoshiarpur,75.9055848,31.5240737,NR,Punjab,2,1,1,0.00022249415952831238
TSG,SITAPUR CITY (THOMASGANJ),80.69025900000001,27.569887,,,4,2,2,0.00044498831905662476
GUB,GULARBHOJ,79.30114461,29.11078373,NER,Uttarakhand,4,2,2,0.00044498831905662476
LRNC,LAKSAR NORTH CABIN,78.0113177722,29.7715518226,,,9,6,3,0.0010012237178774058
LDU,Lunidhar,71.085551,21.715431000000002,WR,Gujarat,4,2,2,0.00044498831905662476
HOH,HONAGANAHALLI,75.732815,16.679401000000002,SWR,Karnataka,4,2,2,0.00044498831905662476
SE,SEMLA,70.79367,22.039641,,,8,5,3,0.0008899766381132495
TELI,TELI,79.405133,11.933093999999999,,,4,2,2,0.00044498831905662476
ILA,SILSIMAN,78.2001819324,9.8674013383,SR,Tamil Nadu,6,3,3,0.0006674824785849371
MMRB,MANMAD B CABIN,74.44955586180001,20.231473570600002,,,6,3,3,0.0006674824785849371
NSN,NASIRPUR HALT,77.109242,28.604529,,,6,3,3,0.0006674824785849371
REP,RESAULI,80.4578628,16.3096804,,,4,2,2,0.00044498831905662476
COP,Kanpur M. G. Goods,80.34196899999999,26.45248,,,0,0,0,0.0
PEM,Peralam Jn,79.656384,10.959358,,,0,0,0,0.0
UDR,AMDARA ROAD,80.5779045111,24.099500875799997,WCR,Madhya Pradesh,9,6,3,0.0010012237178774058
SFR,SAFRAI,94.942883,27.029014999999998,NFR,Assam,12,5,7,0.0013349649571698743
BURN,BURNPUR,86.9386234,23.6719137,SER,West Bengal,4,2,2,0.00044498831905662476
KQX,KACHUJOR,87.46277400209999,23.841224628400003,,,4,2,2,0.00044498831905662476
RWTB,ROWTA BAGAN,92.21490999999999,26.736799,,,4,2,2,0.00044498831905662476
CAO,CHAURADANO,85.01767731,26.85049224,,,4,2,2,0.00044498831905662476
RSNA,RASANA HALT,72.256353,24.224697000000003,,,7,4,3,0.0007787295583490933
GRNA,GURHANWA,85.215756,26.74758,,,4,2,2,0.00044498831905662476
PDPR,Purandarpur,83.34747200000001,27.209982,NER,Uttar Pradesh,4,2,2,0.00044498831905662476
HJLI,HUGRAJULI,92.35864099999999,26.805203,,,4,2,2,0.00044498831905662476
NSO,Nashipur Road,88.274766,24.21105,,,0,0,0,0.0
ULTL,Kulti Link Cabin,86.865534,23.734566,,,0,0,0,0.0
PMDB,PAMIDI,77.5990888062,14.9811881952,,,5,3,2,0.000556235398820781
DCTL,DOMBIVLI CTL,73.08419099999999,19.203604,,,9,5,4,0.0010012237178774058
KQZ,Kolar,78.13204400000001,13.124594,,,0,0,0,0.0
SVTN,SHIVATHAN,74.518905,15.477666,,,6,3,3,0.0006674824785849371
GMI,Gond Umri,80.082136,21.003133000000002,,,0,0,0,0.0
BMGN,BAMUNI GAON,91.282876,26.01201,,,17,12,5,0.0018912003559906554
BQU,Bhattiprolu,80.787953,16.105632000000004,SCR,Andhra Pradesh,4,2,2,0.00044498831905662476
CMGR,Chikkamanglur,75.7887762634,13.3038846483,,,0,0,0,0.0
BURA,Bahuara,84.7834807544,25.8968700235,,,0,0,0,0.0
BHKA,Bahira Kalibari,88.563588,22.685772,ER,West Bengal,2,1,1,0.00022249415952831238
GNRD,Genoli Road,75.152338,25.203127000000002,,,0,0,0,0.0
BYPA,Baiyyappanahalli,77.651853,12.991200000000001,,,0,0,0,0.0
VGDC,Viramgam D Cabin,72.042828,23.137395,,,0,0,0,0.0
URML,Upramal,75.276627,25.247947,,,0,0,0,0.0
NEYT,Ntpc Exchange Yard Talcher,85.20809999999999,20.919626,,,0,0,0,0.0
JRRI,Jrri,83.17854700000001,25.308243,,,0,0,0,0.0
NCPM,Nishchindapur Market Halt,88.21710499999999,21.987443000000003,ER,West Bengal,4,2,2,0.00044498831905662476
BRSA,Barwa Kalan,83.408343,27.391265999999998,,,0,0,0,0.0
JWK,Jawaharpur Kamsan,78.588278,27.52481,,,0,0,0,0.0
TMZJ,Tmzj,87.933497,22.246668,,,0,0,0,0.0
HUN,Hunsenahalli,77.94645,13.399832,,,0,0,0,0.0
DYW,Diyawan Halt,85.2839236682,25.3817289022,,,0,0,0,0.0
GHB,Gahri Bhagi,74.944234,30.116782999999998,,,0,0,0,0.0
JREA,Jhareda,77.032106,27.476347999999998,,,0,0,0,0.0
JSL,JASSOWAL HALT,75.831803,30.799159,,,4,2,2,0.00044498831905662476
KOWN,KHOWANG,94.895843,27.299563,,,3,2,1,0.0003337412392924686
IDGH,INDARGARH,77.73819999999999,25.775115,,,4,2,2,0.00044498831905662476
BROR,BERORE,73.300793,29.200034,,,2,1,1,0.00022249415952831238
MWZ,MAHISHADAHARI,87.649654,23.916311,,,7,3,4,0.0007787295583490933
CHAH,CHAILAHA HALT,84.89464732670001,26.6748122335,,,8,4,4,0.0008899766381132495
LHD,LOHOGAD,77.07850599999999,20.467176,SCR,Maharashtra,6,3,3,0.0006674824785849371
GHGL,GHAGWAL,75.213604,32.504286,NR,Jammu and Kashmir,9,6,3,0.0010012237178774058
ADTL,ADHARTAL,79.972274,23.227389,WCR,Madhya Pradesh,9,4,5,0.0010012237178774058
SISN,SISAUNA,78.28054900000001,29.216155,,,7,4,3,0.0007787295583490933
JSI,JASALI,71.914081,24.169914000000002,,,4,2,2,0.00044498831905662476
NWN,Nanwan,76.014318,28.371336999999997,,,0,0,0,0.0
PRWA,PARWAKHURD HALT,77.764414,19.365201,,,4,2,2,0.00044498831905662476
KWC,KUNDWA CHAINPUR,85.183119,26.771884,,,4,2,2,0.00044498831905662476
KSMB,KASTLA KASMABAD,85.79836399999999,25.114943999999998,ECR,Bihar,5,2,3,0.000556235398820781
DKJR,DHEKIAJILI ROAD,92.452548,26.809213999999997,,,4,2,2,0.00044498831905662476
AADR,Amb Andora,76.110391,31.670727,,,0,0,0,0.0
BHHZ,BEHTA HAZIPUR HALT,77.304041,28.719730000000002,NR,Uttar Pradesh,4,2,2,0.00044498831905662476
BYNR,MOOKAMBIKA ROAD,74.63279,13.87259,KR,Karnataka,7,3,4,0.0007787295583490933
KWH,KACHHWA ROAD,82.706617,25.250465000000002,NER,Uttar Pradesh,4,2,2,0.00044498831905662476
IBH4,IBH4,82.431192,22.029943999999997,,,4,2,2,0.00044498831905662476
IBH5,IBH5,82.620084,22.019762,,,4,2,2,0.00044498831905662476
IBH6,IBH6,82.73791700000001,22.021243000000002,,,4,2,2,0.00044498831905662476
IBH3,IBH3,82.892472,22.016209999999997,,,4,2,2,0.00044498831905662476
BRMO,BERMO,85.955893,23.772498,ECR,,4,2,2,0.00044498831905662476
IBH1,IBH1,83.625911,21.861847,,,4,2,2,0.00044498831905662476
IBH2,IBH2,83.794136,21.87477,,,2,1,1,0.00022249415952831238
IBHG,Ibhg,81.98842900000001,21.775184,,,0,0,0,0.0
NGHW,Nageshwadi Halt,76.91610235659999,18.4615191344,,,0,0,0,0.0
SISM,Singuli Shyam,75.00444200000001,25.186362,,,0,0,0,0.0
SSGR,Sisai Gulabrai,83.776865,26.282385,,,0,0,0,0.0
MWR,Mahansar,75.031292,28.199841000000003,NWR,Rajasthan,4,2,2,0.00044498831905662476
MGDR,Magardharra Ph,80.12555929080001,21.9661929569,,,0,0,0,0.0
FGH,Fatehgarh Haryana,76.243784,28.647921,,,0,0,0,0.0
DASF,Dhasa Jn,71.517978,21.782515,,,0,0,0,0.0
KAMR,Khurrampur,85.2213155725,25.1687228764,,,0,0,0,0.0
SHTS,Sambhal Hatim Sarai,78.568241,28.596912,NR,Uttar Pradesh,2,1,1,0.00022249415952831238
BECN,Bikaner East,73.368894,27.972495,,,0,0,0,0.0
PKM,Periyanaikanpalayam,76.948477,11.144776,SR,Tamil Nadu,4,2,2,0.00044498831905662476
IBHE,Ibhe,81.815212,21.600830000000002,,,0,0,0,0.0
SRJK,Suraj Kunda,81.20291900000001,26.142698000000003,,,0,0,0,0.0
IBHF,Ibhf,81.89613299999999,21.682533000000003,,,0,0,0,0.0
IBHC,Ibhc,81.741998,21.38637,,,0,0,0,0.0
PKRH,Parsa Kerwan Halt,84.8273760669,26.053610138099998,,,0,0,0,0.0
TOR,Titur,79.288957,21.059452,,,0,0,0,0.0
TOI,Tamkuhi Road,84.228415,26.721823999999998,,,0,0,0,0.0
BFF,Barabhati,80.06084100000001,20.862984,,,0,0,0,0.0
MROA,Mora,77.612747,27.516762,,,0,0,0,0.0
SGDV,Soma Guddu,76.633302,14.288569,,,0,0,0,0.0
KWB,Kaniwara,79.73291400000001,22.218261000000002,SECR,Madhya Pradesh,4,2,2,0.00044498831905662476
DJHR,Deojhar,85.47699312,22.08071726,,,0,0,0,0.0
DEPI,Deenapatti,86.937159,25.89498,,,0,0,0,0.0
IBHA,Ibha,81.384639,21.206629,,,0,0,0,0.0
DKJB,Dornakal Bye Pass,80.157907,17.429209999999998,,,0,0,0,0.0
JUYA,Jodhpuriya,74.81465299999999,25.070196,,,0,0,0,0.0
DUE,Dhuri Jn,84.139379776,26.8008621515,,,0,0,0,0.0
BKRH,Brij Kishor Halt,84.69461,26.31374,,,0,0,0,0.0
SMGR,Samaguri,92.84983299999999,26.416262999999997,NFR,Assam,4,2,2,0.00044498831905662476
BTDR,Batadrowa Road,92.538085,26.466939,NFR,Assam,4,2,2,0.00044498831905662476
RTJ,Rantej,72.153828,23.471537,WR,Gujarat,4,2,2,0.00044498831905662476
NRKG,NARKATIAGANJ JN,84.46403500000001,27.105025,,,5,3,2,0.000556235398820781
KGLE,KHAGRAGHAT ROAD,88.22648099999999,24.106842,ER,West Bengal,8,4,4,0.0008899766381132495
BDK,BEDAG,74.756723,16.823512,,,4,2,2,0.00044498831905662476
PRK,PARKHAM,77.711657,27.299256,,,4,2,2,0.00044498831905662476
DWL,DHUWALA,74.5819742755,25.487150094300002,,,4,2,2,0.00044498831905662476
BYO,BAYALUVADDIGERI,76.533248,15.230476,,,6,3,3,0.0006674824785849371
RJMA,RAJOMAJRA,75.79810400000001,30.375339,,,4,2,2,0.00044498831905662476
LNT,LINGTI,78.901334,19.86677,?,Maharashtra,5,2,3,0.000556235398820781
BYE,BANSI BOHERA,74.38867400000001,24.363232999999997,,,3,2,1,0.0003337412392924686
PPS,PIPILIYA ROAD,70.67825500000001,22.930873000000002,,,4,2,2,0.00044498831905662476
SQZ,VANCHANGIRI,79.6671534143,17.9512834252,,,7,3,4,0.0007787295583490933
KLMJ,Kalhe Majra,76.21149321899999,30.3358409881,,,0,0,0,0.0
KMHT,KARMAHAT,85.5410748871,23.712696086799998,,,6,3,3,0.0006674824785849371
KLMD,Kollumangudi,79.65593299999999,10.980702,,,0,0,0,0.0
BDA,VADODARA C CABIN,73.17783,22.318357,,,4,2,2,0.00044498831905662476
GAGA,Galgalia,88.11348526,26.52752005,,,0,0,0,0.0
NAKD,NAIK DIH,83.466008,25.847026,,,4,2,2,0.00044498831905662476
KSIH,Khodseoni,80.1127146875,21.1558479072,,,0,0,0,0.0
POY,POLLACHI JN,77.001342,10.653079,,,2,1,1,0.00022249415952831238
BRIH,Bairi Halt,84.2113217236,25.158611596700002,,,0,0,0,0.0
SDLK,SUNDLAK,76.455842,25.121481000000003,,,6,3,3,0.0006674824785849371
ISM,ISMAILA HARYANA,76.74656300000001,28.796977000000002,NR,Haryana,6,4,2,0.0006674824785849371
PPK,Pachpokharia,84.981145,26.894084,,,0,0,0,0.0
KYG,KIDIYANAGA,70.768891,23.47934,,,4,2,2,0.00044498831905662476
VBU,VEMBUR,78.0723825452,10.5893388627,,,6,3,3,0.0006674824785849371
NNM,Nannilam,79.6509052,10.8837044,,,0,0,0,0.0
KYO,KHANDIKAR,91.642769,26.463321,,,4,2,2,0.00044498831905662476
BATM,Batala Sugar Mills,75.228493,31.856906,,,0,0,0,0.0
HIS,Hisua,85.417826,24.859600999999998,,,0,0,0,0.0
LLD,Lalavadi,78.189646,21.930346999999998,,,0,0,0,0.0
IDS,Ishardaspur,81.253954,25.947848999999998,,,0,0,0,0.0
CGE,Charghat Pipari,79.922584,23.037538,,,0,0,0,0.0
DLCB,Durg Link Cabin,81.300896,21.197156,,,0,0,0,0.0
SRSO,Sarsoo,85.35368317140001,24.9197820804,,,0,0,0,0.0
DGPI,Durgapuri,76.809686,25.865541,,,0,0,0,0.0
IDT,Sidlaghatta,77.86536472,13.39218973,,,0,0,0,0.0
BYQ,Bahai,81.01527999999999,26.122334,,,0,0,0,0.0
SPBG,Sipra Bridge,75.757499,23.173483,,,0,0,0,0.0
BWO,Buramara,86.650295,22.107567000000003,,,0,0,0,0.0
PRNT,Periyanagathunai,77.9110166815,12.559346408400001,,,0,0,0,0.0
IFFC,Iffco Cabin,72.52010800000001,23.212087,,,0,0,0,0.0
TKG,Thakurganj,88.129704,26.426933,,,0,0,0,0.0
MTRA,Matigara,88.384065,26.716817,,,0,0,0,0.0
BRKH,Bisapur Kalan Halt,78.923701,21.914681,SECR,Madhya Pradesh,4,2,2,0.00044498831905662476
SUPR,Surajpur,76.888897,30.782451000000002,,,0,0,0,0.0
HMB,Harebetta,75.593582,12.794145,,,0,0,0,0.0
SSU,Sasa Musa,84.357082,26.527558,,,0,0,0,0.0
BGDI,Bagadia Ph,86.586249,20.279033000000002,,,0,0,0,0.0
POT,Pothia,88.179429,26.310567000000002,,,0,0,0,0.0
POU,Padrauna,83.982606,26.897709199999998,,,0,0,0,0.0
HAN,HINDAUN CITY,77.03168600000001,26.756164000000002,WCR,Rajasthan,12,5,7,0.0013349649571698743
MGRP,MEGH RAJ PURA,76.07141899999999,32.079397,NR,Himachal Pradesh,4,2,2,0.00044498831905662476
GPSA,Ghatparsia Halt,79.0528523303,22.0597389624,,,0,0,0,0.0
GHAI,GHATIGAON,77.92678000000001,26.054864000000002,WCR,Madhya Pradesh,8,4,4,0.0008899766381132495
SBIC,SABARMATI BRIDGE,72.58875599999999,23.067094,,,12,6,6,0.0013349649571698743
DSX,DESANG,94.686324,27.056054999999997,,,4,2,2,0.00044498831905662476
SUC,Sunak,73.209986,23.604089,,,0,0,0,0.0
CKKD,CHARKHERA KHURD,76.642615,21.938836,,,11,6,5,0.001223717877405718
AMPA,AMBALAPUZHA,76.363817,9.386059,SR,Kerala,8,4,4,0.0008899766381132495
SBID,SABARMATI D CABIN,72.57027500000001,23.101488,,,8,4,4,0.0008899766381132495
SUI,Sui,76.0614295142,28.8992313011,,,0,0,0,0.0
MHWL,MACHROWAR,75.636644,31.516333,,,4,2,2,0.00044498831905662476
KTLN,KHAT LABANA,73.8612473071,30.0390118497,,,3,2,1,0.0003337412392924686
SUJH,Sujangarh,74.463659,27.708763,NWR,Rajasthan,8,4,4,0.0008899766381132495
NTDM,NITYANAND DHAM,75.057507,23.414967,,,4,2,2,0.00044498831905662476
TEK,Tekkali Halt,84.231178,18.605282,ECoR,Andhra Pradesh,4,2,2,0.00044498831905662476
SLBS,SALSALA BARI,89.594991,26.486646999999998,,,8,4,4,0.0008899766381132495
BTDF,BOTAD JN,71.6653966,22.182670599999998,,,2,2,0,0.00022249415952831238
SBIS,SABARMATI SOUTH,72.56375499999999,23.083452,,,6,3,3,0.0006674824785849371
GJT,Gannaghatta,78.146705,13.244119000000001,,,0,0,0,0.0
DQV,DAULA KOT BHAI,74.703438,30.206149,,,4,2,2,0.00044498831905662476
LHK,LAIHRA KHANA,75.1389845972,30.2258549701,,,4,2,2,0.00044498831905662476
DNU,Dalsanur,78.171853,13.274642,,,0,0,0,0.0
GKHT,GRAM KHARIKA,85.3879062933,25.6720446969,,,4,2,2,0.00044498831905662476
RKO,RAMAKRISHNAPURAM GATE,78.52847299999999,17.476299,SCR,Andhra Pradesh,5,3,2,0.000556235398820781
MWG,Mindala,79.71680900000001,20.515625999999997,,,0,0,0,0.0
DSAP,DELHI SHAHDARA A PANEL,77.31954,28.673349,,,10,6,4,0.001112470797641562
SNCA,SONACHARA,91.143131,25.984617,,,8,4,4,0.0008899766381132495
RKL,Ramkola,83.836714,26.90674,,,0,0,0,0.0
RKK,Ratangarh Kanakwal,74.966758,29.922760999999998,,,0,0,0,0.0
DLGS,Duklangia,94.273103,26.692531,,,0,0,0,0.0
KTLP,Katalpur Halt,84.7728427332,26.229288579,,,0,0,0,0.0
SETB,Sessa,94.85767,27.32406,,,0,0,0,0.0
AUI,Aurahi,87.135054,25.823021,ECR,Bihar,8,4,4,0.0008899766381132495
AUN,Aurang Nagar,75.974542,29.043935,,,0,0,0,0.0
BNLS,Bangi Nihal Singh,74.95528499999999,30.008326,,,0,0,0,0.0
HAR,Hamirpur Road,80.190689,26.016513,NCR,Uttar Pradesh,4,2,2,0.00044498831905662476
WTP,Water Pipe,73.290406,19.009064,,,0,0,0,0.0
SLHI,Shilhauri Halt,84.8337491992,25.9530212347,,,0,0,0,0.0
RTG,Rangtong,88.342388,26.836122,NFR,West Bengal,2,1,1,0.00022249415952831238
BLLT,Ballupete,75.908903,12.969667999999999,,,0,0,0,0.0
RTU,Ratan Sarai,84.573582,26.373540000000002,,,0,0,0,0.0
SDRA,Sudharana,76.425807,28.453681,NWR,Haryana,4,2,2,0.00044498831905662476
BVRM,Bhimavaram Junction,81.538335,16.543097,SCR,Andhra Pradesh,4,2,2,0.00044498831905662476
NKW,Nilakantheswar,85.798221,21.426066,ECoR,Orissa,4,2,2,0.00044498831905662476
SKY,Shikara,79.858161,22.798847000000002,SECR,Madhya Pradesh,5,3,2,0.000556235398820781
DJB,DIJAOBRA,93.093936,25.5507,,,2,1,1,0.00022249415952831238
BLR,BALGANUR,75.60251865000001,15.59262851,SWR,Karnataka,4,2,2,0.00044498831905662476
MSHW,MUSHARWA HALT,84.48696237120001,27.0516270621,,,5,2,3,0.000556235398820781
CHIT,CHITHARI HALT,79.89076200000001,25.228309,,,3,2,1,0.0003337412392924686
BRGP,BAJRANGPURA,71.7400647568,22.8387443721,,,11,4,7,0.001223717877405718
BRGT,BHERAGHAT,79.7978789,23.1697663,WCR,Madhya Pradesh,7,3,4,0.0007787295583490933
SWU,SANAURA,75.64132599999999,31.579622,,,4,2,2,0.00044498831905662476
MHDA,MAHDEIYA,82.588309,24.210039,ECR,Madhya Pradesh,5,3,2,0.000556235398820781
BRGJ,BARGAON GUJAR,76.3562287756,21.7849180856,,,12,6,6,0.0013349649571698743
DHWS,DHOSAWAS,75.051031,23.383691,,,4,2,2,0.00044498831905662476
VDK,VADAKANNIKAPURM,76.686919,10.641667,,,4,2,2,0.00044498831905662476
KHNR,KACHNARA,75.101024,23.808778,,,4,2,2,0.00044498831905662476
MMDA,MUTHALAMADA,76.77172300000001,10.626386,,,4,2,2,0.00044498831905662476
DV,DHUVA,70.9335792004,22.7223787434,,,4,2,2,0.00044498831905662476
FRG,Faringapete Halt,74.957082,12.875341,,,0,0,0,0.0
CASA,CHHANSARA,71.276337,23.767566,,,4,2,2,0.00044498831905662476
SNLR,SANTALPUR,71.181545,23.759161000000002,WR,Gujarat,4,2,2,0.00044498831905662476
SIA,SHIVLANKHA,70.620232,23.380465,,,4,2,2,0.00044498831905662476
SNMR,Soniyana Mewar,73.971244,25.080389,,,0,0,0,0.0
MSHM,MAHESANA,72.38875601560001,23.606146717799998,,,4,2,2,0.00044498831905662476
SWW,Shahanagar Timarua,78.25971,27.416456999999998,NCR,Uttar Pradesh,4,2,2,0.00044498831905662476
NKV,NAKARDEI,84.89193900000001,26.948956,,,4,2,2,0.00044498831905662476
MMDL,MOHINI MANDAL(H,85.389062,26.678676999999997,,,4,2,2,0.00044498831905662476
GVR,GORESUAR,91.72046680000001,26.526055630000002,,,4,2,2,0.00044498831905662476
SRRB,SHORANUR B CABIN,76.271,10.759868,,,4,2,2,0.00044498831905662476
KBY,KHOIRABARI,91.840413,26.626143000000003,,,4,2,2,0.00044498831905662476
PCAB,PCAB,84.912165,22.237662,,,2,1,1,0.00022249415952831238
TNL,TANGLA,91.912274,26.658355,,,4,2,2,0.00044498831905662476
SWT,Shivwala Tehu,78.224585,27.382935,,,0,0,0,0.0
NGPB,Nagpur (Se),79.088256,21.145332,,,0,0,0,0.0
PLHL,PALLAHALLI HALT,76.6601677197,12.4115632692,,,10,5,5,0.001112470797641562
NJPS,New Jalpaiguri,88.442721,26.682355,,,0,0,0,0.0
BARS,Barsana,77.15025299999999,27.443262999999998,,,0,0,0,0.0
LKMN,Lokmanya Nagar,75.847166,22.691279,WR,Madhya Pradesh,4,2,2,0.00044498831905662476
MSHF,Mahesana,72.38937,23.603326,,,0,0,0,0.0
TVTN,Thambawati Nagri,74.68691899999999,24.958315,,,0,0,0,0.0
SPYA,Sipaya,84.326498,26.564981,,,0,0,0,0.0
JUBS,Jubbasahani,85.369793,26.17489,,,0,0,0,0.0
LSGS,Lavan Satyagraha Smarak P.H,87.850571,22.096296,,,0,0,0,0.0
HPLB,Hatpuraini,86.9845895752,25.1553455368,,,0,0,0,0.0
CHT,Champahati,88.493624,22.402193,ER,West Bengal,4,2,2,0.00044498831905662476
MMDP,Mohamadpur,85.41562499999999,24.877385999999998,,,0,0,0,0.0
NEHL,Nethranahalli H,76.71037,14.674986,,,0,0,0,0.0
KBS,Kusmuda Block Station,82.680149,22.342991,,,0,0,0,0.0
SVGL,Shrivagilu,75.584174,12.755498000000001,,,0,0,0,0.0
GVP,Gate Vanampalli,77.892616,17.448472,,,0,0,0,0.0
GOX,GOBINDPUR DUGLI,83.791513,26.085299,,,8,5,3,0.0008899766381132495
KAKN,Kaimarkalan,77.22272699999999,26.176561,NCR,Madhya Pradesh,4,2,2,0.00044498831905662476
BLV,Bhelwa,84.77836099999999,26.994131,,,0,0,0,0.0
BLF,Balajan,89.887371,26.09571,,,0,0,0,0.0
APRD,Ashapurna Devi,87.638201,21.727401,,,0,0,0,0.0
KNVH,Kanivehalli,75.8986612061,13.327121199099999,,,0,0,0,0.0
SEPN,SEPON,94.85643400000001,27.117144,,,4,2,2,0.00044498831905662476
HBG,HOWBAGH JABALPUR,79.932199,23.156295999999998,WCR,Madhya Pradesh,9,5,4,0.0010012237178774058
BHBT,BLOCK HUT BASANTPUR,75.059067,32.559965,,,10,8,2,0.001112470797641562
JMBL,JAMBHALI HALT,77.59293500000001,19.167016,,,4,2,2,0.00044498831905662476
TNNH,TAPASWINARAYAN NAGAR HALT,85.445955,26.631615,,,4,2,2,0.00044498831905662476
STDB,SITAFALMANDI B,78.52024899999999,17.428299000000003,,,3,2,1,0.0003337412392924686
AYD,AYANDUR,79.34081,11.966731999999999,,,4,2,2,0.00044498831905662476
AJKI,AJITKHERI,76.045323,23.040004,WR,Madhya Pradesh,4,2,2,0.00044498831905662476
MSDG,MASOBA DONGARGAON,75.136269,17.265553999999998,,,4,2,2,0.00044498831905662476
HXR,HANSAPORE,72.925984,20.906867,,,5,3,2,0.000556235398820781
MDUN,Madhura Nagar,80.6476081836,16.5253522399,,,0,0,0,0.0
DDS,DUDH SAGAR,74.306568,15.31821,,,4,2,2,0.00044498831905662476
KFN,KANOR,74.266275,24.459564,,,4,2,2,0.00044498831905662476
CQS,CAPPER QUARRY,79.75366600000001,11.694558,SR,Tamil Nadu,4,2,2,0.00044498831905662476
AYN,AIYANAPURAM,78.929033,10.788547000000001,SR,Tamil Nadu,4,2,2,0.00044498831905662476
FTH,FATUHI,73.871319,30.056984,NR,Rajasthan,4,2,2,0.00044498831905662476
BDUA,BASUDEOPUR CHANDAIL HALT,85.5426915326,25.6487380699,,,4,2,2,0.00044498831905662476
KLVR,Kolvihir,77.854259,21.26585,,,0,0,0,0.0
HBQ,HUBLI EAST CAB,75.155355,15.348063,,,5,2,3,0.000556235398820781
MITA,MITHA,71.672422,24.082494,,,4,2,2,0.00044498831905662476
BNWS,BHANWASA,75.2170497089,26.8333020399,,,8,4,4,0.0008899766381132495
BUBR,BHUTAKIA BHIMSA,70.908462,23.533540000000002,,,4,2,2,0.00044498831905662476
GEK,GEGAL AKHRI,74.775574,26.540366000000002,NWR,Rajasthan,6,3,3,0.0006674824785849371
SLWR,SILAWAR,77.345001,29.505405,NR,Uttar Pradesh,4,2,2,0.00044498831905662476
LJKR,LAJKURA CABIN,83.888267,21.809025000000002,,,4,2,2,0.00044498831905662476
MDN,MIDNAPORE,87.307379,22.42498,SER,West Bengal,6,4,2,0.0006674824785849371
MYX,METYAL SOHAR,86.748784,23.482582,SER,West Bengal,6,3,3,0.0006674824785849371
JGF,JOGIDIH,83.052288244,24.2769136737,,,4,2,2,0.00044498831905662476
PWK,PIPARIYA KALAN,80.73642199999999,23.859295,WCR,Madhya Pradesh,4,2,2,0.00044498831905662476
KMTI,Kumarhatti,77.05598099999999,30.889186,NR,Himachal Pradesh,4,2,2,0.00044498831905662476
KRTN,KIRTI NAGAR,77.145074025,28.6469294838,NR,Delhi NCT,8,4,4,0.0008899766381132495
TCH,Tiruchchuli,78.19753187,9.537360695,,,0,0,0,0.0
ADRE,ADRA EAST CABIN,86.69287100000001,23.492772000000002,,,6,3,3,0.0006674824785849371
KLSP,Kushal Pura,75.764732,28.484266,,,0,0,0,0.0
TERH,Terha Halt,84.8493670618,25.995645525199997,,,0,0,0,0.0
LVR,Lokvidyapith Nagar,83.306841,27.154414,NER,Uttar Pradesh,4,2,2,0.00044498831905662476
LVK,Lakkavarapukota,83.14744900000001,18.018465,,,0,0,0,0.0
JGP,Jalalpur,84.311942,26.586308000000002,,,0,0,0,0.0
BNWD,Bhandewadi Halt,79.159229,21.141189,,,0,0,0,0.0
HEN,Heria Ph,87.79556600000001,21.974916,,,0,0,0,0.0
KDHI,Kaladehi,79.83489,22.879170000000002,SECR,Madhya Pradesh,5,2,3,0.000556235398820781
ICBN,Icbn,83.156976,25.296734999999998,,,0,0,0,0.0
JBCN,Joda Block Cabin,85.43383,22.024168000000003,,,0,0,0,0.0
PPTN,Piprithan,88.124798,26.484618,,,0,0,0,0.0
SKLI,Sukli,79.683653,21.677859,,,0,0,0,0.0
ANGM,Aungari Dham,85.2261571069,25.1913324416,,,0,0,0,0.0
KATI,Kanthi P Halt,87.734128,21.788742999999997,?,West Bengal,4,2,2,0.00044498831905662476
NTS,Nattrasankottai,78.54142999999999,9.880423,SR,Tamil Nadu,5,2,3,0.000556235398820781
KDHN,Kandharan Halt,75.45245,28.594924,,,0,0,0,0.0
BWBN,Bewar Bhojan,75.5683413623,28.5476822027,,,0,0,0,0.0
GNDM,Gunrajpur Dhama,84.8211345959,26.069449321900002,,,0,0,0,0.0
KBKN,Khabra Kalan,75.412296,29.322476,,,0,0,0,0.0
KRKM,Khara-Kameri,73.929025,25.427702,,,0,0,0,0.0
JES,Jaitsar,73.65228900000001,29.342839,,,0,0,0,0.0
GGG,Gangagarh Halt,78.739109,27.850344000000003,,,0,0,0,0.0
MDLM,MUNDALARAM,75.102087,23.687953,,,2,1,1,0.00022249415952831238
KTDD,KATAIYA DANDI,81.3984808771,25.149062471199997,NCR,Uttar Pradesh,8,4,4,0.0008899766381132495
KNRI,KUNURI,87.6115177704,23.9163057543,,,4,2,2,0.00044498831905662476
KHW,KHERODA,74.06853600000001,24.570580999999997,,,3,2,1,0.0003337412392924686
AJIT,AJIT,72.67795462,25.860076969999998,NWR,Rajasthan,4,2,2,0.00044498831905662476
BKAC,BARKAKANA AVOIDING CABIN,85.46359199999999,23.640520000000002,,,6,3,3,0.0006674824785849371
CMMG,CHAMUNDA MARG,76.421027,32.110941000000004,NR,Himachal Pradesh,4,2,2,0.00044498831905662476
X108,Aman Lodge,73.27608000000001,18.997761,,,0,0,0,0.0
BLDL,BALLE-DA-PIR-LA,75.932732,32.215731,NR,Himachal Pradesh,4,2,2,0.00044498831905662476
GURN,Gurudas Nagar,88.214928,22.199323,ER,West Bengal,4,2,2,0.00044498831905662476
SOA,SANOSRA,71.7894786566,21.748110299,WR,Gujarat,4,2,2,0.00044498831905662476
BGRR,BAGARPUR HALT,78.278043,29.079065999999997,,,4,2,2,0.00044498831905662476
FZR,FIROZPUR CANT,74.61843900000001,30.942486,NR,Punjab,13,7,6,0.0014462120369340306
LMGF,LUMDING JN,93.17674000000001,25.750176,,,2,1,1,0.00022249415952831238
MDJN,Madar Jn,74.686507,26.464294,,,0,0,0,0.0
TZH,TAKAZHI,76.408316,9.3702,,,9,7,2,0.0010012237178774058
BVI,BORIVALI,72.85641199999999,19.228739,WR,Maharashtra,9,5,4,0.0010012237178774058
PNTR,PENNATHUR HALT,79.1235368176,12.849960168399999,,,4,2,2,0.00044498831905662476
GM,GARMADI,71.13394,23.72788,,,4,2,2,0.00044498831905662476
MBU,MELPATTAM BAKKAM,79.622949,11.784898,SR,Tamil Nadu,4,2,2,0.00044498831905662476
BANR,Bhaner,72.9756196179,22.879185725,,,0,0,0,0.0
CUD,TIRUPPAPPULIYUR,79.753441,11.748845000000001,SR,Tamil Nadu,4,2,2,0.00044498831905662476
KWBR,KATWAR BAZAAR,82.448864,25.562644,,,4,2,2,0.00044498831905662476
NXH,NIDAGHATTA,77.0880662097,12.6253503,,,10,5,5,0.001112470797641562
LCAE,LALBAGH COURT ROAD,88.246307,24.173693,ER,West Bengal,12,6,6,0.0013349649571698743
DKGN,DEKARGAON,92.763075,26.681165999999997,,,3,2,1,0.0003337412392924686
KBGB,Komagata Maru Budge Budge,88.19442228000001,22.49283248,,,0,0,0,0.0
BTJL,BHATKAL,74.5655589,13.98866,KR,Karnataka,10,5,5,0.001112470797641562
BGRA,BAGHNAPARA,88.329724,23.242082,ER,West Bengal,4,2,2,0.00044498831905662476
MGTD,MEGHPUR TITODI,69.451972,22.138132,,,6,3,3,0.0006674824785849371
LMGS,LUMDING SOUTH,93.163576,25.757118,,,8,4,4,0.0008899766381132495
DMWP,Dmw Patiala Halt,76.42154342159999,30.361156358899997,,,0,0,0,0.0
CSY,COSSYE,87.2896485193,22.4068330073,,,8,4,4,0.0008899766381132495
DDNA,Dudhaunda,83.084478,25.573305,NER,Uttar Pradesh,4,2,2,0.00044498831905662476
MNGR,Mohan Nagar,73.523178,29.45876,,,0,0,0,0.0
DALF,DALI GANJ,80.927742,26.875644,,,8,5,3,0.0008899766381132495
KMPS,Kumara Patnam Bg Sdg,75.780127,14.527464,,,0,0,0,0.0
MABG,MATANA BUZURG,75.8671171741,23.1138506265,,,2,1,1,0.00022249415952831238
IKD,Ikdori,76.940934,26.037543,NCR,Madhya Pradesh,4,2,2,0.00044498831905662476
BLDK,Balauda Takun,75.755456,22.877384,WR,Madhya Pradesh,4,2,2,0.00044498831905662476
KRMP,Kumaripur Halt,87.6057220984,25.4375440848,,,0,0,0,0.0
GSRM,Gauri Sriram,84.1867607922,26.7699800293,,,0,0,0,0.0
BBRA,Bbra,81.53283,16.549141,,,0,0,0,0.0
JNRD,Junagarh Road,82.946083,19.874057,,,0,0,0,0.0
KSBP,Keshabpur,87.948672,22.221674,SER,West Bengal,4,2,2,0.00044498831905662476
BVZ,Naloi Barwa,75.62385717000001,28.96314483,,,0,0,0,0.0
JNRI,Jalandari,75.342247,25.286385000000003,,,0,0,0,0.0
TDPM,Todikkapulam Halt,76.268569,11.153243999999999,SR,,4,2,2,0.00044498831905662476
KHR,Khairee Halt,79.860374,22.343556,,,0,0,0,0.0
LLBR,Lalabazar,92.610161,24.561850000000003,?,Assam,4,2,2,0.00044498831905662476
SSPD,Sadashivapet Road,77.8728203638,17.4835646427,SCR,Andhra Pradesh,5,3,2,0.000556235398820781
CWDA,Chuhriwala Dhanna,74.13556886469999,30.212074913600002,,,0,0,0,0.0
PADL,Padil,74.894329,12.874231,,,0,0,0,0.0
JMKL,JAMUNIA KALAN,74.8886623096,24.413060577899998,,,2,1,1,0.00022249415952831238
PJPI,PRAJAPATI HALT,84.50216300000001,26.815895,,,6,3,3,0.0006674824785849371
KGIH,KALGURKI HALT,75.775752,16.585003999999998,,,2,1,1,0.00022249415952831238
BDVR,Bodavara,83.112494,18.175095,,,0,0,0,0.0
BEHT,BIHAT HALT,86.0334555469,25.4497699558,,,6,3,3,0.0006674824785849371
KNKP,KONDIKOPPA,75.469303,15.431087999999999,,,4,2,2,0.00044498831905662476
MRPM,MATHURAPUR MOR HALT,78.4222417542,29.6609552552,,,7,4,3,0.0007787295583490933
CCBG,Chicholi Buzurg,79.912753,20.613113,,,0,0,0,0.0
SHHT,SINGHAUL HALT,86.0966802881,25.4350086438,,,4,2,2,0.00044498831905662476
SDPT,SEDARAMPATTU,79.202726,12.672036,,,4,2,2,0.00044498831905662476
ADX,ADAPUR,84.941759,26.924721,,,4,2,2,0.00044498831905662476
BKTB,BINDUKURI,92.734685,26.709021999999997,,,4,2,2,0.00044498831905662476
KDBR,KHADKI BAZAR,77.832038,19.406761,,,4,2,2,0.00044498831905662476
DHWN,Dhaniyawan,85.2874685571,25.421986000100002,,,0,0,0,0.0
STNR,Sitalnagar,74.245042,28.04419,,,0,0,0,0.0
GMK,GULMA KHOLA,88.43738,26.83822,,,4,2,2,0.00044498831905662476
NTWL,Netawal,74.45849,24.861017,,,0,0,0,0.0
NKBR,Narkatia Bazar,84.38246,26.488339,,,0,0,0,0.0
BRL,BARWALA ROAD,70.714894,22.902131,,,4,2,2,0.00044498831905662476
NPTY,NIMPURA THROUGH YARD,87.26505300000001,22.325255000000002,,,7,3,4,0.0007787295583490933
GMX,GURMURA,83.0477742334,24.3548979309,,,4,2,2,0.00044498831905662476
THSA,THANISANDRA,77.6355093567,13.0578558367,,,5,3,2,0.000556235398820781
GOG,GHORGHAT,86.58456,25.27073,,,4,2,2,0.00044498831905662476
KNKD,Kankanadi,74.88113670000001,12.866703,,,0,0,0,0.0
RXR,RANGAPAHAR,93.707766,25.854971000000003,NFR,Nagaland,8,6,2,0.0008899766381132495
OBAC,OBRA-A-CABIN,82.988313,24.446331,,,6,3,3,0.0006674824785849371
RDHP,RADHANPUR,71.58559399999999,23.84693,WR,Gujarat,4,2,2,0.00044498831905662476
STNC,Sitarampur Link Cabin,86.885648,23.745854,,,0,0,0,0.0
MSBR,MUSAHIBPUR,75.60945677000001,31.9834478985,,,4,2,2,0.00044498831905662476
BSPD,BIASPIND,75.632658,31.459179,,,6,3,3,0.0006674824785849371
CHAF,Chaf Halt,84.0939686646,26.8285100187,,,0,0,0,0.0
DBK,Darbari,73.10053242309999,27.9655265319,,,0,0,0,0.0
IBHH,Ibhh,82.057491,21.846442,,,0,0,0,0.0
JDNM,JAGUDAN,72.401679,23.521871,,,6,3,3,0.0006674824785849371
IBHD,Ibhd,81.763465,21.443752,,,0,0,0,0.0
DBT,Dakshin Barasat,88.45228599999999,22.226102,ER,West Bengal,4,2,2,0.00044498831905662476
JULF,Jhulasan,72.471105,23.326449,,,0,0,0,0.0
BWIP,Bhawanipatna,83.15839799999999,19.93393,,,0,0,0,0.0
KJR,Kalajhari,85.838015,20.369711,,,0,0,0,0.0
JDNF,Jagudan,72.401879,23.522071,,,0,0,0,0.0
BEHJ,Behj,77.396587,27.481951,,,0,0,0,0.0
GRCP,G. Ramchandrapur,83.33018200000001,19.990686,,,0,0,0,0.0
GLKN,Gugalwa Kirtan,75.576076,28.545807,,,0,0,0,0.0
KCLA,Kenchanalu Halt,75.28544676759999,14.017783668700002,,,0,0,0,0.0
TNPR,Tejnarayanpur,87.71098052250001,25.339562331299998,,,0,0,0,0.0
TORA,Torniya,70.497006,21.450802,WR,Gujarat,4,2,2,0.00044498831905662476
BRVR,Borvihir,74.8417412,20.7843263,CR,Maharashtra,4,2,2,0.00044498831905662476
TPNI,Tuiya Pani,80.010141,22.560295999999997,SECR,Madhya Pradesh,3,2,1,0.0003337412392924686
VRK,Virkudi,79.648304,10.817963,,,0,0,0,0.0
BHRH,Bhuyar Halt,79.579542,20.712948,,,0,0,0,0.0
MTBG,Matia Barghat Halt,83.75710400000001,26.941536,,,0,0,0,0.0
SMPC,Shambhupura C Cabin,74.63844900000001,24.792781,,,0,0,0,0.0
GHPU,Gandhipuram Halt,80.31352000000001,17.495052,SCR,Andhra Pradesh,4,2,2,0.00044498831905662476
STLB,Sitalpur Bengal,87.672822,21.774098,,,0,0,0,0.0
HPL,Haripal,88.11853982,22.8311582,ER,West Bengal,4,2,2,0.00044498831905662476
WLGN,Walgaon,77.71074,21.020729000000003,,,0,0,0,0.0
ADQ,Adhikari,88.16988226000001,26.57689211,,,0,0,0,0.0
DKCH,DAKACHA,75.951951,22.859111000000002,,,6,4,2,0.0006674824785849371
KNB,KANIYAMBADI,79.12441763240001,12.809316794699999,,,4,2,2,0.00044498831905662476
NGON,NAUGAON,78.12035800000001,26.130622,,,4,2,2,0.00044498831905662476
VLCA,VELLALCHERUVU H,79.891216,16.132576,,,4,2,2,0.00044498831905662476
SEI,SHENDRI,75.552627,18.130093,CR,Maharashtra,4,2,2,0.00044498831905662476
KHDH,Karahdih Halt,85.432679,25.068848,,,0,0,0,0.0
GRMT,GUR MARKET,74.264117,16.701278000000002,,,6,4,2,0.0006674824785849371
MTDI,MALTEKDI,77.33435399999999,19.1674,,,9,5,4,0.0010012237178774058
GPC,GHATPINDRAI,79.26630999999999,22.952676,WCR,Madhya Pradesh,5,2,3,0.000556235398820781
VPO,BHUPIA MAU,81.970286,25.875223000000002,NR,Uttar Pradesh,5,2,3,0.000556235398820781
BNOD,Benoda,78.180007,21.449662999999997,,,0,0,0,0.0
LXA,LAKSWA,94.8439823962,27.004637018300002,NFR,Assam,11,6,5,0.001223717877405718
VPY,VYASARPADI,80.256817,13.108535,,,10,6,4,0.001112470797641562
SMRL,SAMRALA,76.18245499999999,30.824281,,,4,2,2,0.00044498831905662476
ITMA,ITARSI MARSHALING YARD,77.75944219360001,22.6063459486,,,8,4,4,0.0008899766381132495
CHUA,Chourai,79.246686,22.057632,,,0,0,0,0.0
SCV,Sukhchain,74.99009799999999,29.767847,,,0,0,0,0.0
KUCH,KUCHAVARAM HALT,78.4572240295,17.732096310200003,,,5,3,2,0.000556235398820781
JUNX,JUNONA HALT,77.1618431097,19.476361933099998,,,4,2,2,0.00044498831905662476
PBQ,Pathardih Bazar,86.431257,23.682542,,,0,0,0,0.0
KLV,KELVA ROAD,72.79082100000001,19.624601000000002,WR,Maharashtra,13,7,6,0.0014462120369340306
KNC,KANCHANPUR ROAD,81.660307,24.065548000000003,WCR,Madhya Pradesh,4,2,2,0.00044498831905662476
LCNC,LUCKNOW CITY,80.91798399999999,26.859254,,,4,2,2,0.00044498831905662476
CLDB,CHANDLODIYA (B),72.543267,23.094443000000002,,,7,4,3,0.0007787295583490933
JRWN,Jirwan,76.501037,21.681178,,,0,0,0,0.0
GNST,GANDHI SMRITI,72.921021,20.920848,,,6,3,3,0.0006674824785849371
KHDB,KHODIYAR,72.54803399999999,23.156344,,,11,5,6,0.001223717877405718
WAT,WALTAIR,83.29008089999999,17.7223773,,,10,5,5,0.001112470797641562
AMGA,AMJONGA,90.8529670435,25.9816211386,,,9,4,5,0.0010012237178774058
JITE,JITE,73.119827,18.842284,,,14,7,7,0.0015574591166981867
PUWA,Pauwara Halt,81.332987,21.098924,,,0,0,0,0.0
TPV,Tinpheria,84.292251,26.618891,,,0,0,0,0.0
MADP,MADHAPUR ROAD,69.716415,23.242661000000002,,,6,5,1,0.0006674824785849371
EC28,PURA HALT,85.23955500000001,24.815024,,,4,2,2,0.00044498831905662476
HRG,Hirdagarh,78.517436,22.142795,CR,Madhya Pradesh,4,2,2,0.00044498831905662476
MADM,Matradham Halt,79.45140099999999,22.048253,,,0,0,0,0.0
SASR,Sausar,78.80252499999999,21.658885,SECR,Madhya Pradesh,4,2,2,0.00044498831905662476
KUCE,Kuchai,86.695652,22.013657,,,0,0,0,0.0
GOF,Ghutiari Sharif,88.552115,22.367665,ER,West Bengal,4,2,2,0.00044498831905662476
BJMA,Burj Mohar,74.2058883679,30.185034097,,,0,0,0,0.0
BTSI,Batasi,88.175047,26.606703,,,0,0,0,0.0
KNU,Kanjh,72.1484284265,23.2982849059,,,0,0,0,0.0
UJJN,Ujjain Jn,75.781443,23.178193999999998,,,0,0,0,0.0
NRF,Neralakatte Halt,75.125978,12.816740000000001,,,0,0,0,0.0
SWMD,Sawai Madhopur D,76.362376,26.023661999999998,,,0,0,0,0.0
BELT,Bela Halt,86.99825916260001,25.0382570525,,,0,0,0,0.0
GZA,Gurujalas,79.639066,16.548406999999997,,,0,0,0,0.0
BRRI,Birari,78.50699749019999,24.7313106127,,,0,0,0,0.0
BRRZ,Barara Buzurg,81.08413800000001,26.052652,,,0,0,0,0.0
BPGR,Benipurgram Halt,85.481349,26.317241,,,0,0,0,0.0
SHWL,SAHUWALA,73.812967,29.355217,,,4,2,2,0.00044498831905662476
PRSN,PARSA NAGAR,84.68692399999999,26.776378,,,6,3,3,0.0006674824785849371
ATMO,AITHAL,78.0436230264,29.8079295893,NR,Uttarakhand,7,3,4,0.0007787295583490933
AGDL,AGRAN DHULGAON,74.924993,16.966118,CR,Maharashtra,4,2,2,0.00044498831905662476
GAHT,Ghusia Halt,84.2479039038,25.1919497817,,,0,0,0,0.0
TRK,TIRUKOILUR,79.22381373900001,11.976052306,,,4,2,2,0.00044498831905662476
SXA,SAGPHATA,76.392141,21.574033,,,10,5,5,0.001112470797641562
RSRI,RAISHREE,77.591872,25.362076000000002,,,4,2,2,0.00044498831905662476
JO,JO JAGABOR,73.45304499999999,23.739452999999997,NWR,Gujarat,6,3,3,0.0006674824785849371
SXD,SIDULI,87.21232632290001,23.6493523213,,,6,3,3,0.0006674824785849371
MGE,MIGRENDISA,93.06155700000001,25.171242,NFR,Assam,5,2,3,0.000556235398820781
DHBI,DHABAULI HALT,85.3421818591,25.6820902631,,,4,2,2,0.00044498831905662476
SXO,SRIKONA,92.71007999999999,24.837109,,,2,1,1,0.00022249415952831238
VLNK,VELANKANNI,79.846763,10.687498999999999,,,3,2,1,0.0003337412392924686
TBU,THARBAN,77.671001,19.268289,,,4,2,2,0.00044498831905662476
DMBR,DUMRI BIHAR,85.766204,23.807394000000002,ECR,,4,2,2,0.00044498831905662476
AHN,AHIRAN,88.04112500000001,24.517687000000002,ER,West Bengal,4,2,2,0.00044498831905662476
SGAM,SAREIGRAM,82.205614,24.039636,WCR,Madhya Pradesh,5,3,2,0.000556235398820781
RPWN,Rambhawan Halt,85.239275033,25.2547478737,,,0,0,0,0.0
KZPE,KAZIPARA HALT,88.188311,23.909674000000003,,,4,2,2,0.00044498831905662476
HTA,Hatighisa,88.242284,26.687630000000002,,,0,0,0,0.0
NGV,NAGLAVI,74.908742,15.454853,,,6,3,3,0.0006674824785849371
MIAN,MIANGRAM,88.17146,23.853212000000003,ER,West Bengal,5,3,2,0.000556235398820781
CNY,KOLANALLI,77.861414,11.173276999999999,,,5,3,2,0.000556235398820781
KPM,KUMARAPURAM,77.833638,9.088507,,,16,12,4,0.001779953276226499
SGAC,SOGARIYA CABIN,75.90022099999999,25.230055,,,6,4,2,0.0006674824785849371
PYV,PAZHAYA SEEVARAM,79.8777,12.777131,SR,Tamil Nadu,4,2,2,0.00044498831905662476
CNM,CHENGMARI,89.004024,26.863246999999998,,,4,2,2,0.00044498831905662476
NGC,NEW GUWAHATI,91.792236,26.181703,,,6,3,3,0.0006674824785849371
AHQ,AHERA HALT,77.27862400000001,28.926420999999998,NR,Uttar Pradesh,4,2,2,0.00044498831905662476
STVA,SATYAVADA,81.66986,16.799851999999998,SCR,Andhra Pradesh,4,2,2,0.00044498831905662476
GIT,GHORPURI TRANSH,73.8987694873,18.5259235991,,,12,9,3,0.0013349649571698743
TRJ,Tariasujan,84.270833,26.653609000000003,,,0,0,0,0.0
ODC,Oddam Hatram,77.7465317596,10.4855987634,,,0,0,0,0.0
HDT,HARDATTPUR,82.9075993964,25.276911474,NER,Uttar Pradesh,6,3,3,0.0006674824785849371
RDP,Radhikapur,88.448153,25.643573999999997,NFR,West Bengal,3,2,1,0.0003337412392924686
NPH,Nurpura,77.852085,26.709463000000003,,,0,0,0,0.0
NABN,Nagbhir Jn (Ng),79.700558,20.580232,,,0,0,0,0.0
KRRH,Kharuara Halt,85.54376733149999,25.4317780874,,,0,0,0,0.0
DXU,Duhru,80.176723,26.083606,,,0,0,0,0.0
GIZ,Gidam,81.409001,18.934852,ECoR,Chhattisgarh,2,1,1,0.00022249415952831238
GIF,Gani Dham Halt,86.9862695435,25.1634535646,ER,Bihar,4,2,2,0.00044498831905662476
MVKR,Mahawan Khor Halt,83.2768154944,26.975829172700003,,,0,0,0,0.0
JTT,Jumapatti,73.308384,19.004154000000003,,,0,0,0,0.0
JTN,Jotana,72.29427,23.459001999999998,,,0,0,0,0.0
MGT,Magra Hat,88.37271299999999,22.242111,ER,West Bengal,4,2,2,0.00044498831905662476
MNX,Manganallur,79.6498049,11.024209599999999,,,0,0,0,0.0
CTPR,Chinta Parru Ha,81.70660500000001,16.534799,,,0,0,0,0.0
KMZA,Kankra Mirzanagar,88.721428,22.658005,ER,West Bengal,2,1,1,0.00022249415952831238
KRGN,Kargaon Halt,79.41345000000001,20.801363000000002,,,0,0,0,0.0
PUSA,Pusla,78.354883,21.493095999999998,,,0,0,0,0.0
CMY,Chintamani,78.05456539999999,13.410991099999999,,,0,0,0,0.0
SGYW,Singriawan,85.28453529789999,25.4095173407,,,0,0,0,0.0
DZL,Dhana Ladanpur,76.1667579382,28.7502173348,,,0,0,0,0.0
MAHD,Mohadi Praganel,79.726457,21.294083,,,0,0,0,0.0
ANM,ANAIMALAI ROAD,76.935071,10.624894,,,2,1,1,0.00022249415952831238
TNI,TANDARAI,79.1470127649,12.1180073562,,,4,2,2,0.00044498831905662476
BGAR,BANGARI,84.921285,26.538089,,,4,2,2,0.00044498831905662476
TKRP,Tikauli Rawatpur,80.613163,26.399047,NR,Uttar Pradesh,4,2,2,0.00044498831905662476
NVD,NAVALGUND RD,75.354461,15.434894,,,4,2,2,0.00044498831905662476
LUSA,LUSA,82.843318,24.876545999999998,NCR,Uttar Pradesh,7,2,5,0.0007787295583490933
CAER,CHHANERA,76.707775,21.963965,WCR,Madhya Pradesh,10,5,5,0.001112470797641562
KTW,KOTDWARA,78.52116372309999,29.742927896,NR,Uttarakhand,5,2,3,0.000556235398820781
BNGM,BANGURGRAM HALT,74.34824731079999,26.1401115488,,,11,6,5,0.001223717877405718
LAC,LACHHIPURA,74.65329374689999,26.3236717828,,,3,2,1,0.0003337412392924686
BMHT,Baraw More,84.06203632569999,25.0437938949,,,0,0,0,0.0
RNRD,RANIPUR ROAD,79.055869,25.270917999999998,NCR,Uttar Pradesh,4,2,2,0.00044498831905662476
SIRL,Shirala,77.726017,21.123835999999997,,,0,0,0,0.0
TRSR,TARSAI,69.84803099999999,21.764673,,,6,3,3,0.0006674824785849371
LAA,LAKHPAT,71.028821,23.597666,,,4,2,2,0.00044498831905662476
GKX,Ghai Kalan,75.10891500000001,30.822828,,,0,0,0,0.0
GKT,Gankhera Halt,80.191891,21.389118,,,0,0,0,0.0
BRNR,BARUANAGAR,95.23363789119999,27.143953401599997,NFR,Assam,10,4,6,0.001112470797641562
ANQ,AMNAPUR,74.459554,17.049464999999998,,,10,5,5,0.001112470797641562
NTT,NATHAPETTAI,79.75614999999999,12.824069,SR,Tamil Nadu,5,2,3,0.000556235398820781
NKU,NAKARDEI,84.89166900000001,26.948686,,,4,2,2,0.00044498831905662476
RRNH,RAMRUPNAGAR,85.162249,26.790374,,,4,2,2,0.00044498831905662476
PRWS,PATTABIRAM WEST,80.051876,13.120184,,,6,3,3,0.0006674824785849371
BAHW,Bahir Khanda,88.071068,22.851949,ER,West Bengal,4,2,2,0.00044498831905662476
HHP,HARHAR FATEHPUR,77.38734198969999,29.5622491051,,,3,2,1,0.0003337412392924686
SRKR,Salar Khurd,84.273451449,26.447388357799998,,,0,0,0,0.0
UAR,UNAWA AITHOR,72.38511899999999,23.759404,,,10,5,5,0.001112470797641562
VRLR,VIRANI ALUR,77.3686992383,8.1946448621,SR,Tamil Nadu,6,4,2,0.0006674824785849371
HKNT,Hiwarkheda,78.067716,21.40605,,,0,0,0,0.0
GZKA,Gzka,76.655091,27.607734,,,0,0,0,0.0
VRLF,Veraval Mg,70.370599,20.913261,,,0,0,0,0.0
MSWA,Masaniwala,73.59038699999999,29.399942999999997,,,0,0,0,0.0
KPDH,Kapurdha Halt,79.304203,22.053903000000002,SECR,Madhya Pradesh,4,2,2,0.00044498831905662476
MKBH,Manwala Kot Bakhtu,74.95205,30.040498999999997,,,0,0,0,0.0
GRKA,Gurha Kemla,76.25524899999999,28.313585999999997,,,0,0,0,0.0
GSGB,Gosaingram,88.211777,24.248003,ER,West Bengal,4,2,2,0.00044498831905662476
VZR,Bhanjpur,86.73407,21.95074,,,0,0,0,0.0
TAKL,Takal,76.542513,21.649222,,,0,0,0,0.0
NRSD,New Runnisaidpur Halt,85.515932,26.385382,,,0,0,0,0.0
CBP,Chik Ballapur,77.7325398,13.4313153,SWR,Karnataka,2,1,1,0.00022249415952831238
PRUR,Prithwirajpur,73.757001,29.956914,,,0,0,0,0.0
NKK,Narikkudi,78.33712799999999,9.607657999999999,,,0,0,0,0.0
NKN,Nyoli Kalan,75.633124,29.189764,,,0,0,0,0.0
PPDI,Pipradih,86.9944876282,24.9936652146,,,0,0,0,0.0
BLHI,Bisalehalli,75.9666857568,13.4826117961,,,0,0,0,0.0
DSHI,Doddasiddavanha,76.48848000000001,14.209931,,,0,0,0,0.0
BJKN,Bajekan,75.099097,29.524297999999998,,,0,0,0,0.0
DTT,Doddanatta Halt,78.13389600000001,13.374454,,,0,0,0,0.0
CBZ,Churaibari,92.24124800000001,24.433621,NFR,Tripura,4,2,2,0.00044498831905662476
MVA,Malaka Vemala,78.053936,14.268888,,,0,0,0,0.0
BIML,Bhimal,73.92244020000001,24.7524306,NWR,Rajasthan,5,3,2,0.000556235398820781
MZB,Mahuli Halt,79.315031,21.033307999999998,,,0,0,0,0.0
WOC,Warud Orange City,78.276164,21.458720999999997,,,0,0,0,0.0
SANH,SANHA HALT,86.3684319092,25.4274073054,,,10,5,5,0.001112470797641562
IFCO,IFFCO CABIN,72.535718,23.179203,,,2,1,1,0.00022249415952831238
KGRA,KANGRA,76.26256500000001,32.085157,NR,Himachal Pradesh,4,2,2,0.00044498831905662476
MJKN,MAJRI KHADAN,79.01907800000001,20.109731,,,4,2,2,0.00044498831905662476
PMD,PAMIDI,77.5990446368,14.980726541100001,,,4,2,2,0.00044498831905662476
PRM,PIRUMADARA,79.045744,29.327364,NER,Uttarakhand,4,2,2,0.00044498831905662476
SKK,SIKKAL,79.790691,10.753121,SR,Tamil Nadu,4,2,2,0.00044498831905662476
RSC,RAMGANGA SOUTH,79.369788,28.295969,,,8,4,4,0.0008899766381132495
PLG,PALGHAR,72.77248,19.698038,WR,Maharashtra,12,4,8,0.0013349649571698743
PPLC,PIMPLA CHAURE HALT,77.13253484500001,19.286454997699998,,,4,2,2,0.00044498831905662476
KLNT,KALINAGAR,88.335819,23.365861,,,4,2,2,0.00044498831905662476
ARJ,AUNRIHAR JN,83.18727200000001,25.54466,NER,Uttar Pradesh,11,5,6,0.001223717877405718
TNDN,THANDONI,78.108515,10.93648,,,4,2,2,0.00044498831905662476
MBT,MARWAR BIRTHI,72.290171,27.099589,NWR,Rajasthan,6,4,2,0.0006674824785849371
PLE,PIPLEE,71.530851,23.817141,,,4,2,2,0.00044498831905662476
MTSK,MOTA SURKA,71.924583,21.724542,,,3,2,1,0.0003337412392924686
NRK,NARAIKKINAR,77.841953,8.862518999999999,SR,Tamil Nadu,6,3,3,0.0006674824785849371
GPW,GHAUNSPUR,75.6375275745,31.8706261437,,,4,2,2,0.00044498831905662476
PTRL,PATHRALA,74.74395299999999,30.006625,NWR,Punjab,5,2,3,0.000556235398820781
PEH,Pathardih Junction,86.4345602,23.675524600000003,ECR,Jharkhand,4,2,2,0.00044498831905662476
NIN,Nimkana,86.376438,20.295401,,,0,0,0,0.0
NIT,Naikot,83.396612,27.361006,,,0,0,0,0.0
KAMA,Kamta Halt,85.27791552000001,25.336743948,,,0,0,0,0.0
NDKR,Nandakumar P.H.,87.927872196,22.1909239649,?,West Bengal,4,2,2,0.00044498831905662476
RNU,Ratnapur,76.651361,21.474117,,,0,0,0,0.0
BMZ,Bamour Gaon,78.0778607251,26.3484669242,NCR,Madhya Pradesh,4,2,2,0.00044498831905662476
BXG,Bhanga,92.457351,24.857347,NFR,Assam,4,2,2,0.00044498831905662476
BORA,Bagdogra,88.32445458000001,26.697770440000003,,,0,0,0,0.0
PTMS,Pattabiram Military,80.05975199999999,13.136714000000001,,,0,0,0,0.0
LHNR,Lakshmanpur Halt,82.3397643762,27.5318304825,,,0,0,0,0.0
LHNA,Lohanda,85.27902379519999,25.3541150645,,,0,0,0,0.0
KLNC,Kullanchavadi,79.667563,11.628136,,,0,0,0,0.0
PGDI,Pagidirai Halt,77.60155400000001,15.283,,,0,0,0,0.0
JPD,Jalalpur Dhai,81.13597700000001,26.021201,?,Uttar Pradesh,4,2,2,0.00044498831905662476
BGV,Balegundi,75.11856523189999,14.150947457100001,,,0,0,0,0.0
BGY,Bangriposi,86.501362,22.130678,,,0,0,0,0.0
KMEZ,Kumar Maranga,81.94987,19.038845,,,0,0,0,0.0
BLSR,Belasar,73.653205,27.995122,,,0,0,0,0.0
SHYP,Sakarayapatna,75.92847693120001,13.430423881200001,,,0,0,0,0.0
JWNR,Jawaharnagar,91.895623,23.924910999999998,NFR,Tripura,4,2,2,0.00044498831905662476
RJLK,Rajalukah,86.64224200000001,22.125193,,,0,0,0,0.0
MRWS,Marwar Ranawas,73.739883,25.669354,NWR,Rajasthan,4,2,2,0.00044498831905662476
NMH,NIMACH,74.853025,24.459872999999998,WR,Madhya Pradesh,4,2,2,0.00044498831905662476
SUIA,SURAINCHA,80.830108,27.33652,NER,Uttar Pradesh,5,2,3,0.000556235398820781
SGM,SOLGAMPATTI,78.858717,10.785689,SR,Tamil Nadu,6,3,3,0.0006674824785849371
DN,DHANARI,78.50959573360001,28.3284610746,NR,Uttar Pradesh,7,3,4,0.0007787295583490933
JVN,JORAWARNAGAR JN,71.641594,22.71246,WR,Gujarat,4,2,2,0.00044498831905662476
UKLR,Ukilerhat Halt,88.230351,21.824712,ER,West Bengal,4,2,2,0.00044498831905662476
KOQ,KUTHUR,79.718883,10.755434000000001,SR,Tamil Nadu,4,2,2,0.00044498831905662476
MAV,MARIAMMANKOVIL,79.198201,10.773265,SR,Tamil Nadu,4,2,2,0.00044498831905662476
BLRR,Belandur Road,77.706939,12.936565,SWR,Karnataka,4,2,2,0.00044498831905662476
SRDW,SHRIMAD DWARAKAPURI,79.56963800000001,27.364691,NCR,Uttar Pradesh,4,2,2,0.00044498831905662476
SKBR,SHANKARPUR BHADAURA,81.93144699999999,24.083218,WCR,Madhya Pradesh,6,3,3,0.0006674824785849371
SCKR,SALICHAUKA ROAD,78.67629099999999,22.833649,WCR,Madhya Pradesh,7,3,4,0.0007787295583490933
GGO,Goram Ghat,73.849246,25.635531,NWR,Rajasthan,4,2,2,0.00044498831905662476
PTNR,PATEL NAGAR,77.15626035310001,28.660009076599998,NR,Delhi NCT,10,5,5,0.001112470797641562
BGO,BOGRI ROAD,87.325732,22.881747,SER,West Bengal,8,5,3,0.0008899766381132495
BNKA,Bankim Nagar,88.59190873,23.209058770000002,ER,West Bengal,4,2,2,0.00044498831905662476
SSPH,Satish Samanta P.H.,87.987567,22.194485,?,West Bengal,4,2,2,0.00044498831905662476
RGB,RAMGANGA,79.375029,28.298118,NR,Uttar Pradesh,10,5,5,0.001112470797641562
JRU,CHIKJAJUR JN,76.138705,14.126112,SWR,Karnataka,14,6,8,0.0015574591166981867
PLI,PETTAIVAYATALAI,78.495114,10.898665999999999,SR,Tamil Nadu,4,2,2,0.00044498831905662476
AVLI,ARAVALLI,81.599095,16.620491,SCR,Andhra Pradesh,4,2,2,0.00044498831905662476
KHST,KASHANATTI,74.8295941504,15.4642781905,,,8,5,3,0.0008899766381132495
HVL,HONNAVALLI ROAD,76.39004938960001,13.2744988982,SWR,Karnataka,8,4,4,0.0008899766381132495
SSNH,SREE SARADANAGAR HALT,76.454627,13.260739,SWR,Karnataka,7,2,5,0.0007787295583490933
CXA,Chandsara,77.725745,28.876213999999997,NR,Uttar Pradesh,5,2,3,0.000556235398820781
BTIB,BHATINDA B CABIN,74.940231,30.150805,,,3,2,1,0.0003337412392924686
ANPR,Anpara,82.766166,24.217385999999998,ECR,Uttar Pradesh,4,2,2,0.00044498831905662476
CTRD,Chitrawad,70.557048,21.101116,WR,Gujarat,4,2,2,0.00044498831905662476
TNGM,TONDALAGOPAVARAM,80.43078299999999,16.86827,SCR,Andhra Pradesh,15,11,4,0.0016687061964623428
KHSN,KHERA SANDHAN HALT,77.72704800000001,27.240587,,,3,2,1,0.0003337412392924686
RCF,KAPURTHALA RAIL COACH FACTORY,75.34282,31.326976000000002,NR,Punjab,5,3,2,0.000556235398820781
UKR,UDALKACHAR,82.291923,23.287243,SECR,Madhya Pradesh,4,2,2,0.00044498831905662476
FAH,FATEHA HALT,85.8714580536,25.598419045,,,6,3,3,0.0006674824785849371
BIWK,BISALWAS KALAN,74.78308399999999,24.500035299999997,WR,Rajasthan,4,2,2,0.00044498831905662476
TDPR,TIRUPADRIPULYUR,79.753349,11.748883,SR,Tamil Nadu,4,2,2,0.00044498831905662476
GOPL,GUNDLA POCHAMPALLI,78.48785099999999,17.567577,SCR,Andhra Pradesh,6,3,3,0.0006674824785849371
SNPH,SHANKAPUR HALT,78.4021040503,18.0661191061,,,4,2,2,0.00044498831905662476
TMU,TIRUMANTHIKUNAM,79.534339,10.767733999999999,SR,Tamil Nadu,4,2,2,0.00044498831905662476
PURA,PURA HALT,85.239725,24.815193999999998,,,6,3,3,0.0006674824785849371
TMA,Tamuria,86.352761,26.245715,ECR,Bihar,4,2,2,0.00044498831905662476
TMB,Temburu,84.12696299999999,18.633565,ECoR,Andhra Pradesh,4,2,2,0.00044498831905662476
SKBN,SILAKHEDI,76.057298,23.093053,,,4,2,2,0.00044498831905662476
SWI,SWAMIMALAI,79.32878500000001,10.942234,SR,Tamil Nadu,5,2,3,0.000556235398820781
RCJ,RANYAL JASMIYA,76.072554,23.161929,WR,Madhya Pradesh,4,2,2,0.00044498831905662476
VVB,VIVEKA VIHAR,77.31951000000001,28.673319000000003,NR,Delhi NCT,6,2,4,0.0006674824785849371
BARD,DUVRI KALAN,81.507968,23.994180999999998,WCR,Madhya Pradesh,5,2,3,0.000556235398820781
GWS,GAUSHALA,79.009802,29.298626000000002,NER,Uttarakhand,6,3,3,0.0006674824785849371
NJN,NAOJAN,93.846465,26.13131,NFR,Assam,6,2,4,0.0006674824785849371
CCT,KAKINADA TOWN,82.2329218,16.9670099,SCR,Andhra Pradesh,7,3,4,0.0007787295583490933
MVP,MOKHASA KALVPDI,81.13029,16.495533000000002,SCR,Andhra Pradesh,4,2,2,0.00044498831905662476
DBRT,DIBRUGARH TOWN,94.9019739417,27.4781132774,NFR,Assam,3,2,1,0.0003337412392924686
NJT,NAGERCOIL TOWN,77.4194318207,8.199571810899998,SR,Tamil Nadu,6,2,4,0.0006674824785849371
MMH,MAHADANAPURAM,78.299178,10.953711,SR,Tamil Nadu,4,2,2,0.00044498831905662476
HWT,HANWANT,73.005205,26.059514,NWR,Rajasthan,8,2,6,0.0008899766381132495
GWO,Gwalior NG,78.182282,26.216473,NCR,Madhya Pradesh,4,2,2,0.00044498831905662476
KASH,Kulthamabdullashah Halt,75.848386,31.203335000000003,NR,Punjab,2,1,1,0.00022249415952831238
BMSN,Bamsin,72.5442353925,25.762982552100002,NWR,Rajasthan,4,2,2,0.00044498831905662476
DHCA,Dhaca Cantt.,90.410617,23.815527,?,Bangladesh,1,0,1,0.00011124707976415619
SAKD,Suprakandi,92.37868,24.788432999999998,,,0,0,0,0.0
KRRI,Khairranji,80.03937900000001,22.419012000000002,,,0,0,0,0.0
RCP,Ramachandrapur,81.267274,25.996484000000002,NR,Uttar Pradesh,4,2,2,0.00044498831905662476
GNTR,Gauntra Halt,80.21785643429999,27.134445803800002,NR,Uttar Pradesh,6,3,3,0.0006674824785849371
NAVI,Navi Amravati,77.732428,20.902137,,,0,0,0,0.0
FAN,Fatehnagar,74.09578200000001,24.81828,NWR,Rajasthan,4,2,2,0.00044498831905662476
CCP,Chhuchhapura Junction,73.594519,22.214729000000002,WR,Gujarat,5,2,3,0.000556235398820781
CIF,Chhapra Kacheri Jn.,84.746619,25.786151,,,0,0,0,0.0
CCO,Chicholi,79.702691,21.458741,,,0,0,0,0.0
BHGH,Bhairgachhi,88.634016,23.274779,ER,West Bengal,4,2,2,0.00044498831905662476
BHV,Bhoma,79.689457,22.171372,SECR,Madhya Pradesh,4,2,2,0.00044498831905662476
WDLN,WADWAL NAGNATH,76.80741,18.538466,SCR,Maharashtra,5,3,2,0.000556235398820781
BRHD,BABA RAGHUNI HALT DWARIKA,86.5967982178,25.7600467439,,,4,2,2,0.00044498831905662476
TKBN,TSAKIBANDA,77.178109,15.163457000000001,SWR,Andhra Pradesh,10,5,5,0.001112470797641562
KFY,KARAPGAON,78.9845402875,22.9155569073,WCR,Madhya Pradesh,5,2,3,0.000556235398820781
SXF,SOBHAPUR,78.29188099999999,22.727429,WCR,Madhya Pradesh,6,3,3,0.0006674824785849371
BNK,BANASANKARAI HA,76.5230602795,13.2656079329,SWR,Karnataka,9,5,4,0.0010012237178774058
BXHT,Boxirhat,89.751593,26.307287000000002,,,0,0,0,0.0
MFH,MAHRAULI,77.468815,28.663865,,,5,3,2,0.000556235398820781
AKNR,ADHYATMIK NAGAR,77.49972700000001,28.679874,,,6,3,3,0.0006674824785849371
DS,DASNA,77.528116,28.690718999999998,,,5,3,2,0.000556235398820781
PKW,PILKHUA,77.668008,28.712335,,,5,2,3,0.000556235398820781
KKMB,KASTLA KASAMBAD,77.7102953784,28.7210709953,,,8,4,4,0.0008899766381132495
HPU,HAPUR,77.77957599999999,28.739613,,,12,7,5,0.0013349649571698743
BBO,BABUGARH,77.855523,28.747393000000002,,,5,2,3,0.000556235398820781
QXR,KUCHESAR ROAD,77.913232,28.746651,,,9,4,5,0.0010012237178774058
SKHR,SIKHERA MB HALT,77.9499696448,28.7567148575,,,13,7,6,0.0014462120369340306
SMBL,SIMBHOOLI,77.98347199999999,28.765190999999998,,,11,6,5,0.001223717877405718
GMS,GARHMUKTESAR,78.07350799999999,28.781743,,,8,4,4,0.0008899766381132495
GGB,GARHMUKTESAR BR,78.1412204187,28.761399945399997,,,7,4,3,0.0007787295583490933
KHE,KANKATHER,78.180192128,28.8013612636,,,5,2,3,0.000556235398820781
GJL,GAJRAULA JN,78.250784,28.834937999999998,,,7,4,3,0.0007787295583490933
MHHR,MAHESRA,78.330321,28.856392,,,4,2,2,0.00044498831905662476
KFPR,KAFURPUR,78.3593320288,28.8654124385,,,4,2,2,0.00044498831905662476
AMRO,AMROHA,78.474329,28.892688,,,4,2,2,0.00044498831905662476
KIV,KAIALSA,78.5605679086,28.8802519228,,,5,3,2,0.000556235398820781
CKLT,CHAK KALI LAIT,78.611771,28.874271,,,5,2,3,0.000556235398820781
HKP,HAKIMPUR,78.65886363950001,28.8794821589,,,4,2,2,0.00044498831905662476
LDP,LODIPUR BISHANPUR,78.7090987616,28.872301720499998,,,7,3,4,0.0007787295583490933
LPB,LODIPUR BISHANP,78.71802799999999,28.869781,,,8,4,4,0.0008899766381132495
BZR,BISRA,84.998591,22.248412000000002,,,11,4,7,0.001223717877405718
BUL,BHALULATA,85.060382,22.266491,,,9,6,3,0.0010012237178774058
JRA,JARAIKELA,85.113703,22.309555999999997,,,11,6,5,0.001223717877405718
MOU,MANOHARPUR,85.196894,22.373359,,,12,6,6,0.0013349649571698743
PST,POSOTIA,85.254753,22.447129,,,12,5,7,0.0013349649571698743
DRWN,DEROWAN P. HALT,85.29977799999999,22.487947,,,10,6,4,0.001112470797641562
MXW,MAHADEV SAL,85.328849,22.510448,,,17,7,10,0.0018912003559906554
GOL,GOILKERA,85.37935200000001,22.505290000000002,,,8,4,4,0.0008899766381132495
TUX,TUNIA,85.426059,22.540308999999997,,,9,5,4,0.0010012237178774058
SWR,SONUA,85.464081,22.576498,,,10,5,5,0.001112470797641562
LPH,LOTAPAHAR,85.565671,22.617663,,,12,5,7,0.0013349649571698743
CKP,CHAKRADHARPUR,85.62777100000001,22.678979,,,11,4,7,0.001223717877405718
BRM,BARABAMBO,85.72902995999999,22.70169729,,,10,6,4,0.001112470797641562
RKSN,RAJKHARSAWAN JN,85.811158,22.733525,,,12,5,7,0.0013349649571698743
MMV,MAHALI MARUP,85.879316,22.757135,,,10,7,3,0.001112470797641562
SINI,SINI JN,85.94702600000001,22.78946,,,10,5,5,0.001112470797641562
BRBS,BIRBANS,86.01393866000001,22.79397464,,,6,3,3,0.0006674824785849371
WADI,WADI,76.99154999999999,17.054312,,,8,4,4,0.0008899766381132495
MPK,CHENNAI PARK,80.27285,13.080627,,,8,5,3,0.0008899766381132495
MSF,CHENNAI FORT,80.28293599999999,13.08354,,,6,3,3,0.0006674824785849371
MSB,CHENNAI BEACH,80.291601,13.09034,,,6,3,3,0.0006674824785849371
RPM,ROYAPURAM,80.29315199999999,13.103503,,,7,4,3,0.0007787295583490933
WST,WASHERMANPET,80.28302000000001,13.1092227,,,9,4,5,0.0010012237178774058
TIM,TIMMANACHERLA,77.394077,15.163466000000001,,,7,3,4,0.0007787295583490933
NKDO,NAKKANADODDI,77.47667899999999,15.165309,,,13,8,5,0.0014462120369340306
PLU,PATAKOTTACHERU,77.521795,15.172077,,,8,4,4,0.0008899766381132495
GY,GOOTY JN,77.625823,15.149208,,,13,6,7,0.0014462120369340306
GYJ,GOOTY JUNCTION CABIN,77.650955,15.140041,,,4,2,2,0.00044498831905662476
JKO,JAKKALACHERUVU,77.726953,15.109121,,,5,2,3,0.000556235398820781
RLO,RAYALCHERUVU,77.82103500000001,15.055957000000001,,,4,2,2,0.00044498831905662476
VML,VEMULAPADU,77.85137900000001,15.022098,,,4,2,2,0.00044498831905662476
JUR,JUTTURU,77.898103,14.978847,,,4,2,2,0.00044498831905662476
KMQA,KOMALI,77.927597,14.936387,,,4,2,2,0.00044498831905662476
TU,TADIPATRI,77.978985,14.907558000000002,,,4,2,2,0.00044498831905662476
CLPE,CHALLAVARIPALLI,78.034438,14.876728,,,4,2,2,0.00044498831905662476
VRN,VANGANUR,78.080906,14.847442,,,4,2,2,0.00044498831905662476
RLL,REGADIPALLI,78.136002,14.813572,,,5,3,2,0.000556235398820781
KDP,KONDAPURAM,78.193462,14.773549,,,5,2,3,0.000556235398820781
MUM,MANGAPATNAM,78.2607534143,14.7366964885,,,4,2,2,0.00044498831905662476
CIN,CHINTAKUNTA,78.3238797852,14.7197004131,,,4,2,2,0.00044498831905662476
MOO,MUDDANURU,78.395393,14.688415,,,6,3,3,0.0006674824785849371
KMH,KALAMALIA,78.470174,14.667107,,,6,3,3,0.0006674824785849371
YA,YERRAGUNTLA,78.534003,14.642328000000001,,,4,2,2,0.00044498831905662476
YGD,YERRAGUDIPAD,78.606374,14.618673,,,6,3,3,0.0006674824785849371
KKM,KAMALAPURAM,78.666113,14.591762,,,7,2,5,0.0007787295583490933
GPY,GANGAYAPLLE,78.71746345,14.55411935,,,5,3,2,0.000556235398820781
KPU,KRISHNAPURAM,78.776559,14.493468,,,4,2,2,0.00044498831905662476
HX,CUDDAPAH,78.829184,14.451690000000001,,,5,3,2,0.000556235398820781
KNLP,KANAMALO PALLE,78.925335,14.428768999999999,,,5,2,3,0.000556235398820781
BKPT,BHAKARAPET,78.97007317,14.4093627,,,4,2,2,0.00044498831905662476
VNM,ONTIMITTA,79.016272,14.392459,,,5,2,3,0.000556235398820781
MMPL,MANTAPAMPALLE,79.078603,14.321639000000001,,,5,2,3,0.000556235398820781
NRE,NANDALUR,79.105722,14.264922,,,4,2,2,0.00044498831905662476
HAQ,HASTAVARMU,79.1216,14.218403,,,5,3,2,0.000556235398820781
RJP,RAZAMPETA,79.15274099999999,14.184524999999999,,,5,2,3,0.000556235398820781
PMT,PULLAMPET,79.205606,14.120622000000001,,,4,2,2,0.00044498831905662476
RPL,REDDIPALLE,79.22553,14.093157999999999,,,5,2,3,0.000556235398820781
OBVP,OBULAVARIPALLI,79.268221,14.04083,,,5,3,2,0.000556235398820781
ANE,ANANTARAJUPET,79.30246799999999,13.999592,,,4,2,2,0.00044498831905662476
KOU,KODURU,79.345687,13.948578,,,6,4,2,0.0006674824785849371
SF,SETTIGUNTA,79.382302,13.87431,,,6,3,3,0.0006674824785849371
BLPE,BALAPALLE,79.403557,13.817150999999999,,,5,3,2,0.000556235398820781
MRM,MAMANDURU,79.458115,13.745895,,,4,2,2,0.00044498831905662476
PUDI,PUDI,79.510307,13.532380999999999,,,9,4,5,0.0010012237178774058
SVF,SRI VENKATAPERU,79.514324,13.511599,,,12,6,6,0.0013349649571698743
TDK,TADUKU,79.526498,13.502044999999999,,,6,3,3,0.0006674824785849371
PUT,PUTTUR,79.552666,13.439642,,,5,3,2,0.000556235398820781
VGA,VEPAGUNTA,79.559433,13.395013,,,5,2,3,0.000556235398820781
EKM,EKAMBARAKUPPAM,79.573126,13.318603999999999,,,4,2,2,0.00044498831905662476
NG,NAGARI,79.579647,13.307882,,,4,2,2,0.00044498831905662476
VKZ,VENKATA NARASIMHA RAJU VARI PETA,79.58186500000001,13.270775,,,4,2,2,0.00044498831905662476
POI,PONPADI,79.588814,13.241368,,,4,2,2,0.00044498831905662476
TRT,TIRUTTANI,79.611386,13.179217000000001,,,8,4,4,0.0008899766381132495
ICP,ICHCHIPUTTUR,79.638907,13.132795,,,6,3,3,0.0006674824785849371
AJJN,ARAKKONAM JN NORTH,79.64842900000001,13.086445000000001,,,8,3,5,0.0008899766381132495
PDI,PALASDARI,73.32055,18.88409,,,12,6,6,0.0013349649571698743
TKW,THAKURVADI,73.353331,18.852865,,,13,9,4,0.0014462120369340306
NNCN,NAGNATH CABIN,73.35913113400001,18.854079332599998,,,4,2,2,0.00044498831905662476
NAGC,NAGARGALI,73.36014800000001,18.815609,,,4,2,2,0.00044498831905662476
MHLC,MONKEY HILL,73.36374599999999,18.769161,,,6,3,3,0.0006674824785849371
KAD,KHANDALA,73.377469,18.755087,,,9,6,3,0.0010012237178774058
LNL,LONAVALA,73.407657,18.748883,,,7,3,4,0.0007787295583490933
MVL,MALAVLI,73.48064000000001,18.743833000000002,,,9,4,5,0.0010012237178774058
KMST,KAMSHET,73.552352,18.766938,,,7,5,2,0.0007787295583490933
KNHE,KANHE,73.59401600000001,18.762352,,,5,2,3,0.000556235398820781
VDN,VADGAON,73.636925,18.742927,,,5,2,3,0.000556235398820781
TGN,TALEGAON,73.67201399999999,18.734829,,,5,2,3,0.000556235398820781
GRWD,GHORAWADI,73.69698199999999,18.720585,,,6,3,3,0.0006674824785849371
SLRW,SHELARWADI,73.705901,18.700940000000003,,,4,2,2,0.00044498831905662476
BGWI,BEGDAEWADI,73.708437,18.700263,,,10,6,4,0.001112470797641562
BGW,BEGDEWADI,73.70903919999999,18.701176,,,6,3,3,0.0006674824785849371
DEHR,DEHU ROAD,73.734169,18.680176,,,6,3,3,0.0006674824785849371
AKRD,AKURDI,73.76424399999999,18.64812,,,9,4,5,0.0010012237178774058
CCH,CHINCHVAD,73.79139199999999,18.638903,,,8,4,4,0.0008899766381132495
PMP,PIMPRI,73.801991,18.622977,,,6,3,3,0.0006674824785849371
KSWD,KASAR WADI,73.8207010529,18.607555174,,,9,3,6,0.0010012237178774058
DAPD,DAPODI,73.83279900000001,18.58005,,,10,5,5,0.001112470797641562
KK,KHADKI,73.840513,18.563010000000002,,,10,4,6,0.001112470797641562
SVJR,SHIVAJINAGAR,73.851147,18.531738,,,7,3,4,0.0007787295583490933
BRB,BORIBIAL,74.6488080432,18.4077648636,,,9,4,5,0.0010012237178774058
MLM,MALTHAN,74.7243673877,18.3689511683,,,12,8,4,0.0013349649571698743
BGVN,BHIGWAN,74.77504200000001,18.317256,,,8,3,5,0.0008899766381132495
JNTR,JINTI ROAD,74.87741682800001,18.3249544651,,,7,4,3,0.0007787295583490933
PRWD,PAREWADI,74.952285,18.289799000000002,,,6,3,3,0.0006674824785849371
WSB,WASHIMBE,75.003799,18.284021,,,5,2,3,0.000556235398820781
PPJ,POPHLAJ,75.117846,18.292242,,,5,2,3,0.000556235398820781
JEUR,JEUR,75.16247100000001,18.260933,,,5,3,2,0.000556235398820781
BLNI,BHALWANI,75.199289,18.212962,,,4,2,2,0.00044498831905662476
KEM,KEM,75.2746262701,18.177508793500003,,,4,2,2,0.00044498831905662476
DHS,DHAVALAS,75.3342619214,18.1296817393,,,4,2,2,0.00044498831905662476
KWV,KURDUVADI,75.41711799999999,18.091348,,,9,4,5,0.0010012237178774058
WDS,WADSINGE,75.4887746527,18.066132304299998,,,6,2,4,0.0006674824785849371
MA,MADHA,75.546507,18.029712,,,8,5,3,0.0008899766381132495
WKA,VAKAV,75.579724,17.988187,,,9,5,4,0.0010012237178774058
AAG,ANGAR,75.599875,17.954256,,,8,3,5,0.0008899766381132495
MKPT,MALIKPETH,75.608752,17.899981999999998,,,10,5,5,0.001112470797641562
MO,MOHOL,75.675995,17.805205,,,11,8,3,0.001223717877405718
MVE,MUNDHEWADI,75.7065479559,17.7417646618,,,9,2,7,0.0010012237178774058
PK,PAKNI,75.7788740411,17.7248659449,,,8,4,4,0.0008899766381132495
BALE,BALE,75.8450861792,17.676185604199997,,,7,3,4,0.0007787295583490933
SUR,SOLAPUR JN,75.893401,17.664496,,,7,4,3,0.0007787295583490933
TKWD,TIKEKARWADI,75.933458,17.614967,,,8,4,4,0.0008899766381132495
HG,HOTGI,75.989943,17.565668000000002,,,9,5,4,0.0010012237178774058
TLT,TILATI,76.069348,17.503553,,,5,2,3,0.000556235398820781
AKOR,AKALKOT ROAD,76.13768900000001,17.450243,,,6,3,3,0.0006674824785849371
NGS,NAGANSUR,76.182913,17.429086,,,5,3,2,0.000556235398820781
BOT,BOROTI,76.2535626,17.395018500000003,,,4,2,2,0.00044498831905662476
DUD,DUDHANI,76.37871,17.362420999999998,,,4,2,2,0.00044498831905662476
KUI,KULALI,76.47059200000001,17.357949,,,6,2,4,0.0006674824785849371
GDGN,GAUDGAON,76.530953,17.335973000000003,,,6,3,3,0.0006674824785849371
GUR,GANAGAPUR ROAD,76.5903,17.340443,,,5,2,3,0.000556235398820781
HHD,HUNSIHADGIL,76.646807,17.352906,,,6,2,4,0.0006674824785849371
SVG,SAWALGI,76.71113700000001,17.339489999999998,,,8,6,2,0.0008899766381132495
BBD,BABLAD,76.779259,17.337569,,,7,3,4,0.0007787295583490933
GR,GULBARGA,76.82443799999999,17.314372,,,5,3,2,0.000556235398820781
HQR,HIRENANDURU,76.872212,17.258215,,,4,2,2,0.00044498831905662476
MR,MARTUR,76.902717,17.199686,,,4,2,2,0.00044498831905662476
SDB,SHAHABAD,76.943513,17.121662999999998,,,4,2,2,0.00044498831905662476
MBQ,MUMBRA,73.02326,19.190223,,,10,4,6,0.001112470797641562
KLVA,KALVA,72.997651,19.196049,,,7,4,3,0.0007787295583490933
CLA,KURLA JN,72.879375,19.065221,,,6,3,3,0.0006674824785849371
SIN,MUMBAI SION,72.864262,19.047725,,,5,2,3,0.000556235398820781
MTN,MUMBAI MATUNGA,72.84984200000001,19.027347,,,6,3,3,0.0006674824785849371
DR,MUMBAI DADAR CENTRAL,72.842972,19.017179,,,8,3,5,0.0008899766381132495
VLDI,VITHALWADI,73.149051,19.229233999999998,,,8,2,6,0.0008899766381132495
ULNR,ULHASNAGAR,73.163466,19.218215,,,9,6,3,0.0010012237178774058
ABH,AMBARNATH,73.184756,19.210382000000003,,,10,5,5,0.001112470797641562
BUD,BADLAPUR,73.2390496,19.166388299999998,,,7,4,3,0.0007787295583490933
VGI,VANGANI,73.300967,19.094299,,,9,6,3,0.0010012237178774058
SHLU,SHELU,73.317386,19.062985,,,12,6,6,0.0013349649571698743
NRL,NERAL,73.318955,19.027113,,,10,6,4,0.001112470797641562
BVS,BHIVPURI ROAD,73.331324,18.970654999999997,,,11,4,7,0.001223717877405718
KJT,KARJAT,73.320691,18.911157999999997,,,13,7,6,0.0014462120369340306
MAG,MANGALAGIRI,80.564992,16.438256,,,8,4,4,0.0008899766381132495
NBR,NAMBURU,80.49582500000001,16.358721,,,8,4,4,0.0008899766381132495
PDKN,PEDAKAKANI HALT,80.48615482999999,16.34323912,,,9,5,4,0.0010012237178774058
BDPL,BANDARUPALLE,80.36280020000001,16.3655265,,,4,2,2,0.00044498831905662476
MDPD,MANDAPADU,80.320507,16.388651999999997,,,5,2,3,0.000556235398820781
SRPM,SIRIPURAM,80.295123,16.412602999999997,,,5,3,2,0.000556235398820781
LIN,LINGAMGUNTLA,80.273943,16.439709,,,4,2,2,0.00044498831905662476
PKPU,PEDDAKURAPADU,80.252989,16.459296,,,4,2,2,0.00044498831905662476
GPDE,GUDIPUDI,80.205304,16.433946000000002,,,4,2,2,0.00044498831905662476
SAP,SATTENAPALLE,80.152704,16.405018,,,6,3,3,0.0006674824785849371
DUP,DHULIPALLA HALT,80.0878237878,16.4244756015,,,4,2,2,0.00044498831905662476
REM,REDDIGUDEM,80.0508149304,16.442327720599998,,,6,3,3,0.0006674824785849371
BMKD,BELLAMKONDA,80.006313,16.46998,,,6,3,3,0.0006674824785849371
ANPM,ANUPALEM,79.962595,16.469897,,,4,2,2,0.00044498831905662476
STRM,SITARAMAPURAM,79.9255021252,16.4747594276,,,4,2,2,0.00044498831905662476
PGRL,PIDUGURALLA,79.876294,16.477787000000003,,,8,4,4,0.0008899766381132495
KPH,KAMEPALLI,79.83223332029999,16.5053044215,,,4,2,2,0.00044498831905662476
TMLU,TUMMALACHERUVU,79.80296299999999,16.527651000000002,,,6,3,3,0.0006674824785849371
NDKD,NADIKODE,79.72356500000001,16.590634,,,6,3,3,0.0006674824785849371
PDGL,PONDUGULA,79.65905031369999,16.6762442519,,,6,3,3,0.0006674824785849371
VJRD,VAJIRABAD,79.6451940808,16.686823777,,,4,2,2,0.00044498831905662476
VNUP,VISHNUPURAM,79.6387859326,16.7045104904,,,6,3,3,0.0006674824785849371
DMCA,DAMARACHERLA,79.630821,16.725861,,,6,3,3,0.0006674824785849371
KDGL,KONDRAPOL,79.6010754456,16.785299045400002,,,4,2,2,0.00044498831905662476
KDRL,KONDRAPOL,79.600292,16.784736,,,6,3,3,0.0006674824785849371
MRGA,MIRYALAGUDA,79.533503,16.860392,,,4,2,2,0.00044498831905662476
TPPI,TIPPARTHI,79.42309800000001,17.006536999999998,,,5,2,3,0.000556235398820781
NLDA,NALGONDA,79.283436,17.06118,,,5,3,2,0.000556235398820781
SRMR,SRIRAMPURAM,79.212404903,17.1172617982,,,6,3,3,0.0006674824785849371
NKPL,NARKETPALLI,79.179267,17.199276,,,4,2,2,0.00044498831905662476
CTYL,CHITYALA,79.135713114,17.221960824,,,6,3,3,0.0006674824785849371
RMNP,RAMANNAPET,79.087023,17.282344000000002,,,4,2,2,0.00044498831905662476
VLG,VANIGONDA,79.008505,17.366663,,,6,3,3,0.0006674824785849371
MMPR,MAMDAPUR,78.97793132449999,17.3825749479,,,4,2,2,0.00044498831905662476
NRDP,NAGIREDDIPALLI,78.939987,17.422255,,,8,4,4,0.0008899766381132495
BMMP,BOMMAYAPALLI,78.8612265723,17.484445161900002,,,4,2,2,0.00044498831905662476
KTCR,KOTHACHERUVU,77.76013216189999,14.185769735700001,,,6,4,2,0.0006674824785849371
BSPL,BASAMPALLE,77.74596344999999,14.31123523,,,6,3,3,0.0006674824785849371
SSPN,SATYA SAI P NILAYAM,77.757559,14.160468,,,10,6,4,0.001112470797641562
NRYP,NARAYANAPURAM,77.696047,14.128972000000001,,,8,4,4,0.0008899766381132495
SUH,SULEHALLI,77.05225732059999,17.0804109748,,,6,3,3,0.0006674824785849371
HLTS,HALKATTA SHARIEF,76.9925675,17.017117292,,,2,1,1,0.00022249415952831238
TAC,TATICHERLA,77.59500059450001,14.7483502106,,,4,2,2,0.00044498831905662476
LPI,LINGAMPALLI,78.31677400000001,17.482874000000002,,,5,2,3,0.000556235398820781
KDT,KHADARPET,77.5427697052,14.9830781091,,,8,5,3,0.0008899766381132495
VPL,VENKATAMPALLE,77.44160447690001,15.0448535871,,,5,2,3,0.000556235398820781
GPU,GULAPALYAMU,77.39921,15.087043,,,5,3,2,0.000556235398820781
CDNR,CHANDANAGAR,78.333575,17.487697,,,4,2,2,0.00044498831905662476
HFZ,HAFIZPETA,78.36265499999999,17.482275,,,4,2,2,0.00044498831905662476
HTCY,HITECH CITY,78.38486099999999,17.4694,,,6,2,4,0.0006674824785849371
HNMN,HANUMAN STATION,77.37687315369999,15.1495189968,,,9,5,4,0.0010012237178774058
LGD,LALLAGUDA,78.525617,17.441464,,,14,9,5,0.0015574591166981867
MLY,MAULA ALI,78.55054100000001,17.44041,,,7,3,4,0.0007787295583490933
BRBD,BORABANDA,78.40786013,17.45922612,,,7,5,2,0.0007787295583490933
BTNR,BHARTNAGAR,78.42819281999999,17.46139991,,,6,2,4,0.0006674824785849371
FNB,FATEHNAGAR,78.4502575745,17.4561957266,,,7,5,2,0.0007787295583490933
NCHS,NATURE CURE HOSPITAL,78.45289083,17.44586316,,,10,4,6,0.001112470797641562
BMT,BEGAMPET,78.4586266,17.4388739,,,13,7,6,0.0014462120369340306
SJVP,SANJEEVAIAH PARK,78.475688,17.435951,,,9,4,5,0.0010012237178774058
JET,JAMES STREET,78.486911,17.433133,,,7,4,3,0.0007787295583490933
SC,SECUNDERABAD JN,78.50148100000001,17.433146999999998,,,16,7,9,0.001779953276226499
NW,NALWAR,77.019937,16.936043,,,10,6,4,0.001112470797641562
SPHL,SHAMPURHALLI,77.03309,16.87535,,,4,2,2,0.00044498831905662476
TGDE,THANGUNDI,77.068276,16.803814,,,7,3,4,0.0007787295583490933
YG,YADGIR,77.13036600000001,16.744396,,,8,4,4,0.0008899766381132495
LGRE,LINGIRI,77.188998,16.670289,,,10,6,4,0.001112470797641562
SADP,SAIDAPUR,77.2497912268,16.5700011556,,,11,5,6,0.001223717877405718
CGTA,CHEGUNTA,77.30225045,16.48536136,,,11,5,6,0.001223717877405718
KSN,KRISHNA,77.328563,16.409324,,,5,3,2,0.000556235398820781
YDLP,YADALAPUR,77.326596,16.384372,,,7,3,4,0.0007787295583490933
CK,CHIKSUGAR,77.343832,16.336647,,,13,8,5,0.0014462120369340306
YS,YERMARAS,77.34747,16.272482,,,13,6,7,0.0014462120369340306
RC,RAICHUR,77.339165,16.192441000000002,,,7,3,4,0.0007787295583490933
MRC,MARICHETHAL,77.30931799999999,16.111362,,,6,3,3,0.0006674824785849371
MTU,MATMARI,77.302973,16.046723,,,8,4,4,0.0008899766381132495
HPH,HANUMAPURA,77.30620283569999,15.9712913703,,,10,5,5,0.001112470797641562
MALM,MANTHRALAYAM RD,77.299196,15.949035,,,8,5,3,0.0008899766381132495
EGU,IRANAGALLU,77.26376539,15.89181357,,,7,2,5,0.0007787295583490933
KO,KOSGI,77.23640800000001,15.847871999999999,,,8,4,4,0.0008899766381132495
KGL,KUPGAL,77.219229,15.726256,,,7,3,4,0.0007787295583490933
ESV,ISIVI,77.22981399999999,15.65781,,,5,2,3,0.000556235398820781
AD,ADONI,77.27485,15.617035,,,5,3,2,0.000556235398820781
NRR,NAGARUR,77.31318399999999,15.542335,,,7,4,3,0.0007787295583490933
ASP,ASPARI,77.356253,15.454804000000001,,,9,5,4,0.0010012237178774058
MGV,MOLAGAVALLI,77.371821,15.357784,,,10,5,5,0.001112470797641562
NMLU,NEMAKALLU,77.37277900000001,15.297622,,,13,6,7,0.0014462120369340306
NLA,NANCHERLA,77.36883300000001,15.256053,,,10,5,5,0.001112470797641562
GTL,GUNTAKAL JN,77.36661099999999,15.17556,,,20,10,10,0.002224941595283124
KLU,KALLURU,77.581419,14.924474,,,16,7,9,0.001779953276226499
GDE,GARLADINNE,77.592146,14.827323999999999,,,14,8,6,0.0015574591166981867
HLKT,HALAKATTA,76.99057254760001,17.0207708951,,,7,2,5,0.0007787295583490933
CT,CHITTAPUR,77.09045160000001,17.1197808,,,9,4,5,0.0010012237178774058
MQR,MALKHAID ROAD,77.17396099999999,17.147112,,,5,3,2,0.000556235398820781
SEM,SERAM,77.28353,17.180683000000002,,,4,2,2,0.00044498831905662476
KQT,KURGUNTA,77.359574,17.191165,,,4,2,2,0.00044498831905662476
NAW,NAWANDGI,77.427908244,17.2170998262,,,6,3,3,0.0006674824785849371
MVH,MANTATTI,77.5094807208,17.2276934669,,,7,4,3,0.0007787295583490933
TDU,TANDUR,77.585037,17.25044,,,5,3,2,0.000556235398820781
RMY,RUKMAPUR,77.67542399999999,17.27365,,,5,2,3,0.000556235398820781
DRR,DHARUR,77.75853000000001,17.28952,,,6,3,3,0.0006674824785849371
MWY,MAILARAM,77.809709,17.280412,,,6,2,4,0.0006674824785849371
GDQ,GODAMGURA,77.867119,17.29025,,,6,3,3,0.0006674824785849371
VKB,VIKARABAD JN,77.90940900000001,17.337132,,,7,3,4,0.0007787295583490933
CTF,CHITGIDDA,77.963909,17.391231,,,4,2,2,0.00044498831905662476
GGD,GULLAGUDA,78.03277293640001,17.4169638619,,,4,2,2,0.00044498831905662476
RPK,RAVALPALLI KALA,78.084165,17.439968,,,4,2,2,0.00044498831905662476
SKP,SHANKARPALLI,78.131116,17.450825,,,4,2,2,0.00044498831905662476
NPL,NAGALAPALLE,78.229966,17.460567,,,5,2,3,0.000556235398820781
SNF,SANAT NAGAR,78.4359471722,17.4616070935,,,6,4,2,0.0006674824785849371
JBR,JAHANGIRABAD ROAD,81.2472830347,26.973936860000002,,,6,4,2,0.0006674824785849371
RFR,RAFINAGAR,81.2820328021,26.994136282600003,,,7,2,5,0.0007787295583490933
BUR,BINDAURA,81.3252031305,27.0210232397,,,11,7,4,0.001223717877405718
STPD,SITAFAL MANDI,78.520289,17.428339,,,8,3,5,0.0008899766381132495
ATC,ARTS COLLEGE,78.51966499999999,17.418129999999998,,,5,3,2,0.000556235398820781
JOO,KACHEGUDA JAMIA OSMANIA,78.517784,17.411068999999998,,,5,2,3,0.000556235398820781
VAR,VIDYANAGAR,78.511657,17.402485,,,6,4,2,0.0006674824785849371
LGDH,LALAGUDA GATE,78.52440299999999,17.440355,,,8,5,3,0.0008899766381132495
MJF,MALKAJGIRI,78.529606,17.448392000000002,,,8,3,5,0.0008899766381132495
KDGH,KODIGEHALLI,77.57597160489999,13.063357741399999,,,6,3,3,0.0006674824785849371
ATP,ANANTAPUR,77.59531199999999,14.686478,,,17,8,9,0.0018912003559906554
PSPY,PRASANNAYA PALLI,77.602106203,14.6311777937,,,11,5,6,0.001223717877405718
ZPL,ZANGALAPALLE,77.640854,14.591854,,,16,8,8,0.001779953276226499
CCA,CHIGICHERLA,77.68348800000001,14.517474,,,12,5,7,0.0013349649571698743
DMM,DHARMAVARAM JN,77.717115,14.424368999999999,,,18,9,9,0.0020024474357548117
NGM,NAGASAMUDRAM,77.64246703,14.32166253,,,7,2,5,0.0007787295583490933
MKJ,MAKKAJIPALLI,77.62844748,14.19611832,,,9,7,2,0.0010012237178774058
PKD,PENUKONDA,77.592521,14.099641,,,18,8,10,0.0020024474357548117
REPI,RANGEPALLI,77.578036,14.01783,,,7,4,3,0.0007787295583490933
CPL,CHAKARLAPALLI,77.583123,13.99779,,,16,9,7,0.001779953276226499
MLU,MALUGUR,77.531591,13.866614,,,14,4,10,0.0015574591166981867
HUP,HINDUPUR,77.500362,13.819144000000001,,,11,4,7,0.001223717877405718
DPE,DEVARAPALLE,77.512236488,13.723806590299999,,,15,9,6,0.0016687061964623428
VWA,VIDURASWATTHA,77.509785,13.665712999999998,,,10,7,3,0.001112470797641562
GBD,GAURIBIDANUR,77.512781,13.613081000000001,,,8,4,4,0.0008899766381132495
SMWA,SOMESHWARA,77.513961,13.55657,,,7,2,5,0.0007787295583490933
TDV,THONDEBHAVI,77.51457300000001,13.503502999999998,,,7,4,3,0.0007787295583490933
MKL,MAKLIDRUG,77.50903739809999,13.4095451686,,,10,6,4,0.001112470797641562
CHZ,CHARLAPALLI,78.605619,17.457672000000002,,,10,5,5,0.001112470797641562
GT,GHATKESAR,78.678217,17.453116,,,6,4,2,0.0006674824785849371
BN,BIBINAGAR,78.794355,17.470511,,,5,3,2,0.000556235398820781
PGDP,PAGIDIPALLI,78.820893,17.484713000000003,,,11,4,7,0.001223717877405718
BG,BHONGIR,78.89847,17.524696,,,8,4,4,0.0008899766381132495
RAG,RAIGIR,78.94120199999999,17.550881,,,8,4,4,0.0008899766381132495
WP,WANGAPALLI,78.983664,17.580557000000002,,,8,4,4,0.0008899766381132495
ALER,ALER,79.04834140000001,17.6459553,,,8,4,4,0.0008899766381132495
PBP,PEMBARTI,79.11616,17.692296000000002,,,8,4,4,0.0008899766381132495
ZN,JANGAON,79.15473399999999,17.725115,,,7,3,4,0.0007787295583490933
YSPM,YASANTAPUR,79.20499763309999,17.736740181200002,,,7,3,4,0.0007787295583490933
RGP,RAGHUNATHPALLI,79.2553036017,17.7564788113,,,7,3,4,0.0007787295583490933
IPG,IPPUGUDA,79.3267055493,17.801311539300002,,,4,2,2,0.00044498831905662476
GNP,GHANPUR,79.3768995,17.8506252,,,7,5,2,0.0007787295583490933
NSKL,NASKHAL,79.426237,17.898101,,,4,2,2,0.00044498831905662476
ORH,ODDARAHALLI,77.541461,13.345829,,,13,3,10,0.0014462120369340306
DBU,DODBALLAPUR,77.55016,13.27894,,,13,8,5,0.0014462120369340306
RNN,RAJANKUNTI,77.564915,13.174150999999998,,,9,2,7,0.0010012237178774058
YNK,YELHANKA JN,77.593069,13.102795,,,10,5,5,0.001112470797641562
BRGL,BURGULA HALT,78.20522299999999,16.993515,,,4,2,2,0.00044498831905662476
HBLN,HBL NAGAR,78.27355,17.134017,,,4,2,2,0.00044498831905662476
KOTT,KOTTUR,78.28622100000001,17.149739999999998,,,4,2,2,0.00044498831905662476
NSVP,NPA SHIVARAMPALLI HALT,78.4372038177,17.3237142919,,,6,2,4,0.0006674824785849371
YKA,YAKUTPURA KACHEGUDA,78.49171100000001,17.359554,,,6,3,3,0.0006674824785849371
MLYG,MLYG,78.53416999999999,17.455347,,,4,2,2,0.00044498831905662476
MLYC,MAULA ALI,78.548135,17.447219,,,4,2,2,0.00044498831905662476
OPL,UPPAL,79.48098,18.183408,,,12,6,6,0.0013349649571698743
JMKT,JAMIKUNTA,79.476918,18.290021,,,11,7,4,0.001223717877405718
BGSF,BISUGIRSHARIF,79.483604,18.348122,,,9,3,6,0.0010012237178774058
PTKP,POTKAPALLI,79.4644454974,18.4290619835,,,8,5,3,0.0008899766381132495
OEA,ODELA,79.4497442804,18.456554241099997,,,8,3,5,0.0008899766381132495
KOLR,KOLNUR,79.4199093701,18.496319274500003,,,11,5,6,0.001223717877405718
KYOP,KOTTAPALLI,79.40385903139999,18.5402681328,,,15,5,10,0.0016687061964623428
PDPL,PEDDAPALLI,79.39208,18.613795999999997,,,19,10,9,0.0021136945155189675
RGPM,RAGHAVAPURAM,79.411187,18.681242,,,17,7,10,0.0018912003559906554
RDM,RAMGUNDAM,79.43509999999999,18.763329,,,15,5,10,0.0016687061964623428
PPZ,PEDDEMPET,79.4268241321,18.802669374,,,12,7,5,0.0013349649571698743
MCI,MANCHIRYAL,79.448848,18.878745000000002,,,11,6,5,0.001223717877405718
RVKH,RAVINDRAKHANI,79.461396,18.936594000000003,,,16,10,6,0.001779953276226499
MMZ,MANDAMARI,79.47014800000001,18.971272,,,15,8,7,0.0016687061964623428
BPA,BELAMPALLI,79.4863374,19.053689199999997,,,12,7,5,0.0013349649571698743
RECH,RECHNI ROAD,79.451894,19.140541,,,9,2,7,0.0010012237178774058
RLW,REPALLIWADA,79.430139,19.201953,,,4,2,2,0.00044498831905662476
ASAF,ASIFABAD ROAD,79.416719,19.256682,,,13,6,7,0.0014462120369340306
RLT,RALAPET,79.437787,19.322909,,,4,2,2,0.00044498831905662476
SKZR,SIRPUR KAGAZNAGAR,79.489201,19.345659,,,13,5,8,0.0014462120369340306
VEM,VEMPALLI,79.53458400000001,19.414389,,,4,2,2,0.00044498831905662476
SRUR,SIRPUR TOWN,79.560418,19.479063,,,12,5,7,0.0013349649571698743
MKDI,MAKUDI,79.44826,19.592555,,,13,8,5,0.0014462120369340306
WIRR,WIRUR,79.430571,19.641288000000003,,,17,7,10,0.0018912003559906554
VHGN,WIHIRGAON,79.44081899999999,19.725052,,,17,10,7,0.0018912003559906554
MAGH,MANIKGARH,79.398527,19.787693,,,17,10,7,0.0018912003559906554
BPQ,BALHARSHAH,79.3485858,19.8490173,,,19,8,11,0.0021136945155189675
GNVR,GONDWANAVISAPUR,79.3287230096,19.8826389297,,,23,14,9,0.0025586828345755923
VSP,WASANAPURA,79.327833,19.884978,,,20,11,9,0.002224941595283124
BUPH,BABUPETH,79.313027,19.923131,,,17,7,10,0.0018912003559906554
CD,CHANDRAPUR,79.300505,19.960126000000002,,,13,7,6,0.0014462120369340306
VVKN,VIVEKANANDA NAGAR,79.259191,19.997086,,,4,2,2,0.00044498831905662476
CPW,CHOTIPADOLI,79.253005,20.000992,,,4,2,2,0.00044498831905662476
TAE,TADALI,79.187503,20.034835,,,16,6,10,0.001779953276226499
BUX,BHANDAK,79.112528,20.084262,,,17,8,9,0.0018912003559906554
MJRI,MAJRI JN,79.043522,20.139283,,,16,8,8,0.001779953276226499
WRR,WARORA,79.00994399999999,20.244263,,,14,7,7,0.0015574591166981867
CKNI,CHIKNI ROAD,78.95921700000001,20.325826,,,22,11,11,0.002447435754811436
NGI,NAGARI,78.889984,20.406983,,,21,7,14,0.00233618867504728
YNA,YENOR,78.837091,20.508138,,,6,3,3,0.0006674824785849371
HGT,HINGANGHAT,78.83392500000001,20.542631,,,17,5,12,0.0018912003559906554
WG,WAGHOLI,78.767038,20.585085,,,6,3,3,0.0006674824785849371
SNN,SONEGAON,78.709706,20.629319,,,12,9,3,0.0013349649571698743
BPK,BHUGAON,78.6700027,20.6738192,,,20,7,13,0.002224941595283124
CHJC,CHITODA,78.62974,20.708474,,,4,2,2,0.00044498831905662476
PQL,PINDLAI,79.454715,17.925189,,,5,2,3,0.000556235398820781
KZJ,KAZIPET JN,79.511025,17.974211,,,8,4,4,0.0008899766381132495
NSZ,BHOPAL NISHATPURA,77.41876900000001,23.278225,,,8,5,3,0.0008899766381132495
SUW,SUKHISEWANIYAN,77.48596599999999,23.34076,,,11,4,7,0.001223717877405718
BVB,BHADBHADAGHAT,77.535282,23.375165,,,17,10,7,0.0018912003559906554
DWG,DEWANGANJ,77.59286700000001,23.429766,,,14,7,7,0.0015574591166981867
SMT,SALAMATPUR,77.67275,23.461639,,,10,4,6,0.001112470797641562
SCI,SANCHI,77.735783,23.488096,,,9,5,4,0.0010012237178774058
BTWN,BETWA CABIN,77.787463,23.509200999999997,,,4,2,2,0.00044498831905662476
BHS,VIDISHA,77.8148356,23.5222886,,,13,8,5,0.0014462120369340306
SORI,SORAI,77.848219,23.551699,,,14,5,9,0.0015574591166981867
SUMR,SUMER,77.879427,23.624616,,,8,4,4,0.0008899766381132495
GLG,GULABHGANJ,77.912351,23.684375,,,8,3,5,0.0008899766381132495
PAI,PABAI,77.931259,23.767491,,,12,5,7,0.0013349649571698743
BAQ,GANJ BASODA,77.944826,23.845347,,,13,7,6,0.0014462120369340306
RKRI,RAO KHEDI,77.981122,23.885645,,,10,7,3,0.001112470797641562
RKDI,RAUKHERI,77.981962,23.886485,,,4,2,2,0.00044498831905662476
BET,BARETH,77.99967978000001,23.91494729,,,15,7,8,0.0016687061964623428
CLHT,CHULHETA,78.018483,23.945912,,,6,3,3,0.0006674824785849371
KAH,KALHAR,78.05717800000001,23.978071,,,10,4,6,0.001112470797641562
MABA,MANDI BAMORA,78.08243700000001,24.054032,,,11,3,8,0.001223717877405718
KIKA,KURWAI KETHORA,78.11497800000001,24.117852,,,14,5,9,0.0015574591166981867
MSV,MUSTARA,78.63498,25.496702,,,4,2,2,0.00044498831905662476
GRM,GARHMAU,78.687944,25.506271,,,4,2,2,0.00044498831905662476
PIC,PARICHA,78.73773,25.518402,,,4,2,2,0.00044498831905662476
PTSC,PARICHAA THERMA,78.753962,25.525228,,,6,3,3,0.0006674824785849371
CGN,CHIRGAON,78.805761,25.575053,,,4,2,2,0.00044498831905662476
NDK,NANKHAS,78.872336,25.660949000000002,,,5,3,2,0.000556235398820781
MOTH,MOTH,78.948673,25.74157,,,5,2,3,0.000556235398820781
ERC,ERICH ROAD,79.03502499999999,25.820641,,,4,2,2,0.00044498831905662476
PRN,PARAUNA,79.1257213309,25.8668027818,,,5,2,3,0.000556235398820781
AIT,AIT,79.230436,25.903719000000002,,,7,3,4,0.0007787295583490933
BHUA,BHUA,79.3510848193,25.9455806635,,,5,3,2,0.000556235398820781
ORAI,ORAI,79.459533963,25.9825370076,,,5,2,3,0.000556235398820781
ATA,ATA,79.5991430011,26.0445422657,,,4,2,2,0.00044498831905662476
URG,USARGAON,79.680325,26.080448999999998,,,4,2,2,0.00044498831905662476
KPI,KALPI,79.755607,26.119339,,,4,2,2,0.00044498831905662476
CNH,CHAUNRAH,79.782159,26.16506,,,4,2,2,0.00044498831905662476
PHN,POKHRAYAN,79.84088799999999,26.222964,,,5,3,2,0.000556235398820781
MLS,MALASA,79.907312,26.28889,,,7,4,3,0.0007787295583490933
LLR,LALPUR,79.948516,26.318818,,,6,3,3,0.0006674824785849371
TLNH,TILAUNCHI,80.02677233760001,26.3381999708,,,4,2,2,0.00044498831905662476
PMN,PAMAN,80.08042,26.359934,,,4,2,2,0.00044498831905662476
RPGU,RASULPURGOGAMAU,80.118434,26.376288,,,4,2,2,0.00044498831905662476
BNAR,BINAUR,80.178721,26.402727,,,5,3,2,0.000556235398820781
BZM,BHIMSEN,80.21814499999999,26.419754,,,9,4,5,0.0010012237178774058
HLIN,HOLDING LINE,80.26021300000001,26.438271,,,6,3,3,0.0006674824785849371
ASH,AISHBAGH,80.90960679930001,26.8373880081,,,4,2,2,0.00044498831905662476
LC,LUCKNOW CITY,80.917866,26.859109,,,4,2,2,0.00044498831905662476
DAL,DALIGANJ,80.927482,26.875384,,,6,3,3,0.0006674824785849371
BNZ,BADSHAHNAGAR,80.9613606,26.8686134,,,6,3,3,0.0006674824785849371
GTNR,GOMATI NAGAR,81.003433,26.860344,,,8,4,4,0.0008899766381132495
RMBG,RAMGHAT HALT,82.2144349255,26.820567771,,,6,3,3,0.0006674824785849371
KEA,KATRA,82.204937,26.842992,,,7,4,3,0.0007787295583490933
NGB,NAWABGANJ GONDA,81.977064,27.153816,,,6,3,3,0.0006674824785849371
TRE,TIKRI,82.070639,27.116135,,,6,3,3,0.0006674824785849371
YPR,YESVANTPUR JN,77.55117399999999,13.022839000000001,,,33,15,18,0.0036711536322171544
KJM,KRISHNARAJAPURAM,77.674016,13.000534,,,16,7,9,0.001779953276226499
SGWF,WHITE FIELD SATELLITE,77.7614779608,12.9960174083,,,27,17,10,0.003003671153632217
WFD,WHITEFIELD,77.76130500000001,12.995253,,,11,7,4,0.001223717877405718
DKN,DEVANGONTHI,77.831087,12.985647,,,6,3,3,0.0006674824785849371
MLO,MALUR,77.940033,12.992108,,,5,3,2,0.000556235398820781
BFW,BYATRAYANHALLI,77.98850762000001,13.002039739999999,,,7,3,4,0.0007787295583490933
TCL,TYAKAL,78.070518,12.984096000000001,,,12,6,6,0.0013349649571698743
MZV,MARALAHALLI,78.108853,12.988346,,,8,4,4,0.0008899766381132495
BWT,BANGARAPET,78.178188,12.984808,,,13,8,5,0.0014462120369340306
LOGH,LOTTEGOLLAHALLI,77.562257,13.043169,,,13,10,3,0.0014462120369340306
BYPL,BAIYYAPPANAHALI,77.650886,12.990198,,,19,8,11,0.0021136945155189675
BYPY,BAIYYAPPANAHALLI YARD CABIN,77.62557964230001,13.0067311694,,,15,11,4,0.0016687061964623428
BAND,BANASWADI,77.628196,13.00573,,,7,4,3,0.0007787295583490933
HEB,HEBBAL,77.58606,13.042299,,,5,2,3,0.000556235398820781
VRDP,VARADAPUR,78.1915680487,12.9226601895,,,15,8,7,0.0016687061964623428
KSM,KAMASAMUDRAM,78.200119,12.880706,,,8,4,4,0.0008899766381132495
BSM,BISANATTAM,78.25031624,12.84262771,,,8,4,4,0.0008899766381132495
GDP,GUDUPULLI,78.27491,12.803672,,,8,4,4,0.0008899766381132495
KPN,KUPPAM,78.339549,12.746834,,,14,5,9,0.0015574591166981867
MAR,MULANUR,78.40638899999999,12.661484999999999,,,16,9,7,0.001779953276226499
PU,PATCHUR,78.4694944,12.586657299999999,,,13,4,9,0.0014462120369340306
SKPT,SOMANAYAKKANPTI,78.54245200000001,12.574922,,,11,6,5,0.001223717877405718
BUM,BOMMASAMUDRAM,79.176067,13.044566,,,9,6,3,0.0010012237178774058
RAM,RAMAPURAM,79.178793,13.098011999999999,,,10,4,6,0.001112470797641562
PYX,PEYANAPALLI,79.138282,13.131636,,,11,7,4,0.001223717877405718
SIE,SIDDAMPALLI,79.137135,13.160644999999999,,,9,4,5,0.0010012237178774058
CTO,CHITTOOR,79.103252,13.219857,,,14,7,7,0.0015574591166981867
RVSN,RVS NAGAR,79.11625703979999,13.2783021967,,,14,7,7,0.0015574591166981867
PTT,PUTALAPATTU,79.098727,13.373419,,,10,6,4,0.001112470797641562
PAK,PAKALA JN,79.11408,13.451133,,,7,3,4,0.0007787295583490933
PAM,PANAPAKAM,79.210821,13.513241,,,6,3,3,0.0006674824785849371
MNPT,MUNGILIPATTU,79.2410982153,13.5565460528,,,10,6,4,0.001112470797641562
KEN,KOTALA,79.2872542792,13.6063213389,,,8,4,4,0.0008899766381132495
CGI,CHANDRAGIRI,79.31221500000001,13.61173,,,9,4,5,0.0010012237178774058
TPW,TIRUPATI WEST HALT,79.404624,13.624534,,,10,5,5,0.001112470797641562
TPTY,TIRUPATI MAIN,79.418968,13.62763,,,13,6,7,0.0014462120369340306
TCNR,TIRUCHANUR,79.455703,13.631300000000001,,,6,3,3,0.0006674824785849371
RU,RENIGUNTA JN,79.50628999999999,13.636261,,,13,7,6,0.0014462120369340306
YPD,YERPEDU,79.578514,13.689108000000001,,,7,2,5,0.0007787295583490933
RCG,RACHAGUNNARI,79.629853,13.714631,,,6,3,3,0.0006674824785849371
KHT,SRI KALAHASTI,79.6830412451,13.7463618318,,,6,3,3,0.0006674824785849371
AKY,AKKURTI,79.6686416895,13.7828960127,,,5,3,2,0.000556235398820781
YLK,YELLAKARU,79.65057200000001,13.84646,,,7,3,4,0.0007787295583490933
YAL,YATALURU,79.626238,13.893493999999999,,,9,6,3,0.0010012237178774058
VKI,VENKATAGIRI,79.60398699999999,13.943864,,,8,3,5,0.0008899766381132495
NDZ,NIDIGALLU,79.660594,13.988306000000001,,,9,7,2,0.0010012237178774058
VDD,VENDODU,79.72840000000001,14.026947000000002,,,9,5,4,0.0010012237178774058
KQA,KONDAGUNTA,79.79392,14.080027999999999,,,8,3,5,0.0008899766381132495
LJN,LUCKNOW JN,80.91858699999999,26.831967000000002,,,12,6,6,0.0013349649571698743
AGA,AGRA CITY,78.0157752,27.1945731,,,4,2,2,0.00044498831905662476
RAWS,RAHATWAS,77.8327,24.522974,,,6,3,3,0.0006674824785849371
BRNA,BERAWANYA,75.33412200000001,23.465605999999998,,,6,4,2,0.0006674824785849371
KUH,KHACHROD,75.286337,23.442673,,,4,2,2,0.00044498831905662476
RNH,RUNKHERA,75.1888022272,23.413846043299998,,,5,3,2,0.000556235398820781
BOD,BANGROD,75.1241457,23.3982156,,,10,3,7,0.001112470797641562
RTME,RATLAM EAST CABIN,75.067019,23.359789999999997,,,9,5,4,0.0010012237178774058
RTLM,RATLAM JN,75.050686,23.340239999999998,,,5,2,3,0.000556235398820781
RTM,RATLAM JN,75.050826,23.34038,,,15,7,8,0.0016687061964623428
RTD,RATLAM A CABIN,75.042913,23.335631,,,6,3,3,0.0006674824785849371
DRRN,DR. R K NAGAR,75.0060586914,23.310222115,,,4,2,2,0.00044498831905662476
MRN,MORWANI,74.9779687335,23.2764855209,,,8,3,5,0.0008899766381132495
BILD,BILDI,74.91853870000001,23.2255232,,,8,3,5,0.0008899766381132495
RTI,RAOTI,74.87867399999999,23.183572,,,7,3,4,0.0007787295583490933
BOG,BHAIRONGARH,74.7760641077,23.1449211037,,,7,5,2,0.0007787295583490933
BMI,BAMNIA,74.7590158,23.0957635,,,7,4,3,0.0007787295583490933
AGR,AMARGARH,74.747038,23.080689,,,7,2,5,0.0007787295583490933
PCN,PANCH PIPILA,74.737549,23.06329,,,8,5,3,0.0008899766381132495
BJG,BAJRANGARH,74.69499300000001,23.042607,,,9,5,4,0.0010012237178774058
THDR,THANDLA RD,74.666939,23.032708,,,8,2,6,0.0008899766381132495
MGN,MEGHNAGAR,74.539834,22.907459,,,12,6,6,0.0013349649571698743
NRH,NAHARGARH,74.500786,22.873881,,,4,2,2,0.00044498831905662476
ANAS,ANAS,74.421513,22.866009,,,11,6,5,0.001223717877405718
BIO,BORDI,74.3470986,22.8664871,,,7,3,4,0.0007787295583490933
DHMA,DHAMARDA,74.297046,22.846208,,,4,2,2,0.00044498831905662476
DHD,DAHOD,74.25337400000001,22.843607000000002,,,5,3,2,0.000556235398820781
RET,RENTIA,74.210847,22.863268,,,5,3,2,0.000556235398820781
JKT,JEKOT,74.15935400000001,22.865616,,,6,3,3,0.0006674824785849371
USRA,USRA,74.102942,22.842055,,,11,7,4,0.001223717877405718
MAM,MANGAL MAHUDI,74.058492,22.83578,,,9,4,5,0.0010012237178774058
LMK,LIMKHEDA,73.984515,22.833894,,,8,4,4,0.0008899766381132495
PPD,PIPLOD JN,73.9091,22.819148000000002,,,9,4,5,0.0010012237178774058
SAT,SANT ROAD,73.80040253419999,22.7963945628,,,8,5,3,0.0008899766381132495
CCL,CHANCHELAV,73.71433934,22.795825439999998,,,7,4,3,0.0007787295583490933
KIZ,KANSUDHI,73.64823,22.789343,,,6,2,4,0.0006674824785849371
GDA,GODHRA JN,73.603672,22.776974,,,9,6,3,0.0010012237178774058
BINA,BINA JN,78.1831998,24.170973500000002,,,19,7,12,0.0021136945155189675
GUNA,GUNA,77.314104,24.6405,,,11,6,5,0.001223717877405718
MUGA,MAHUGARHA,77.24174229549999,24.627745093,,,9,5,4,0.0010012237178774058
RTA,RUTHIYAI,77.175827,24.531922,,,11,6,5,0.001223717877405718
VJP,VIJAY PUR,77.1624114166,24.493169148,,,5,2,3,0.000556235398820781
RGG,RADOGARH,77.1547924854,24.435611305000002,,,8,4,4,0.0008899766381132495
KHRJ,KUMBHRAJ,77.079574,24.363097,,,5,3,2,0.000556235398820781
RMQ,RAMRI,77.051454,24.242752,,,4,2,2,0.00044498831905662476
CBK,CHACHAURA BINAGANJ,77.01660299999999,24.178144,,,5,2,3,0.000556235398820781
PCF,PENCHI,77.005837,24.138711,,,4,2,2,0.00044498831905662476
SFZ,SINDURIYA KACHARI,76.9259037006,24.0210993429,,,6,3,3,0.0006674824785849371
BRRG,BIYAVRA RAJGARH,76.907007,23.93591,,,5,3,2,0.000556235398820781
KNRA,KACHNARIA,76.878726,23.883958,,,4,2,2,0.00044498831905662476
KNWS,KARANWAS,76.808926,23.80408,,,4,2,2,0.00044498831905662476
PFR,PACHOR ROAD,76.741609,23.729095,,,4,2,2,0.00044498831905662476
UDK,UDYAN KHERI,76.639447,23.680052,,,4,2,2,0.00044498831905662476
PQU,PARHANA MAU,76.5556067877,23.6266363986,,,4,2,2,0.00044498831905662476
SFW,SARANGPUR,76.4871872211,23.5810641859,,,4,2,2,0.00044498831905662476
SFF,SUNERA PIRKHERI,76.36030299999999,23.474148000000003,,,4,2,2,0.00044498831905662476
SFY,SHAJAPUR,76.297843,23.425074,,,4,2,2,0.00044498831905662476
CAZ,CHAUHANI,76.264491,23.332144,,,5,2,3,0.000556235398820781
SYO,SIROLIYA,76.225424,23.30556,,,8,4,4,0.0008899766381132495
MDVK,MAHADEOKHEDI,78.193689,24.217392,,,8,4,4,0.0008899766381132495
SRKI,SEMARKHERI,78.177733,24.288941,,,7,4,3,0.0007787295583490933
KXB,KANJAI,78.169132,24.331047,,,12,6,6,0.0013349649571698743
MNV,MUNGAOLI,78.11099,24.402175,,,8,4,4,0.0008899766381132495
GVB,GUNERU BAMORI,78.0625395081,24.4617725676,,,6,2,4,0.0006674824785849371
PIA,PIPRAIGAON,77.964258,24.503643,,,6,3,3,0.0006674824785849371
RTWS,RAHATWAS,77.83266,24.522934000000003,,,8,4,4,0.0008899766381132495
ORR,ORR,77.799315,24.530939,,,6,3,3,0.0006674824785849371
HPKA,HINOTIA PIPALKHERA,77.770415,24.550797000000003,,,7,4,3,0.0007787295583490933
ASKN,ASHOK NAGAR,77.726725,24.58015,,,7,4,3,0.0007787295583490933
RIKA,RATIKHEDA,77.656544,24.59745,,,8,4,4,0.0008899766381132495
SHDR,SHADHORAGAON,77.584671,24.633366,,,8,4,4,0.0008899766381132495
PIGT,PILIGHAT,77.49331000000001,24.660758,,,6,3,3,0.0006674824785849371
PGA,PAGARA,77.44077,24.65577,,,5,2,3,0.000556235398820781
MABN,MABAN,77.371542,24.641196,,,8,4,4,0.0008899766381132495
IAA,INDARA JN,83.61961099999999,25.987832,,,10,5,5,0.001112470797641562
ML,MALHOUR,81.0404752448,26.8534491635,,,16,9,7,0.001779953276226499
JRR,JUGAUR,81.08856127690001,26.881922122,,,10,5,5,0.001112470797641562
SFH,SAFEDABAD,81.1166012347,26.8978573678,,,11,4,7,0.001223717877405718
BBK,BARABANKI JN,81.18104,26.935335,,,11,7,4,0.001223717877405718
MAU,MAU JN,83.564347,25.93948,,,10,5,5,0.001112470797641562
PLGH,PALIGARH,83.50513000000001,25.959544,,,10,5,5,0.001112470797641562
KRT,KHURAHAT,83.455442,25.984989000000002,,,6,3,3,0.0006674824785849371
MMA,MUHAMMADABAD,83.376007,26.026235,,,4,2,2,0.00044498831905662476
SAA,SATHIAON,83.28731699999999,26.034194,,,4,2,2,0.00044498831905662476
SDHA,SIDHARI HALT,83.18766740909999,26.0377415583,,,4,2,2,0.00044498831905662476
RES,RASULL,81.2534495215,26.9314225458,,,7,2,5,0.0007787295583490933
AMH,AZAMGARH,83.160614,26.038607,,,4,2,2,0.00044498831905662476
RKS,SARAI RANI,83.12149199999999,26.015838,,,6,3,3,0.0006674824785849371
PHY,PHARIHA,83.0299456195,26.007478447900002,,,7,4,3,0.0007787295583490933
SJER,SANJARPUR,82.97217946560001,26.0173317932,,,5,2,3,0.000556235398820781
SMZ,SARAI MIR,82.9239538,26.0281419,,,6,3,3,0.0006674824785849371
KRND,KHORASON ROAD,82.867173,26.089745999999998,,,4,2,2,0.00044498831905662476
SGJ,SAFDARGANJ,81.36116,26.914454,,,7,4,3,0.0007787295583490933
DJD,DIDARGANJ ROAD,82.805191,26.092367,,,5,2,3,0.000556235398820781
KHJA,KHANJA HALT,82.744969,26.088482,,,8,4,4,0.0008899766381132495
SYK,SAIDKHANPUR,81.462176,26.89846,,,5,3,2,0.000556235398820781
DYD,DARYABAD,81.550114,26.861303,,,5,3,2,0.000556235398820781
PTH,PATRANGA,81.625869,26.825007,,,6,3,3,0.0006674824785849371
RZN,RAUZAGAON,81.70800700000001,26.785263999999998,,,6,3,3,0.0006674824785849371
RDL,RUDAULI,81.754202,26.762188000000002,,,6,4,2,0.0006674824785849371
GMU,GAURIYAMAU,81.79366,26.757029,,,7,3,4,0.0007787295583490933
BNM,BARAGAON,81.8470278857,26.755374103399998,,,6,3,3,0.0006674824785849371
DELO,DEORAKOT,81.90635800000001,26.754368,,,7,3,4,0.0007787295583490933
SLW,SOHWAL,81.983837,26.753048,,,8,4,4,0.0008899766381132495
SLRP,SALARPUR,82.013173,26.752552,,,9,4,5,0.0010012237178774058
FD,FAIZABAD JN,82.135574,26.768996,,,14,7,7,0.0015574591166981867
ACND,ACHARYA NARENDRA DEV NAGAR,82.156997,26.774576,,,6,3,3,0.0006674824785849371
AY,AYODHYA,82.200604,26.787784,,,10,4,6,0.001112470797641562
DRG,DARSHANNAGAR,82.2083842694,26.7522286283,,,8,4,4,0.0008899766381132495
BLG,BILHAR GHAT,82.2689979,26.6813068,,,8,4,4,0.0008899766381132495
ULN,ULNA BHARI,82.319243,26.632175,,,7,4,3,0.0007787295583490933
GGJ,GOSHAINGANJ,82.384123,26.569524,,,5,2,3,0.000556235398820781
KTHE,KATAHRI,82.44776399999999,26.4952,,,5,2,3,0.000556235398820781
ABP,AKBARPUR,82.539073,26.429818,,,5,2,3,0.000556235398820781
JFG,JAFARGANJ,82.5823193939,26.360277060599998,,,4,2,2,0.00044498831905662476
MLPR,MALIPUR,82.63130000000001,26.281482,,,4,2,2,0.00044498831905662476
TLGR,TULSI NAGAR,82.651701,26.215063,,,4,2,2,0.00044498831905662476
BWI,BILWAI,82.665181,26.158966,,,5,3,2,0.000556235398820781
SHG,SHAHGANJ JN,82.679662,26.061399,,,11,5,6,0.001223717877405718
PEP,PHEPHNA JN,84.05132499999999,25.770309,,,8,4,4,0.0008899766381132495
SVI,SAGARPALI,84.098657,25.758015,,,4,2,2,0.00044498831905662476
HLP,HALDHARPUR,83.67908,25.963348,,,4,2,2,0.00044498831905662476
RTP,RATANPURA,83.744472,25.921924,,,6,3,3,0.0006674824785849371
RJMP,RAJMALPUR ROAD,83.788671,25.892921,,,4,2,2,0.00044498831905662476
RSR,RASRA,83.85785,25.861714,,,6,3,3,0.0006674824785849371
SNRA,SANWARA,83.910076,25.845461,,,4,2,2,0.00044498831905662476
CHR,CHILKAHAR,83.965313,25.82699,,,8,4,4,0.0008899766381132495
JGKS,JIGNI KHAS,84.00627300000001,25.802194,,,4,2,2,0.00044498831905662476
BUI,BALLIA,84.15311999999999,25.76057,,,4,2,2,0.00044498831905662476
BCD,BANSDIH ROAD,84.215238,25.8115832,,,7,3,4,0.0007787295583490933
CATA,CHHATA ASCHAURA,84.253936,25.824617,,,11,6,5,0.001223717877405718
STW,SAHATWAR,84.295491,25.827831,,,8,4,4,0.0008899766381132495
ROI,REOTI,84.37469,25.833886,,,5,2,3,0.000556235398820781
DCP,DAL CHAPRA,84.432615,25.82706,,,7,3,4,0.0007787295583490933
SIP,SURAIMANPUR,84.48002199999999,25.80918,,,7,3,4,0.0007787295583490933
BKLA,BAKULHA,84.543411,25.797877,,,5,2,3,0.000556235398820781
MHT,MANJHI,84.58475899999999,25.828485,,,8,5,3,0.0008899766381132495
RVG,REVELGANJ GHAT HALT,84.6394018433,25.787071962800002,,,13,7,6,0.0014462120369340306
GTST,GAUTAMSTHAN,84.6634794519,25.7868591282,,,10,5,5,0.001112470797641562
BJF,BIJNI,90.70782700000001,26.497967,,,22,14,8,0.002447435754811436
PTLD,PATILADAHA,90.78453400000001,26.504091000000003,,,23,10,13,0.0025586828345755923
SBE,SORBHOG JN,90.88828099999999,26.494286000000002,,,15,7,8,0.0016687061964623428
BPRD,BARPETA ROAD,90.9639649,26.5028473,,,12,6,6,0.0013349649571698743
GSA,GUAGACHHA,91.01633199999999,26.501588,,,8,4,4,0.0008899766381132495
SPQ,SORUPETA,91.0760593414,26.4996888512,,,11,5,6,0.001223717877405718
PBL,PATHSALA,91.176255,26.497475,,,11,6,5,0.001223717877405718
NSRH,NIZ-SARIHA HALT,91.2211261203,26.4860621389,,,20,16,4,0.002224941595283124
TIHU,TIHU,91.267699,26.471321,,,14,8,6,0.0015574591166981867
KTCH,KAITHALKUCHI,91.339022,26.450315,,,14,5,9,0.0015574591166981867
NLV,NALBARI,91.440291,26.450629,,,14,9,5,0.0015574591166981867
GOE,GHOGRAPUR,91.539986,26.450741999999998,,,11,5,6,0.001223717877405718
RNY,RANGIYA JN,91.605929,26.447900999999998,,,13,6,7,0.0014462120369340306
KDKN,KENDUKANA,91.63681,26.374067,,,12,7,5,0.0013349649571698743
BIZ,BAIHATA,91.684343,26.343713,,,12,3,9,0.0013349649571698743
CGS,CHANGSARI,91.693023,26.256204,,,12,7,5,0.0013349649571698743
AGT,AGTHORI,91.686006,26.20089324,,,13,4,9,0.0014462120369340306
KYQ,KAMAKHYA,91.689505,26.156154,,,26,13,13,0.002892424073868061
GHY,GUWAHATI,91.751851,26.182635,,,31,14,17,0.003448659472688842
JPE,JALPAIGURI ROAD,88.70945300000001,26.559016999999997,,,6,4,2,0.0006674824785849371
NQH,NEW DOMOHANI,88.786571557,26.569680979,,,7,4,3,0.0007787295583490933
NMX,NEW MAYNAGURI,88.822868,26.578607,,,8,4,4,0.0008899766381132495
BYXA,BETGARA,88.885559,26.612665,,,10,5,5,0.001112470797641562
ATM,ALTAGRAM,88.946682,26.608131,,,12,6,6,0.0013349649571698743
DQG,DHUPGURI,88.994973,26.573532,,,10,4,6,0.001112470797641562
KLGR,KHALAIGRAM,89.052194,26.550420000000003,,,8,5,3,0.0008899766381132495
SXX,SALBARI,89.10552673400001,26.5460609943,,,10,4,6,0.001112470797641562
FLK,FALAKATA,89.19227488279999,26.5383964616,,,15,8,7,0.0016687061964623428
GMZ,GUMANI HAT,89.2392642694,26.4740709229,,,9,5,4,0.0010012237178774058
GUZ,GUMANI HAT,89.2398742694,26.4746809229,,,8,4,4,0.0008899766381132495
GDX,GHOKSADANGA,89.2780105872,26.4228864281,,,16,9,7,0.001779953276226499
SJRR,SAJHERPAR,89.35227413269999,26.4224452405,,,11,6,5,0.001223717877405718
PQZ,PUNDIBARI,89.393542,26.413245,,,10,3,7,0.001112470797641562
NCB,NEW COOCH BEHAR,89.469766,26.353158999999998,,,21,13,8,0.00233618867504728
NBS,NEW BANESWAR,89.5104217529,26.3950219126,,,26,12,14,0.002892424073868061
NOQ,NEW ALIPURDAUR,89.541398,26.48572,,,15,7,8,0.0016687061964623428
SMTA,SAMUKTALA ROAD,89.6346837433,26.483337452,,,20,10,10,0.002224941595283124
KAMG,KAMAKHYAGURI,89.721829,26.484168,,,19,10,9,0.0021136945155189675
JOQ,JORAI,89.8034610461,26.454875498099998,,,13,4,9,0.0014462120369340306
SRPB,SRIRAMPUR ASSAM,89.903914613,26.4269150632,,,12,8,4,0.0013349649571698743
GOGH,GOSSAIGAON HAT,89.9715891956,26.4291071597,,,12,5,7,0.0013349649571698743
CROA,CHAUTARA,90.08572902709999,26.4022417983,,,11,6,5,0.001223717877405718
PQK,PRATAP KHATA,90.11849600000001,26.386384000000003,,,7,3,4,0.0007787295583490933
FKM,FAKIRAGRAM JN,90.186189,26.365237,,,29,16,13,0.0032261653131605296
SUF,SESAPANI,90.225701,26.386181999999998,,,8,4,4,0.0008899766381132495
KOJ,KOKRAJHAR,90.274125,26.405057,,,20,8,12,0.002224941595283124
SLKX,SALAKATI,90.357339,26.44577,,,13,6,7,0.0014462120369340306
BSGN,BASUGAON,90.42014999999999,26.460164000000002,,,18,11,7,0.0020024474357548117
DTX,DANGTAL,90.46504900000001,26.465846,,,23,10,13,0.0025586828345755923
NBQY,NEW BONGAIGAON YARD,90.52148600919999,26.4721133248,,,19,10,9,0.0021136945155189675
NBQ,NEW BONGAIGAON,90.53684346440001,26.4758354405,,,24,11,13,0.0026699299143397486
BNGN,BONGAIGAON,90.560548,26.478293,,,18,10,8,0.0020024474357548117
CPQ,CHAPRAKATA,90.6120253168,26.4928550164,,,17,8,9,0.0018912003559906554
JPR,JAKPUR,87.389853,22.362509000000003,,,29,13,16,0.0032261653131605296
MPD,MADPUR,87.44326799999999,22.369694000000003,,,18,7,11,0.0020024474357548117
SMCK,SHYAM CHAK,87.500479,22.363450999999998,,,17,10,7,0.0018912003559906554
BCK,BALICHAK,87.55335416,22.35818589,,,14,7,7,0.0015574591166981867
DUAN,DUAN,87.58821800000001,22.354105,,,17,8,9,0.0018912003559906554
RDU,RADHAMOHANPUR,87.612611,22.356484,,,19,9,10,0.0021136945155189675
HAUR,HAUR,87.655069,22.365254,,,20,9,11,0.002224941595283124
KHAI,KHIRAI,87.69662799999999,22.374504,,,16,8,8,0.001779953276226499
PKU,PANSKURA,87.7430237079,22.393102763,,,23,10,13,0.0025586828345755923
PKEO,PANSKURA EAST OUTER,87.773512,22.39974,,,12,7,5,0.0013349649571698743
NPMR,NARAYAN PAKURIA,87.773985,22.399692,,,21,10,11,0.00233618867504728
BOP,BHOGPUR,87.809079,22.401522,,,22,9,13,0.002447435754811436
NDGJ,NANDAHGANJA,87.832458,22.404098,,,16,7,9,0.001779953276226499
MCA,MECHEDA,87.85883,22.414105,,,20,10,10,0.002224941595283124
KIG,KOLAGHAT GOODS,87.88087399999999,22.435188999999998,,,19,10,9,0.0021136945155189675
DTE,DEULTI,87.914003,22.452857,,,21,9,12,0.00233618867504728
GGTA,GHORAGHATA,87.94424,22.458315,,,15,6,9,0.0016687061964623428
BZN,BAGNAN,87.97071100000001,22.462515,,,22,11,11,0.002447435754811436
KGY,KULGACHIA,88.020395,22.472352,,,28,11,17,0.0031149182333963733
ERSD,ERNAKULAM D CABIN,76.306549,9.979712000000001,,,12,9,3,0.0013349649571698743
TRTR,TRIUPUNITTURA,76.352761,9.9501,,,10,5,5,0.001112470797641562
KFE,KURIKAD,76.37635,9.923276999999999,,,5,2,3,0.000556235398820781
MNTT,MULANTURUTTI,76.389673,9.901576,,,4,2,2,0.00044498831905662476
KPTM,KANJIRAMITTAM,76.410949,9.862331,,,4,2,2,0.00044498831905662476
TVC,TRIVANDRUM CENTRAL,76.95120999999999,8.486679,,,23,15,8,0.0025586828345755923
TVP,TRIVANDRUM PETTAI,76.931673,8.494524,,,10,5,5,0.001112470797641562
PVRD,PIRAVAM ROAD,76.454731,9.828669,,,4,2,2,0.00044498831905662476
VARD,VAIKAM ROAD,76.47461100000001,9.777648,,,6,3,3,0.0006674824785849371
KDTY,KADUTURUTTI HALT,76.49260000000001,9.756128,,,8,4,4,0.0008899766381132495
KRPP,KURUPPANTHARA,76.51060899999999,9.734535000000001,,,9,4,5,0.0010012237178774058
ETM,ETTUMANUR,76.545152,9.676196000000001,,,10,5,5,0.001112470797641562
KFQ,KUMARANALLUR,76.531679,9.617136,,,10,3,7,0.001112470797641562
KTYM,KOTTAYAM,76.532168,9.594177,,,8,4,4,0.0008899766381132495
CGV,CHINGAVANAM,76.525885,9.537757000000001,,,11,6,5,0.001223717877405718
CGY,CHANGANASERI,76.54841400000001,9.449881,,,13,7,6,0.0014462120369340306
TRVL,TIRUVALLA,76.580267,9.392148,,,12,3,9,0.0013349649571698743
CNGR,CHENGANNUR,76.608271,9.319504,,,10,6,4,0.001112470797641562
CYN,CHERIYANAD,76.585087,9.273119000000001,,,10,5,5,0.001112470797641562
MVLK,MAVELIKARA,76.545692,9.239487,,,8,3,5,0.0008899766381132495
KYJ,KAYANKULAM JN,76.512933,9.182586,,,12,7,5,0.0013349649571698743
OCR,OCHIRA,76.525576,9.132022999999998,,,11,4,7,0.001223717877405718
KPY,KARUNAGAPALLI,76.54402300000001,9.065268000000001,,,12,8,4,0.0013349649571698743
STKT,SASTHANKOTTA,76.59888294679999,9.0323103106,,,17,8,9,0.0018912003559906554
MQO,MUNROTURUTTU,76.6119083966,8.9949977685,,,15,9,6,0.0016687061964623428
PRND,PERINAD,76.620341,8.947916000000001,,,16,9,7,0.001779953276226499
QLN,KOLLAM JN,76.59675299999999,8.886586000000001,,,15,6,9,0.0016687061964623428
IRP,IRAVIPURAM,76.623059,8.866947999999999,,,18,9,9,0.0020024474357548117
MYY,MAYYANAD,76.64733100000001,8.837759,,,14,3,11,0.0015574591166981867
PVU,PARAVUR,76.66823799999999,8.815758,,,7,5,2,0.0007787295583490933
KFI,KAPPIL,76.67962999999999,8.779435,,,8,3,5,0.0008899766381132495
EVA,EDAVAI,76.69747699999999,8.762883,,,8,5,3,0.0008899766381132495
VAK,VARKALA,76.722872,8.740732,,,8,2,6,0.0008899766381132495
AMY,AKATHUMURI,76.758792,8.70031,,,10,7,3,0.001112470797641562
KVU,KADAKAVUR,76.766672,8.679078,,,11,5,6,0.001223717877405718
CRY,CHIRAYINKIL,76.7853703,8.658337900000001,,,11,7,4,0.001223717877405718
PGZ,PERUNGUZHI,76.808211,8.631561,,,14,7,7,0.0015574591166981867
MQU,MURUKKAMPUZHA,76.830245,8.613629999999999,,,11,4,7,0.001223717877405718
KXP,KANIYAPURAM,76.854482,8.587612,,,11,8,3,0.001223717877405718
KZK,KAZHAKUTTAM,76.872235,8.555848000000001,,,9,3,6,0.0010012237178774058
VELI,VELI,76.8829192029,8.5225364873,,,8,5,3,0.0008899766381132495
KCVL,KOCHUVELI,76.8961,8.509254,,,16,6,10,0.001779953276226499
BUW,BURHWAL,81.39016,27.087081,,,16,6,10,0.001779953276226499
CKG,CHOWKA GHAT,81.449932,27.100002,,,6,4,2,0.0006674824785849371
SPC,SITAPUR CITY,80.679695,27.583612,,,12,6,6,0.0013349649571698743
STRK,SITAPUR KUTCHERY HALT,80.6871628082,27.5646029424,,,12,6,6,0.0013349649571698743
SCC,SITAPUR CANT,80.698784,27.559468,,,21,10,11,0.00233618867504728
TKUR,TAPPA KHAJURIA,80.761641,27.579425,,,12,7,5,0.0013349649571698743
PSN,PARSENDI,80.836816,27.582038,,,7,4,3,0.0007787295583490933
RAMR,RAMAIPUR HALT,80.897107,27.545116,,,4,2,2,0.00044498831905662476
BVN,BISWAN,80.990464292,27.4894825714,,,8,4,4,0.0008899766381132495
SKLP,SHANKARPUR,81.01440500000001,27.447221,,,8,4,4,0.0008899766381132495
SYU,SARAYAN,81.042877,27.396332,,,7,4,3,0.0007787295583490933
BBPR,BABUPUR,81.070314,27.349971,,,4,2,2,0.00044498831905662476
MMB,MAHMUDABAD AVADH,81.114404,27.288294999999998,,,6,3,3,0.0006674824785849371
MGPA,MUNDA GOPAL ASHRAM,81.139283,27.255493,,,4,2,2,0.00044498831905662476
PPE,PAINTEPUR,81.157557,27.230021,,,5,2,3,0.000556235398820781
TSF,TAHSIL FATEHPUR,81.203969,27.168445000000002,,,4,2,2,0.00044498831905662476
SDAM,SUNDHIAMAU,81.28688016720001,27.121414190200003,,,6,3,3,0.0006674824785849371
BRTA,BARTARA,80.007541,27.837593,,,8,4,4,0.0008899766381132495
UCH,UNCHAULIA,80.068986,27.80926,,,8,4,4,0.0008899766381132495
LNQ,LAKHNAURIA,80.1392638623,27.782774131100002,,,8,4,4,0.0008899766381132495
JBG,JUNG BAHADURGNJ,80.172851,27.768418999999998,,,8,4,4,0.0008899766381132495
MZN,MAHMUDPUR SARAIYAN,80.20962499999999,27.754198000000002,,,8,4,4,0.0008899766381132495
JKH,JAHANIKHERA,80.2393415985,27.743837588199998,,,6,3,3,0.0006674824785849371
MINJ,MAIKALGANJ,80.3378219061,27.7175372166,,,6,3,3,0.0006674824785849371
NERI,NERI,80.393681,27.688832,,,7,4,3,0.0007787295583490933
LCN,LALPUR CHANDRA,80.451791,27.659295999999998,,,6,3,3,0.0006674824785849371
MAHO,MAHOLI,80.47707299999999,27.64872,,,9,4,5,0.0010012237178774058
UDX,URDAULI,80.514006,27.632870999999998,,,8,4,4,0.0008899766381132495
HMP,HEMPUR,80.5626491565,27.6162823291,,,8,4,4,0.0008899766381132495
KATA,KATILI,80.614094,27.616759000000002,,,8,4,4,0.0008899766381132495
BGDS,BHAGWANPUR DESU,85.846025,25.827009999999998,,,4,2,2,0.00044498831905662476
ARG,ANGAR GHAT,85.907174,25.795385,,,5,2,3,0.000556235398820781
NRN,NARHAN,85.975081,25.746997,,,6,3,3,0.0006674824785849371
ROA,RUSERA GHAT,86.035742,25.746302,,,6,3,3,0.0006674824785849371
MABB,MABBI HALT,86.0634696423,25.7492132968,,,6,3,3,0.0006674824785849371
NWC,NAYA NAGAR,86.111011,25.749917999999997,,,8,4,4,0.0008899766381132495
KGG,KHAGARIA JN,86.46525100000001,25.505891,,,15,8,7,0.0016687061964623428
MNE,MANSI JN,86.554446,25.509398,,,16,8,8,0.001779953276226499
CDBN,CHEDHABANNI HALT,86.5971965247,25.491823628699997,,,10,5,5,0.001112470797641562
BAPN,BARAIPURA HALT,86.1373006799,25.7394205815,,,6,3,3,0.0006674824785849371
HPO,HASANPUR ROAD,86.18537099999999,25.714772,,,11,5,6,0.001223717877405718
SSRH,SHASAN HALT,86.19704200000001,25.685978,,,6,3,3,0.0006674824785849371
SOPR,SONMA PRANPUR(H,86.226371,25.631435999999997,,,6,3,3,0.0006674824785849371
SLNA,SALAUNA,86.260279,25.603476,,,7,4,3,0.0007787295583490933
IMLI,IMLI,86.302557,25.555629,,,5,2,3,0.000556235398820781
PRGA,PAHARJAGANGAU,86.324828,25.531869,,,8,4,4,0.0008899766381132495
OLP,OLAPUR,86.37012200000001,25.517459,,,5,3,2,0.000556235398820781
MSK,MAHES KHUNT,86.641818,25.46082,,,16,9,7,0.001779953276226499
GAI,GOUCHHARI,86.674696,25.438433999999997,,,10,5,5,0.001112470797641562
PSR,PASRAHA,86.743883,25.403765,,,18,10,8,0.0020024474357548117
BRKD,BHARATKHAND HALT,86.806223,25.400724,,,6,3,3,0.0006674824785849371
BRKB,BHARATKHAND HALT,86.805753,25.400254,,,8,4,4,0.0008899766381132495
NNR,NARAYANPUR,86.85938800000001,25.398348,,,12,6,6,0.0013349649571698743
THB,THANA BIHPUR JN,86.934758,25.393571,,,9,4,5,0.0010012237178774058
BIGH,BAGRIGRAM HALT,86.9852379138,25.391339123,,,6,3,3,0.0006674824785849371
KHQ,KHARIK,87.014958,25.388883,,,8,4,4,0.0008899766381132495
NNA,NAUGACHIA,87.09387,25.385261,,,16,10,6,0.001779953276226499
KTRH,KATAREAH,87.19483600000001,25.400488,,,15,4,11,0.0016687061964623428
KUE,KURSELA,87.253655,25.440774,,,17,10,7,0.0018912003559906554
BKHR,BAKHRI,87.3353004456,25.4998407393,,,10,5,5,0.001112470797641562
BRZR,BARARI BAZAR,87.3553198425,25.4900643144,,,12,5,7,0.0013349649571698743
CRR,KARAGOLA ROAD,87.3778270438,25.500006821499998,,,14,7,7,0.0015574591166981867
SMO,SEMAPUR,87.47044100000001,25.524483,,,14,8,6,0.0015574591166981867
NYT,NAYATOLA,87.6025963629,25.5613904376,,,12,6,6,0.0013349649571698743
DNQ,DANDKHORA,87.6422368182,25.5724052479,,,8,4,4,0.0008899766381132495
GRR,GORPHAR,87.67179759090001,25.5854196549,,,12,7,5,0.0013349649571698743
SI,SONALLI,87.7176386707,25.604753957099998,,,16,8,8,0.001779953276226499
BHNP,BISHANPUR HALT,87.74611696720001,25.614900999,,,4,2,2,0.00044498831905662476
JAU,JHAUA,87.775042724,25.613217456300003,,,10,5,5,0.001112470797641562
MENP,MEENAPUR,87.8024827136,25.6140514163,,,9,4,5,0.0010012237178774058
SRI,SALMARI,87.8375132959,25.6156715055,,,7,4,3,0.0007787295583490933
VAY,VAYALAR,76.311408,9.741742,,,4,2,2,0.00044498831905662476
SRTL,SHERTALAI,76.325151,9.690992,,,5,3,2,0.000556235398820781
TRVZ,TIRUVIZHA,76.32628100000001,9.641848,,,6,3,3,0.0006674824785849371
MAKM,MARARIKULAM,76.31801800000001,9.597994,,,5,2,3,0.000556235398820781
KAVR,KALAVUR HALT,76.318097,9.567254,,,7,4,3,0.0007787295583490933
TMPY,TUMBOLI,76.321857,9.519169999999999,,,10,5,5,0.001112470797641562
ALLP,ALLEPPEY,76.32247600000001,9.483759,,,12,6,6,0.0013349649571698743
TPM,TOTIYAPALAYAM,77.681926,11.292723,,,12,5,7,0.0013349649571698743
KMX,KOMATIPALLI,83.34104699999999,18.381027,,,7,3,4,0.0007787295583490933
MQJ,MARADAM HALT,83.346343,18.400797,,,6,3,3,0.0006674824785849371
MOD,MORAMPUDI,80.620208194,16.3531150213,,,10,5,5,0.001112470797641562
GPI,GAJAPATINAGARAM,83.33390200000001,18.293291,,,8,3,5,0.0008899766381132495
GRBL,GARUDUBILLI,83.350493,18.214489999999998,,,7,4,3,0.0007787295583490933
GTLM,GOTLAM,83.39573399999999,18.111319,,,6,4,2,0.0006674824785849371
LDX,LADDA,83.412196,19.102692,,,4,2,2,0.00044498831905662476
JMPT,JIMIDIPETA,83.42234400000001,19.044582000000002,,,4,2,2,0.00044498831905662476
AOR,ARGORA,85.314358,23.347039,,,8,4,4,0.0008899766381132495
KNRT,KUNERU,83.440724,18.966946,,,7,3,4,0.0007787295583490933
GMDA,GUMADA,83.457557,18.889176000000003,,,9,5,4,0.0010012237178774058
PVPT,PARVATIPURAM TN,83.433701,18.783875,,,7,3,4,0.0007787295583490933
PVP,PARVATIPURAM,83.42696600000001,18.770670000000003,,,6,3,3,0.0006674824785849371
NSX,NARSIPURAM HALT,83.406282,18.737614999999998,,,6,3,3,0.0006674824785849371
SNM,SITANAGARAM,83.375524,18.672547,,,6,3,3,0.0006674824785849371
VBL,BOBBILI,83.34572200000001,18.576763999999997,,,5,3,2,0.000556235398820781
DNV,DONKINAVALASA,83.350942,18.468756,,,4,2,2,0.00044498831905662476
BLH,BELGHARIA,88.389455,22.661900000000003,,,4,2,2,0.00044498831905662476
AGP,AGARPARA,88.384761,22.682505000000003,,,4,2,2,0.00044498831905662476
SEP,SODPUR,88.382193,22.698850999999998,,,4,2,2,0.00044498831905662476
KDH,KHARDAHA,88.37715700000001,22.725065,,,4,2,2,0.00044498831905662476
TGH,TITAGARH,88.37405700000001,22.741680000000002,,,4,2,2,0.00044498831905662476
BP,BARRACKPORE,88.371428,22.7610653,,,4,2,2,0.00044498831905662476
PTF,PALTA,88.369524,22.782449,,,4,2,2,0.00044498831905662476
IP,ICHHAPUR,88.37342,22.799819,,,4,2,2,0.00044498831905662476
SNR,SHYAMNAGAR,88.380423,22.828781,,,4,2,2,0.00044498831905662476
JGDL,JAGADAL,88.39459599999999,22.850814,,,4,2,2,0.00044498831905662476
KNR,KANKINARA,88.40450100000001,22.86517,,,4,2,2,0.00044498831905662476
NH,NAIHATI JN,88.4185,22.888555,,,8,4,4,0.0008899766381132495
GFAE,GARIFA,88.409935,22.908445,,,6,3,3,0.0006674824785849371
HYG,HOOGHLY GHAT,88.3319472,22.5572086,,,6,3,3,0.0006674824785849371
DNH,DEONAGAR,86.16169,23.758691,,,4,2,2,0.00044498831905662476
DDGA,DUGDA,86.16192797000001,23.75873842,,,6,3,3,0.0006674824785849371
LOT,LOHRA,82.93066368230001,25.3156017921,,,15,8,7,0.0016687061964623428
CHH,CHAUKHANDI,82.83483412599999,25.3398947588,,,6,3,3,0.0006674824785849371
SWPR,SEWAPURI,82.76954900000001,25.35077,,,5,2,3,0.000556235398820781
KEH,KAPSETI,82.717694,25.357848,,,5,2,3,0.000556235398820781
PRF,PARSIPUR,82.63716199999999,25.37052,,,4,2,2,0.00044498831905662476
BOY,BHADOHI,82.5583597,25.3952636,,,4,2,2,0.00044498831905662476
MOF,MONDH,82.48463699999999,25.427572,,,5,2,3,0.000556235398820781
SAW,SURIAWAN,82.423665,25.461039999999997,,,6,3,3,0.0006674824785849371
SQN,SARAI KANSRAI,82.34519800000001,25.516633,,,5,3,2,0.000556235398820781
JNH,JANGHAI JN,82.310962,25.549911,,,9,4,5,0.0010012237178774058
CPB,KANPUR BRIDGE LEFT BANK,80.379316,26.477460999999998,,,11,6,5,0.001223717877405718
MGW,MAGARWARA,80.428892,26.523705,,,11,5,6,0.001223717877405718
ON,UNNAO JN,80.486199,26.548354,,,14,6,8,0.0015574591166981867
SIC,SONIK,80.559833,26.586191,,,7,3,4,0.0007787295583490933
AJ,AJGAIN,80.62098800000001,26.61721,,,8,5,3,0.0008899766381132495
KVX,KUSUMBHI,80.6542605011,26.639853447100002,,,6,3,3,0.0006674824785849371
JTU,JAITIPUR,80.68894609920001,26.6635672889,,,7,3,4,0.0007787295583490933
HRN,HARAUNI,80.74800300000001,26.70651,,,10,5,5,0.001112470797641562
AMV,LUCKNOW ALAMBAGH,80.87313999999999,26.794514000000003,,,4,2,2,0.00044498831905662476
POF,PIPARSAND,80.798664,26.743403999999998,,,8,4,4,0.0008899766381132495
AMS,AMAUSI,80.841544,26.77443,,,8,6,2,0.0008899766381132495
MKG,MANAK NAGAR,80.890615,26.810176,,,8,2,6,0.0008899766381132495
MLJ,MOHANLALGANJ,80.984093,26.687033,,,4,2,2,0.00044498831905662476
KKAH,KANKAHA,81.007582,26.618868,,,4,2,2,0.00044498831905662476
NHN,NIGOHAN,81.045358,26.567225,,,5,2,3,0.000556235398820781
SAGR,SHRIRAJNAGAR,81.077837,26.522626,,,7,3,4,0.0007787295583490933
BCN,BACHHRAWAN,81.10545649999999,26.4773211,,,7,4,3,0.0007787295583490933
KVG,KUNEANGANJ,81.13642,26.395661,,,5,2,3,0.000556235398820781
HCP,HARCHANDPUR,81.160841,26.34316,,,5,2,3,0.000556235398820781
GANG,GANGAGANJ,81.201419,26.291456,,,5,3,2,0.000556235398820781
RBL,RAE BARELI JN,81.23932,26.232684,,,6,3,3,0.0006674824785849371
RUM,RUPAMAU,81.325346,26.230209,,,4,2,2,0.00044498831905662476
FTG,FURSATGANJ,81.41565100000001,26.244522,,,4,2,2,0.00044498831905662476
JAIS,JAIS,81.51914,26.262162,,,5,3,2,0.000556235398820781
KCJ,KASIMPUR,81.539941,26.257189,,,6,3,3,0.0006674824785849371
BANI,BANI,81.620936,26.227487999999997,,,6,2,4,0.0006674824785849371
GNG,GAURIGANJ,81.68672600000001,26.20341,,,5,3,2,0.000556235398820781
TLKH,TALAKHAJURI,81.7361317209,26.1769257746,,,4,2,2,0.00044498831905662476
AME,AMETHI,81.806276,26.153024000000002,,,5,3,2,0.000556235398820781
MFL,MISRAULI,81.84839619259999,26.114370421700002,,,5,2,3,0.000556235398820781
SHJP,SAHAJIPUR HALT,81.864192,26.096303,,,5,3,2,0.000556235398820781
ANTU,ANTU,81.8977879919,26.055162063100003,,,6,3,3,0.0006674824785849371
JGJ,JAGESHARGANJ,81.92886622500001,26.0276401405,,,6,4,2,0.0006674824785849371
CIL,CHILBILA JN,82.004241,25.947331,,,7,3,4,0.0007787295583490933
PBH,PARTAPGARH JN,82.00177799999999,25.913308,,,7,3,4,0.0007787295583490933
PHV,PIRTHIGANJ,82.012834469,25.855539958599998,,,6,4,2,0.0006674824785849371
DND,DANDUPUR,82.040632,25.801595,,,5,2,3,0.000556235398820781
GRX,GAURA,82.091774,25.749367000000003,,,4,2,2,0.00044498831905662476
SWS,SUWANSA,82.14656199999999,25.698842000000003,,,4,2,2,0.00044498831905662476
BSE,BADSHAHPUR,82.190552,25.652268,,,4,2,2,0.00044498831905662476
NBP,NIBHAPUR,82.24969700000001,25.600347,,,4,2,2,0.00044498831905662476
MACR,MANGULI CHOWDWAR,85.943313,20.529594,,,10,5,5,0.001112470797641562
GDBR,GOONDA BIHAR,86.08116700000001,23.067871,,,6,3,3,0.0006674824785849371
JHMR,JHIMRI,86.0297573352,23.082344321900003,,,5,3,2,0.000556235398820781
HNSL,HASLANG P.H.,86.0119228906,23.091614317500003,,,6,3,3,0.0006674824785849371
LTMD,LATEMDA,85.98911700000001,23.098392,,,9,4,5,0.0010012237178774058
BKKI,BAKARKUDI,85.970936,23.095049,,,4,2,2,0.00044498831905662476
TUL,TIRALDIH,85.930834,23.132246,,,7,4,3,0.0007787295583490933
SSIA,SUISA,85.909013,23.196775,,,5,2,3,0.000556235398820781
TRAN,TORANG,85.858638,23.26814,,,7,3,4,0.0007787295583490933
ILO,ILLOO,85.8587351117,23.291632860900002,,,11,6,5,0.001223717877405718
ANVT,ANAND VIHAR TRM,77.31521255,28.650503565399998,,,10,4,6,0.001112470797641562
WIR,WAIR,77.699434,28.347316,,,4,2,2,0.00044498831905662476
WSC,SHIVARAMPUR,78.2071583875,27.244947755000002,,,9,4,5,0.0010012237178774058
GMH,GAMHARIA,86.102793,22.796889,,,11,5,6,0.001223717877405718
TELO,TELO,86.13389199999999,23.811038,,,6,2,4,0.0006674824785849371
ADTP,ADITYAPUR,86.158954,22.782212,,,11,5,6,0.001223717877405718
TATA,TATANAGAR JN,86.20056000000001,22.768954,,,17,6,11,0.0018912003559906554
SLJR,SALGA JHARI,86.228747,22.75832,,,10,6,4,0.001112470797641562
ASB,ASANBONI,86.313908,22.712394,,,14,8,6,0.0015574591166981867
RHE,RAKHA MINES,86.354133,22.674292,,,12,5,7,0.0013349649571698743
GUD,GALUDIH,86.410494,22.648871999999997,,,9,3,6,0.0010012237178774058
GTS,GHATSILA,86.479768,22.58616,,,8,6,2,0.0008899766381132495
DVM,DALBHUMGARH,86.551921,22.506293,,,6,3,3,0.0006674824785849371
KKPR,KOKPARA,86.642797,22.474065,,,9,6,3,0.0010012237178774058
CKU,CHAKULIA,86.721161,22.478149,,,12,4,8,0.0013349649571698743
KNM,KANIMAHULI,86.77839399999999,22.482202,,,8,4,4,0.0008899766381132495
GII,GIDNI,86.853201,22.488471999999998,,,10,5,5,0.001112470797641562
KATB,KHATKURA,86.93022400000001,22.477455,,,14,6,8,0.0015574591166981867
BIRP,BIRARAJPUR,86.06450201000001,22.8235001,,,8,4,4,0.0008899766381132495
KND,KANDRA,86.047863,22.852966,,,8,4,4,0.0008899766381132495
BBDA,BARBENDA (RNC DIVISION),86.110242,23.420983,,,2,1,1,0.00022249415952831238
KZU,KUNKI,86.067757,22.875933,,,8,3,5,0.0008899766381132495
GUG,GARH JAIPUR,86.142459,23.416141999999997,,,5,3,2,0.000556235398820781
MIK,MANIKUL,86.066359,22.919528,,,10,7,3,0.001112470797641562
CAS,CHAS ROAD,86.225425,23.415513,,,4,2,2,0.00044498831905662476
CNI,CHANDIL JN,86.07210900000001,22.956014,,,11,4,7,0.001223717877405718
GTD,GOURINATHDHAM,86.275105,23.396293999999997,,,4,2,2,0.00044498831905662476
NIM,NIMDIH,86.142118,22.993643,,,5,3,2,0.000556235398820781
BRMD,BIRAMDIH,86.19920954,23.04578437,,,5,2,3,0.000556235398820781
BBM,BARABHUM,86.2112372,23.0912864,,,6,3,3,0.0006674824785849371
URMA,URMA,86.253775,23.157777,,,5,2,3,0.000556235398820781
KTD,KANTADIH,86.29629,23.21838,,,4,2,2,0.00044498831905662476
TAO,TAMNA,86.352313,23.268988,,,5,2,3,0.000556235398820781
PRR,PURULIA JN,86.37787,23.324911,,,9,5,4,0.0010012237178774058
JGM,JHARGRAM,86.9985316705,22.4549644863,,,12,7,5,0.0013349649571698743
BNB,BANSTOLA,87.062669671,22.420974052600002,,,9,5,4,0.0010012237178774058
SUA,SARDIHA,87.12364500000001,22.380612,,,10,5,5,0.001112470797641562
KSO,KHEMASULI,87.18486299999999,22.337768,,,11,6,5,0.001223717877405718
KKQ,KALAIKUNDA,87.24399951,22.32945442,,,15,8,7,0.0016687061964623428
NMP,NIMPURA,87.26468600000001,22.332403,,,15,7,8,0.0016687061964623428
KIS,KAPILAS ROAD,85.993925,20.558554,,,13,5,8,0.0014462120369340306
SJDR,SRI JHADESHWAR,86.0192559912,20.5965342443,,,16,9,7,0.001779953276226499
BYY,BYREE,86.034947,20.628257,,,18,11,7,0.0020024474357548117
BRTG,BARITHENGARH,86.05967143000001,20.65696901,,,15,9,6,0.0016687061964623428
DNM,DHANMANDAL,86.11228,20.687806,,,12,5,7,0.0013349649571698743
HDS,HARIDASPUR,86.116431,20.725882000000002,,,13,5,8,0.0014462120369340306
NGMP,NEW GARH MADHOPUR,86.07210599999999,20.798857,,,11,7,4,0.001223717877405718
JEN,JENAPUR,86.06508,20.850842,,,13,7,6,0.0014462120369340306
BRMI,BRAHMANI PH,86.0562098645,20.862952007599997,,,19,9,10,0.0021136945155189675
JKPR,JAKHAPURA,86.06533999999999,20.917821,,,20,10,10,0.002224941595283124
JJKR,JAJPUR KEONJHAR ROAD,86.132518,20.943544,,,14,7,7,0.0015574591166981867
KRIH,KORAI HALT,86.17599399999999,20.959417000000002,,,15,7,8,0.0016687061964623428
BTV,BAITARANI ROAD,86.23539299999999,20.986995999999998,,,15,8,7,0.0016687061964623428
DLPT,DULAKHAPATNA,86.28087400000001,21.007019,,,14,7,7,0.0015574591166981867
MZZ,MANJURI ROAD,86.319698,21.012135999999998,,,11,6,5,0.001223717877405718
KED,KENDUAPADA,86.38353099999999,21.030623000000002,,,8,3,5,0.0008899766381132495
KPLD,KAPALI ROAD,86.407911,21.040967000000002,,,10,5,5,0.001112470797641562
BUDR,BAUDPUR,86.4629040051,21.063446010800003,,,14,8,6,0.0015574591166981867
BHC,BHADRAKH,86.5162305,21.091745799999998,,,14,8,6,0.0015574591166981867
RNTL,RANITAL,86.55647400000001,21.149665,,,8,3,5,0.0008899766381132495
MKO,MARKONA,86.596117,21.195555,,,8,3,5,0.0008899766381132495
SZZ,SABIRA,86.62923699999999,21.236882,,,10,5,5,0.001112470797641562
SORO,SORO,86.69253900000001,21.291083999999998,,,11,8,3,0.001223717877405718
BNBR,BAHANAGA BAZAR,86.76172839,21.33613403,,,10,5,5,0.001112470797641562
PNPN,PANPANA,86.790524,21.358714999999997,,,16,6,10,0.001779953276226499
KHF,KHANTAPARA,86.822911,21.39628,,,20,12,8,0.002224941595283124
NGRD,NILGIRI ROAD,86.855469,21.426415000000002,,,14,7,7,0.0015574591166981867
BLS,BALASORE,86.91958199999999,21.500521,,,10,4,6,0.001112470797641562
TKPL,TIKIRAPAL HALT,86.944638,21.535575,,,12,6,6,0.0013349649571698743
HIP,HALDIPADA,86.996648,21.571438999999998,,,11,3,8,0.001223717877405718
ROP,RUPSA JN,87.018507,21.621995,,,11,7,4,0.001223717877405718
LONI,LONI,74.02051399999999,18.491630999999998,,,6,4,2,0.0006674824785849371
URI,URULI,74.13682,18.494237,,,7,4,3,0.0007787295583490933
PUNE,PUNE JN,73.873086,18.529378,,,22,8,14,0.002447435754811436
GPRW,GHORPURI WEST,73.8917897095,18.531687546900002,,,17,9,8,0.0018912003559906554
HDP,HADAPSAR,73.927844,18.526887000000002,,,10,4,6,0.001112470797641562
MJBK,MANJARI BUDRUK,73.971424,18.512039,,,7,4,3,0.0007787295583490933
YT,YEVAT,74.2563176276,18.4889359723,,,6,3,3,0.0006674824785849371
KTT,KHUTBAV,74.3154633105,18.4861041325,,,6,3,3,0.0006674824785849371
KDG,KEDGAON,74.3763730994,18.482085398400002,,,9,4,5,0.0010012237178774058
KDTN,KADETHAN,74.42173336430001,18.4778037603,,,9,5,4,0.0010012237178774058
PAA,PATAS,74.4696527191,18.4732663908,,,9,4,5,0.0010012237178774058
DDAP,DAUND PATAS ROAD,74.520934,18.468688,,,9,5,4,0.0010012237178774058
DD,DAUND JN,74.578622,18.463547,,,15,6,9,0.0016687061964623428
DDAM,DAUND A MMR,74.5689755029,18.464752713200003,,,11,6,5,0.001223717877405718
DDJA,DAUND GOODS YARD,74.5607624341,18.4659368312,,,8,4,4,0.0008899766381132495
KSTH,KASHTI,74.5994004132,18.5252942346,,,6,3,3,0.0006674824785849371
SGND,SHRIGONDA ROAD,74.641466,18.598243,,,6,4,2,0.0006674824785849371
BWD,BELVANDI,74.621981,18.710718,,,4,2,2,0.00044498831905662476
VPR,VISAPUR,74.598861,18.82295,,,4,2,2,0.00044498831905662476
RNJD,RANJANGAON RD,74.60070300000001,18.870972,,,7,3,4,0.0007787295583490933
SRL,SAROLA,74.64829499999999,18.947656000000002,,,8,5,3,0.0008899766381132495
AKR,AKOLNER,74.66906999999999,18.985409,,,7,3,4,0.0007787295583490933
ANG,AHMADNAGAR,74.721882467,19.075519477700002,,,7,3,4,0.0007787295583490933
NNB,NIMBLAK,74.68854097469999,19.1183528756,,,9,5,4,0.0010012237178774058
VL,VILAD,74.675069,19.198579,,,5,3,2,0.000556235398820781
VBR,VAMBORI,74.684974,19.298579999999998,,,5,2,3,0.000556235398820781
RRI,RAHURI,74.677702,19.411550000000002,,,5,2,3,0.000556235398820781
TKMY,TAKLIMIYA,74.679765,19.453844,,,5,2,3,0.000556235398820781
PDGN,PADHEGAON,74.69233,19.536709000000002,,,7,4,3,0.0007787295583490933
NPW,NIPANI VADGAON,74.70471599999999,19.587951,,,6,3,3,0.0006674824785849371
BAP,BELAPUR,74.6617443079,19.619569311800003,,,5,2,3,0.000556235398820781
CIT,CHITALI,74.6239138208,19.6913918118,,,5,2,3,0.000556235398820781
PB,PUNTAMBA,74.621959715,19.762025526800002,,,7,4,3,0.0007787295583490933
KNGN,KANHEGAON,74.57128710079999,19.8172996303,,,5,2,3,0.000556235398820781
SNVR,SANVATSAR,74.56058409549999,19.8832775017,,,4,2,2,0.00044498831905662476
KPG,KOPARGAON,74.503328,19.902943,,,6,2,4,0.0006674824785849371
YL,YEOLA,74.503246,20.043188999999998,,,10,4,6,0.001112470797641562
ANK,ANKAI,74.4697560736,20.1510279143,,,13,6,7,0.0014462120369340306
AAK,ANKAI KILA,74.4368553961,20.183180430100002,,,16,7,9,0.001779953276226499
SS,SHIRSOLI,75.507613,20.932994,,,9,5,4,0.0010012237178774058
MWD,MHASAVAD,75.4584622504,20.870401921,,,12,5,7,0.0013349649571698743
MYJ,MAHEJI,75.424619975,20.7689244313,,,17,14,3,0.0018912003559906554
RCGT,RICHUGHUTU,84.58081,23.659779,,,4,2,2,0.00044498831905662476
DEMU,DEMU,84.52562,23.69708,,,5,2,3,0.000556235398820781
LTHR,LATEHAR,84.46812,23.725092,,,6,3,3,0.0006674824785849371
BFQ,BENDI,84.416974,23.763612000000002,,,5,3,2,0.000556235398820781
KMND,KUMENDI,84.352452,23.766868000000002,,,5,3,2,0.000556235398820781
HHG,HEHEGARA HALT (E),84.258524,23.790124,,,6,3,3,0.0006674824785849371
CPDR,CHHIPADOHAR,84.2023836389,23.8133333478,,,6,2,4,0.0006674824785849371
BRWD,BARWADIH JN,84.11877999999999,23.843836,,,6,4,2,0.0006674824785849371
MAZ,MANGRA,84.111898,23.881768,,,6,3,3,0.0006674824785849371
KCKI,KECKHI,84.146829,23.928362999999997,,,5,2,3,0.000556235398820781
CNF,CHIANKI,84.11566,23.973902,,,4,2,2,0.00044498831905662476
DTO,DALTONGANJ,84.07484299999999,24.033075,,,5,2,3,0.000556235398820781
KFT,KAJRI,84.0725284845,24.1067922143,,,5,3,2,0.000556235398820781
RHR,RAJHURA,84.01554999999999,24.154400000000003,,,6,3,3,0.0006674824785849371
LBT,LALGARH BIHAR HALT,83.979632,24.161147,,,10,5,5,0.001112470797641562
TRZ,TOLRA,83.923324,24.18584,,,6,2,4,0.0006674824785849371
GHD,GARWA ROAD,83.885116,24.214419,,,8,4,4,0.0008899766381132495
BCJ,BAGAHABISHUNPUR,84.204658,24.811468,,,6,3,3,0.0006674824785849371
BSYA,BARKISALALYA,84.178495,24.773978,,,4,2,2,0.00044498831905662476
ANH,ANKORAH AKORHA,84.169539,24.761166999999997,,,5,3,2,0.000556235398820781
NBG,NABENAGAR ROAD,84.094044,24.653944,,,4,2,2,0.00044498831905662476
KYF,KAJRAT NAWADIH,84.05014,24.591041,,,4,2,2,0.00044498831905662476
JPL,JAPLA,84.00286600000001,24.538968999999998,,,4,2,2,0.00044498831905662476
HDN,HAIDARNAGAR,83.951049,24.498081,,,4,2,2,0.00044498831905662476
KVQ,KOSIARA,83.908564,24.478657000000002,,,4,2,2,0.00044498831905662476
MDJ,MUHAMMADGANJ,83.869978,24.42644,,,4,2,2,0.00044498831905662476
SZF,SATBAHINI,83.84911,24.386582,,,4,2,2,0.00044498831905662476
URD,UNTARE ROAD,83.834497,24.34094,,,5,2,3,0.000556235398820781
KRTA,KARKATA,83.837652,24.296038000000003,,,6,3,3,0.0006674824785849371
SQS,SIGSIGI,83.853323,24.260566999999998,,,5,3,2,0.000556235398820781
RMT,RAMGARH CANT,85.520249,23.617327,,,8,4,4,0.0008899766381132495
BRKA,BARKAKANA,85.469553,23.624159,,,10,6,4,0.001112470797641562
MAEL,MAEL,85.626042,23.574668000000003,,,7,4,3,0.0007787295583490933
BHKD,BHURKUNDA,85.3721452,23.6375642,,,4,2,2,0.00044498831905662476
BRKP,BARKIPONA,85.64647599999999,23.568766,,,7,3,4,0.0007787295583490933
PTRU,PATRATU,85.30587700000001,23.667024,,,4,2,2,0.00044498831905662476
GRE,GOLA ROAD,85.697139,23.545551,,,6,3,3,0.0006674824785849371
TKS,TOKISUD,85.239282,23.678639,,,4,2,2,0.00044498831905662476
HRBR,HARUBERA,85.76022876969999,23.4999492658,,,6,3,3,0.0006674824785849371
HNDR,HENDEGIR,85.169817,23.697803,,,4,2,2,0.00044498831905662476
SND,SONDIMRA,85.782435799,23.476936582300002,,,5,3,2,0.000556235398820781
KOLE,KOLE,85.104901,23.695961,,,6,3,3,0.0006674824785849371
BLNG,BARLANGA,85.833473,23.449913,,,7,3,4,0.0007787295583490933
RAY,RAY,85.077816,23.690082,,,4,2,2,0.00044498831905662476
KLRE,KHALARI,85.001627,23.651055,,,5,3,2,0.000556235398820781
MGME,MCCLUSKIEGANJ,84.940855,23.651781,,,5,3,2,0.000556235398820781
MMLN,MAHUAMILAN,84.854527,23.662240999999998,,,6,3,3,0.0006674824785849371
TORI,TORI,84.739774,23.680808,,,7,4,3,0.0007787295583490933
CTQ,CHETAR,84.646426,23.682881000000002,,,5,3,2,0.000556235398820781
KCAB,K-CABIN BONDAMUNDA,84.91385700000001,22.233321,,,10,6,4,0.001112470797641562
ACAB,A-CABIN BONDAMUNDA,84.945577,22.23969,,,21,14,7,0.00233618867504728
LNKC,LINK C-CABIN,84.974611,22.267173000000003,,,10,5,5,0.001112470797641562
RNC,RANCHI,85.33352,23.348811,,,10,4,6,0.001112470797641562
NKM,NAMKON,85.37667200000001,23.351755,,,5,2,3,0.000556235398820781
TIS,TATISILWAI,85.435706,23.369844999999998,,,4,2,2,0.00044498831905662476
GAG,GANGAGHAT,85.5070501038,23.3613982411,,,11,6,5,0.001223717877405718
KWKC,KHERWA KOCHA,85.5948557446,23.360567527599997,,,8,6,2,0.0008899766381132495
JON,JONHA,85.6089136389,23.3589592105,,,12,6,6,0.0013349649571698743
KITA,KITA,85.76424803159999,23.364884802800002,,,12,6,6,0.0013349649571698743
SLF,SILLI,85.82812938660001,23.351563397099998,,,6,3,3,0.0006674824785849371
MURI,MURI,85.8669906885,23.376284371,,,16,8,8,0.001779953276226499
THO,TULIN,85.902125,23.378363,,,6,4,2,0.0006674824785849371
JAA,JHALIDA,85.97528199999999,23.370005,,,9,4,5,0.0010012237178774058
BKDR,BEGUN KUDAR,86.01258700000001,23.383687,,,12,6,6,0.0013349649571698743
KSX,KOTSHILA,86.079548,23.411691,,,12,5,7,0.0013349649571698743
DRGU,DAMRU GHUTU,86.08981,23.451359999999998,,,6,3,3,0.0006674824785849371
PNW,PUNDHAG,86.08957600000001,23.508909,,,6,2,4,0.0006674824785849371
RDF,RADHAGAON,86.08906499999999,23.59787,,,7,4,3,0.0007787295583490933
BKCA,BOKARO STEEL CITY A CABIN,86.08772599999999,23.649514,,,6,3,3,0.0006674824785849371
BKSC,BOKARO STEEL CITY,86.08501600000001,23.656551,,,9,4,5,0.0010012237178774058
BKSN,BKSC NORTH CABIN,86.078541,23.671356,,,12,6,6,0.0013349649571698743
TKB,TUPKADIH,86.0638904572,23.7136175901,,,8,4,4,0.0008899766381132495
RJB,RAJABERA,86.080936,23.751105,,,6,3,3,0.0006674824785849371
CRP,CHANDRAPURA,86.119775,23.755676,,,13,6,7,0.0014462120369340306
JNNA,JAMUNIATANR HALT,86.1921944211,23.754897530999997,,,8,4,4,0.0008899766381132495
JMX,JAMUNI,86.193727,23.762742,,,4,2,2,0.00044498831905662476
PLJE,PHULWARTANR,86.226577,23.77515,,,8,4,4,0.0008899766381132495
BDQ,BUDORA,86.23544766479999,23.7785572386,,,4,2,2,0.00044498831905662476
TNO,TUNDU,86.252293,23.788733,,,4,2,2,0.00044498831905662476
SZE,SONARDIH,86.265063,23.7915,,,4,2,2,0.00044498831905662476
TNJE,TENTULLA,86.277173,23.790335,,,4,2,2,0.00044498831905662476
KTH,KATRASGARH,86.302399,23.795757000000002,,,4,2,2,0.00044498831905662476
ANJE,ANGARPATHRA HALT,86.319368,23.793062,,,8,5,3,0.0008899766381132495
SJA,SIJUA,86.3297280994,23.7901556866,,,4,2,2,0.00044498831905662476
BZS,BANSJORA,86.354545,23.789931,,,4,2,2,0.00044498831905662476
BZE,BASERIA,86.381653,23.786754,,,4,2,2,0.00044498831905662476
KDS,KASUNDA JN,86.39589356020001,23.7899886114,,,4,2,2,0.00044498831905662476
BWPB,BHAWANIPUR BIHAR,87.8677507141,25.5946164603,,,7,4,3,0.0007787295583490933
MFA,MAKURIA,87.88715343380001,25.6292447936,,,12,6,6,0.0013349649571698743
BOE,BARSOI JN,87.9229421,25.651242200000002,,,20,12,8,0.002224941595283124
HDB,HALDIBARI,88.78193599999999,26.334952,,,3,1,2,0.0003337412392924686
KSBI,KASHIABARI,88.76856599999999,26.384653999999998,,,3,2,1,0.0003337412392924686
MDG,MANDAL GHAT,88.754758,26.430757,,,4,2,2,0.00044498831905662476
KDX,KADABARI HAT,88.73098599999999,26.476201,,,4,2,2,0.00044498831905662476
JPG,JALPAIGURI,88.723026,26.51816,,,4,2,2,0.00044498831905662476
MOP,MOHITNAGAR,88.669651,26.53055,,,4,2,2,0.00044498831905662476
BAHN,BABHABGAON HALT,87.8098941528,25.4483399037,,,14,7,7,0.0015574591166981867
KWE,KHURIAL,87.82685530639999,25.4911139274,,,13,6,7,0.0014462120369340306
KMPH,KAMALPUR HALT,87.8374616345,25.5183120087,,,6,3,3,0.0006674824785849371
AZR,AZAMNAGAR ROAD,87.8523278357,25.555555642399998,,,8,5,3,0.0008899766381132495
SJGM,SANJAY GRAM,87.890377,25.706241000000002,,,12,6,6,0.0013349649571698743
SUD,SUDHANI,87.87948867189999,25.727853611399997,,,19,8,11,0.0021136945155189675
AHL,AJHARAIL,87.848322,25.781637999999997,,,18,10,8,0.0020024474357548117
TETA,TELTA,87.84221,25.806579,,,11,5,6,0.001223717877405718
DLK,DALKOLHA,87.83887700000001,25.873416,,,20,14,6,0.002224941595283124
SJKL,SURJA KAMAL,87.849258,25.935932,,,17,7,10,0.0018912003559906554
KKA,KANKI,87.864524,26.003232999999998,,,8,3,5,0.0008899766381132495
HWR,HATWAR,87.89303199999999,26.044989,,,11,6,5,0.001223717877405718
THED,TAUHEED,87.9308854236,26.0849205699,,,13,7,6,0.0014462120369340306
KNE,KISHANGANJ,87.949657,26.097746,,,14,6,8,0.0015574591166981867
PJP,PANJIPARA,88.0180577417,26.140165652700002,,,12,6,6,0.0013349649571698743
GIL,GAISAL,88.0895072131,26.1848261159,,,12,7,5,0.0013349649571698743
GEOR,GUNJARIA,88.132222,26.218465000000002,,,10,4,6,0.001112470797641562
AUB,ALUABARI ROAD,88.18561000000001,26.269681,,,9,3,6,0.0010012237178774058
DBQ,DHULABARI,88.231234,26.361571,,,6,4,2,0.0006674824785849371
MXJ,MANGURJAN,88.256909,26.412488,,,6,2,4,0.0006674824785849371
TMH,TIN MILE HAT,88.279995,26.436601,,,8,4,4,0.0008899766381132495
DMZ,DUMDANGI,88.296508,26.47724,,,13,6,7,0.0014462120369340306
CAT,CHATTAR HAT,88.323376,26.548827,,,13,4,9,0.0014462120369340306
NJB,NIJBARI,88.337505,26.587597,,,11,8,3,0.001223717877405718
RNI,RANGAPANI,88.37438599999999,26.664263000000002,,,8,2,6,0.0008899766381132495
NJP,NEW JALPAIGURI,88.443391,26.683025,,,19,10,9,0.0021136945155189675
ABFC,AMBARI FALAKATA,88.510593,26.641553000000002,,,14,8,6,0.0015574591166981867
BLK,BELAKOBA,88.583312,26.591441,,,9,2,7,0.0010012237178774058
RQJ,RANINAGAR JALPAIGIRI,88.64829300000001,26.544663,,,8,4,4,0.0008899766381132495
SMI,SITAMARHI JN,85.504707,26.594374000000002,,,8,5,3,0.0008899766381132495
BHSA,BHISA HALT,85.533501,26.576528999999997,,,4,2,2,0.00044498831905662476
PSZ,PARSAUNI,85.574611,26.55631,,,4,2,2,0.00044498831905662476
BJT,BAJPATTI,85.62061299999999,26.546976,,,4,2,2,0.00044498831905662476
AWPR,AWAPUR,85.652916,26.508916000000003,,,6,3,3,0.0006674824785849371
BCPR,BACHHARPUR HALT,85.66252866580001,26.4946286292,,,4,2,2,0.00044498831905662476
JNR,JANAKPUR ROAD,85.70085599999999,26.467914,,,6,3,3,0.0006674824785849371
CNX,CHANDAUNA HALT,85.72316500000001,26.440884,,,4,2,2,0.00044498831905662476
JGA,JOGIARA,85.74673274050001,26.407114392700002,,,4,2,2,0.00044498831905662476
DBLI,DEBRABANDHAULI HALT,85.76995,26.384826,,,4,2,2,0.00044498831905662476
MRTA,MURAITHA,85.786612,26.369764999999997,,,4,2,2,0.00044498831905662476
KML,KAMTAUL,85.808624,26.337348000000002,,,4,2,2,0.00044498831905662476
TQR,TEKTAR,85.846291,26.275833,,,4,2,2,0.00044498831905662476
MHP,MUHAMMADPUR,85.852798,26.236878,,,6,3,3,0.0006674824785849371
SHEO,SHISHO,85.863867,26.206032,,,4,2,2,0.00044498831905662476
MFP,MUZAFFARPUR JN,85.378006,26.122311,,,22,10,12,0.002447435754811436
NRPA,NARAYANPUR ANANT,85.409122,26.089052,,,8,4,4,0.0008899766381132495
SLT,SILAUT,85.44337800000001,26.048926,,,5,2,3,0.000556235398820781
SIHO,SIHO,85.50594000000001,26.00841,,,6,3,3,0.0006674824785849371
DOL,DHOLI,85.562495,25.976952,,,6,3,3,0.0006674824785849371
DUBH,DUBAHA,85.617108,25.948784999999997,,,7,3,4,0.0007787295583490933
VBH,VISHNUPUR BATHUA HALT,85.64428754389999,25.931020256700002,,,18,10,8,0.0020024474357548117
KRBP,KHUDIRAM B PUSA,85.672677,25.906434,,,7,4,3,0.0007787295583490933
KPGM,KARPURIGRAM,85.72417800000001,25.869802,,,8,5,3,0.0008899766381132495
KUQ,KURETHA,87.64432343200001,25.4955599448,,,4,2,2,0.00044498831905662476
SAJH,SAHJA HALT,87.67395400000001,25.478182,,,4,2,2,0.00044498831905662476
PQD,PRANPUR ROAD,87.70486823670001,25.4623621243,,,10,5,5,0.001112470797641562
LAV,LABHA,87.74514032169999,25.439646755400002,,,13,7,6,0.0014462120369340306
DVJ,DILLI DEWAN GANJ,87.778612,25.432721,,,7,2,5,0.0007787295583490933
MBC,MAHANANDA BGE,88.0833990649,25.1883357022,,,8,3,5,0.0008899766381132495
KMRJ,KUMARGANJ,88.065592,25.218816,,,12,8,4,0.0013349649571698743
SRPU,SRIPUR HALT,88.0440169482,25.2570761576,,,12,5,7,0.0013349649571698743
SM,SAMSI,88.00975700000001,25.276197,,,6,3,3,0.0006674824785849371
MFZ,MALAHAR,87.95782,25.303708999999998,,,9,5,4,0.0010012237178774058
BKRD,BHALUKA ROAD F,87.9121276,25.3425716,,,10,3,7,0.001112470797641562
MQG,MILANGARH,87.8962231482,25.368746039300003,,,8,4,4,0.0008899766381132495
HCR,HARISCHANDRPUR,87.867051,25.403999000000002,,,6,3,3,0.0006674824785849371
KDPR,KUMEDPUR,87.80435766599999,25.4334484028,,,10,5,5,0.001112470797641562
KIR,KATIHAR JN,87.566409,25.548947,,,26,13,13,0.002892424073868061
MIYN,MANIYAN,87.6069420667,25.5232741031,,,6,3,3,0.0006674824785849371
KIRB,KATIHAR CBO MB,87.578873,25.552735,,,14,7,7,0.0015574591166981867
DLF,DALAN,87.560853,25.6118,,,4,2,2,0.00044498831905662476
RWA,RAUTARA,87.523472,25.674635000000002,,,4,2,2,0.00044498831905662476
RNX,RANIPATRA,87.514183,25.735576,,,4,2,2,0.00044498831905662476
PRNA,PURNIA JN,87.519124,25.790678,,,6,3,3,0.0006674824785849371
KUB,KASBA,87.529476,25.860675,,,4,2,2,0.00044498831905662476
GBN,GARH BANAILI,87.535041,25.915091,,,4,2,2,0.00044498831905662476
JAG,JALARGARH,87.529496,25.953959,,,4,2,2,0.00044498831905662476
SATR,SATR HALT,87.508427,26.001172999999998,,,4,2,2,0.00044498831905662476
KSY,KUSIARGAON,87.47981800000001,26.057858000000003,,,4,2,2,0.00044498831905662476
ARQ,ARARIYA COURT,87.446912,26.114921000000002,,,4,2,2,0.00044498831905662476
ARR,ARARIYA,87.41199809689999,26.137118266799998,,,6,3,3,0.0006674824785849371
HOD,HALDITA BIHAR,87.35900971560001,26.165935176599998,,,6,3,3,0.0006674824785849371
SMH,SIMRAHA,87.32135753540001,26.1944356285,,,11,6,5,0.001223717877405718
GPE,GOGIPOTHIA HALT,87.284335,26.250043,,,6,3,3,0.0006674824785849371
DLZ,DHOLBAJA,87.27139700000001,26.2748,,,4,2,2,0.00044498831905662476
FBG,FORBESGANJ,87.262803,26.298901,,,8,4,4,0.0008899766381132495
BTF,BATHNAHA,87.237767,26.341854,,,4,2,2,0.00044498831905662476
JBN,JOGBANI,87.263262,26.402263,,,3,1,2,0.0003337412392924686
BZL,BELANAGAR,88.318224,22.661604999999998,,,13,8,5,0.0014462120369340306
BLGT,BALURGHAT,88.757636,25.232648,,,3,1,2,0.0003337412392924686
MKRH,MALLICKPUR HAT,88.676426,25.325703,,,4,2,2,0.00044498831905662476
RMPB,RAMPUR BAZAR,88.60611,25.358763,,,4,2,2,0.00044498831905662476
MLNH,MALANCHA,88.586067,25.368716000000003,,,4,2,2,0.00044498831905662476
GRMP,GANGARAMPUR,88.516447,25.390399,,,4,2,2,0.00044498831905662476
BNDP,BUNIADPUR,88.402088,25.386267,,,4,2,2,0.00044498831905662476
DLPH,DAULATPUR HAT,88.33278722,25.32611273,,,4,2,2,0.00044498831905662476
DOTL,DEOTALA,88.294214,25.274328999999998,,,4,2,2,0.00044498831905662476
MANG,MAHANAGAR,88.251102,25.247077,,,4,2,2,0.00044498831905662476
GZO,GAZOLE,88.19888499999999,25.224984,,,4,2,2,0.00044498831905662476
BDAG,BONIDANGA,87.81052581,24.82345158,,,12,6,6,0.0013349649571698743
BDBS,BINDUBASINI HAL,87.859263,24.792848,,,11,5,6,0.001223717877405718
TDLE,TILDANGA,87.873801,24.786749,,,9,5,4,0.0010012237178774058
NFKB,NEW FARAKKA-B-CABIN,87.91579300000001,24.782115,,,15,7,8,0.0016687061964623428
NFK,NEW FARAKKA JN,87.915236,24.794558,,,8,4,4,0.0008899766381132495
CMX,CHAMAGRAM,87.96334499999999,24.821334,,,6,4,2,0.0006674824785849371
KTJ,KHALTIPUR,88.021646,24.875742000000002,,,9,3,6,0.0010012237178774058
JMQ,JAMIRGHATA,88.06775999999999,24.916623,,,11,6,5,0.001223717877405718
GZM,GOUR MALDA,88.11078197,24.947944439999997,,,8,4,4,0.0008899766381132495
MLDT,MALDA TOWN,88.130338,25.015659,,,6,4,2,0.0006674824785849371
OMLF,OLD MALDA,88.143718,25.053174000000002,,,7,4,3,0.0007787295583490933
ADF,ADINA,88.12318,25.114396999999997,,,6,3,3,0.0006674824785849371
EKI,EKLAKHI,88.099492,25.167868000000002,,,8,4,4,0.0008899766381132495
JDA,JASODA,79.820294,27.08393,,,4,2,2,0.00044498831905662476
KHDP,KHUDLAPUR,79.78027300000001,27.098961,,,4,2,2,0.00044498831905662476
GHJ,GURSAHAIGANJ,79.732035,27.118804,,,4,2,2,0.00044498831905662476
MLKP,MALIKPUR,79.690181,27.161781,,,5,3,2,0.000556235398820781
KDJ,KHUDAGANJ,79.666264,27.184464000000002,,,5,2,3,0.000556235398820781
SGRP,SINGHIRAMPUR,79.62941099999999,27.262707,,,4,2,2,0.00044498831905662476
KLJ,KAMALGANJ,79.620832,27.292663,,,4,2,2,0.00044498831905662476
YAG,YAQUTGANJ,79.618493,27.32595,,,4,2,2,0.00044498831905662476
FGR,FATEHGARH,79.62159,27.369608,,,4,2,2,0.00044498831905662476
FBD,FARRUKHABAD,79.57173700000001,27.38236,,,9,4,5,0.0010012237178774058
HSY,HARSINGPUR GOBA,79.49825360349999,27.4300235579,,,5,3,2,0.000556235398820781
SHX,SHUKHARULLAPUR,79.471943,27.44826,,,5,2,3,0.000556235398820781
SSD,SHAMSABAD,79.438167,27.469911999999997,,,5,3,2,0.000556235398820781
BHTS,BHATASA,79.38388843,27.50375661,,,4,2,2,0.00044498831905662476
KMJ,KAIMGANJ,79.3272155493,27.5409770085,,,4,2,2,0.00044498831905662476
KXF,KAMPIL ROAD,79.265007,27.567619,,,4,2,2,0.00044498831905662476
RDN,RUDAIN,79.186618,27.579928,,,4,2,2,0.00044498831905662476
BAPR,BALLUPUR,79.1451478125,27.5865985855,,,4,2,2,0.00044498831905662476
DRO,DARYAOGONJ,79.0824955792,27.5980988686,,,4,2,2,0.00044498831905662476
NHX,NARTHAR,79.02313742000001,27.6329307124,,,4,2,2,0.00044498831905662476
PTI,PATIALI,78.9841732028,27.6843201328,,,4,2,2,0.00044498831905662476
GWA,GANJ DUNDWARA,78.939319176,27.7264028171,,,6,3,3,0.0006674824785849371
GRAK,GARKHA,78.8842900433,27.748517604099998,,,6,3,3,0.0006674824785849371
SWRT,SAHAWAR TOWN,78.831344,27.794835,,,6,3,3,0.0006674824785849371
BHK,BADHARI KALAN,78.734589,27.799053,,,4,2,2,0.00044498831905662476
KSJ,KASGANJ,78.64602599999999,27.801887,,,6,3,3,0.0006674824785849371
MHA,MARAHRA,78.55504400000001,27.746474000000003,,,4,2,2,0.00044498831905662476
AUL,AGSAULI,78.44455300000001,27.705676999999998,,,4,2,2,0.00044498831905662476
SKA,SIKANDRA RAO,78.387573,27.684085999999997,,,4,2,2,0.00044498831905662476
BTRO,BASTOI HALT,78.285451,27.66742,,,6,3,3,0.0006674824785849371
RKN,RATI KA NAGLA,78.24056900000001,27.654398,,,4,2,2,0.00044498831905662476
HTJ,HATHRAS ROAD,78.136899,27.622436999999998,,,4,2,2,0.00044498831905662476
MEU,MENDU,78.09995699999999,27.614247,,,4,2,2,0.00044498831905662476
HTC,HATHRAS CITY,78.05506869999999,27.599816899999997,,,4,2,2,0.00044498831905662476
MSN,MURSAN,77.9363,27.574211,,,4,2,2,0.00044498831905662476
SYZ,SONAI,77.88736,27.570504,,,4,2,2,0.00044498831905662476
RAYA,RAYA,77.7868838446,27.5524062276,,,4,2,2,0.00044498831905662476
MRT,MATHURA CANT,77.685113,27.491013,,,4,2,2,0.00044498831905662476
CPA,KANPUR ANWARGANJ,80.328444,26.456232999999997,,,4,2,2,0.00044498831905662476
RPO,RAWATPUR,80.298113,26.482981000000002,,,5,3,2,0.000556235398820781
KAP,KALIANPUR,80.25289199999999,26.503485,,,5,2,3,0.000556235398820781
MDA,MANDHANA JN,80.222507,26.557002,,,4,2,2,0.00044498831905662476
CBR,CHAUBEPUR,80.21142400000001,26.598927999999997,,,4,2,2,0.00044498831905662476
BJR,BARRAJPUR,80.13867760000001,26.685165899999998,,,4,2,2,0.00044498831905662476
UTP,UTRIPURA,80.095478,26.73974,,,4,2,2,0.00044498831905662476
DUO,DHAURSALAR,80.08140399999999,26.798349,,,4,2,2,0.00044498831905662476
BLU,BILHAUR,80.060383,26.839002,,,5,2,3,0.000556235398820781
BKTS,BAKOTHIKHAS,80.03776699999999,26.87806,,,8,4,4,0.0008899766381132495
ARL,AROUL,80.01863300000001,26.920662,,,6,3,3,0.0006674824785849371
GWP,GANGAWAPUR HALT,79.9979940411,26.958804182199998,,,6,3,3,0.0006674824785849371
MNMU,MANI MAU,79.9651825488,26.98913852,,,5,3,2,0.000556235398820781
KJN,KANNAUJ,79.926109,27.026507,,,4,2,2,0.00044498831905662476
KJNC,KANNAUJ CITY,79.909983,27.039814,,,4,2,2,0.00044498831905662476
JPP,JALALPUR PANWARA,79.8736107968,27.0623131608,,,4,2,2,0.00044498831905662476
BC,BAREILLY CITY,79.403718,28.3556564,,,11,5,6,0.001223717877405718
NMDA,NEW MORINDA,76.518125,30.776469,,,8,4,4,0.0008899766381132495
NLDM,NANGAL DAM,76.37261500000001,31.370543,,,5,2,3,0.000556235398820781
BNLY,BHANUPLI,76.420351792,31.2990814767,,,3,2,1,0.0003337412392924686
ANSB,ANANDPUR SAHIB,76.50060350000001,31.2305136,,,4,2,2,0.00044498831905662476
KART,KIRATPUR SAHIB,76.563302,31.186811000000002,,,4,2,2,0.00044498831905662476
BARJ,BHARATGARH,76.59140316889999,31.1104617696,,,4,2,2,0.00044498831905662476
GANL,GHANAULI,76.59214300000001,31.025994,,,4,2,2,0.00044498831905662476
RPAR,RUPNAGAR,76.533241,30.972816,,,4,2,2,0.00044498831905662476
MNPR,MINAPUR,76.567332,30.911265,,,4,2,2,0.00044498831905662476
CTLI,CHATOULI,76.580921825,30.856220295700002,,,4,2,2,0.00044498831905662476
KRLI,KURALI,76.57193000000001,30.835005000000002,,,4,2,2,0.00044498831905662476
MRND,MORINDA,76.502461,30.791519,,,6,3,3,0.0006674824785849371
NGWN,NOGANWAN,76.44328700000001,30.738403,,,4,2,2,0.00044498831905662476
BSPN,BASSI PATHANAM,76.4096692,30.6884592,,,4,2,2,0.00044498831905662476
FGSB,FATEHGARH SAHIB,76.38812399999999,30.650726,,,4,2,2,0.00044498831905662476
MTI,MITAWAL,78.19892399999999,27.292310999999998,,,14,7,7,0.0015574591166981867
BRN,BARHAN,78.19231699999999,27.32891,,,13,6,7,0.0014462120369340306
DSBP,DELHI SHAHDARA B PANEL,77.342818,28.670746,,,13,7,6,0.0014462120369340306
CNJ,CHANDER NAGAR,77.33120100000001,28.662871000000003,,,9,5,4,0.0010012237178774058
ANVR,ANAND VIHAR,77.3140236,28.6486144,,,10,5,5,0.001112470797641562
MWC,MANDAWALI CHANDER VIHAR,77.253315,28.613384,,,11,9,2,0.001223717877405718
CMR,CHAMROLA,78.180143,27.393031999999998,,,7,3,4,0.0007787295583490933
JLS,JALESAR ROAD,78.16993,27.44546,,,10,6,4,0.001112470797641562
PORA,PORA,78.154207,27.532025,,,9,5,4,0.0010012237178774058
HRS,HATHRAS JN,78.13706699999999,27.62483,,,8,5,3,0.0008899766381132495
SNS,SASNI,78.1224601752,27.704263607599998,,,8,5,3,0.0008899766381132495
MXK,MANDRAK,78.1102865904,27.7686349988,,,8,5,3,0.0008899766381132495
DAQ,DAUD KHAN,78.09879699999999,27.830504,,,7,3,4,0.0007787295583490933
ALJN,ALIGARH JN,78.074559,27.889584,,,11,4,7,0.001223717877405718
SBB,SAHIBABAD,77.364182,28.674037,,,15,8,7,0.0016687061964623428
GZB,GHAZIABAD,77.431099,28.649702,,,11,5,6,0.001223717877405718
CYZ,CHIPYANA BUZURG,77.45934600000001,28.627976999999998,,,9,5,4,0.0010012237178774058
MIU,MARIPAT,77.495428,28.586886,,,6,3,3,0.0006674824785849371
DER,DADRI,77.537422,28.537940000000003,,,8,4,4,0.0008899766381132495
BRKY,BORAKI,77.56361700000001,28.507907999999997,,,7,3,4,0.0007787295583490933
AJR,AJAIBPUR,77.59373730349999,28.4728347205,,,6,2,4,0.0006674824785849371
DKDE,DANKAUR,77.64321100000001,28.415313,,,7,3,4,0.0007787295583490933
WAIR,WAIR,77.69926699999999,28.347255,,,8,3,5,0.0008899766381132495
CHL,CHOLA,77.72940894,28.31216512,,,7,3,4,0.0007787295583490933
GNRL,GANGRAUL,77.75473000000001,28.28297,,,9,3,6,0.0010012237178774058
SKQ,SIKANDARPUR,77.783931,28.247759000000002,,,9,4,5,0.0010012237178774058
KRJ,KHURJA JN,77.81903999999999,28.206407000000002,,,8,4,4,0.0008899766381132495
KAMP,KAMALPUR,77.83998100000001,28.182673,,,6,3,3,0.0006674824785849371
DAR,DANWAR,77.88391252,28.129968509999998,,,5,3,2,0.000556235398820781
SOM,SOMNA,77.948193,28.052674,,,6,2,4,0.0006674824785849371
KLA,KULWA,78.007062,27.982509,,,7,4,3,0.0007787295583490933
MWUE,MAHRAWAL,78.04247000000001,27.937875000000002,,,8,3,5,0.0008899766381132495
KUR,KHURDA ROAD JN,85.70823399999999,20.153076,,,21,11,10,0.00233618867504728
RTN,RETANG,85.760851,20.199417999999998,,,16,7,9,0.001779953276226499
SRKT,SARKANTRA,85.79623099999999,20.228282,,,18,10,8,0.0020024474357548117
LGTR,LINGARAJ TEMPLE ROAD,85.81587200000001,20.234947,,,16,9,7,0.001779953276226499
BBS,BHUBANESWAR,85.84259499999999,20.265388,,,16,7,9,0.001779953276226499
BNBH,BANI BIHAR,85.852653,20.292611,,,9,3,6,0.0010012237178774058
MCS,MANCHESWAR,85.84486600000001,20.321861,,,18,7,11,0.0020024474357548117
PTAB,PATIA HALT,85.841374,20.349273,,,17,9,8,0.0018912003559906554
BRAG,BARANG,85.832573,20.400699,,,24,11,13,0.0026699299143397486
PURI,PURI,85.839992,19.811459000000003,,,15,8,7,0.0016687061964623428
MLT,MALATIPATPUR,85.83177,19.865258,,,7,3,4,0.0007787295583490933
JKDP,JANKIDAIPUR,85.81927,19.888365,,,6,4,2,0.0006674824785849371
SIL,SAKHI GOPAL,85.816074,19.942882,,,5,2,3,0.000556235398820781
BRST,BIR PURUSHOTTAMPUR,85.80635131,19.99039983,,,7,3,4,0.0007787295583490933
JPRD,JENAPUR ROAD,85.786572,20.018355,,,9,4,5,0.0010012237178774058
JERD,JENAPUR PH,85.786976,20.018615,,,14,11,3,0.0015574591166981867
DEG,DELANG,85.76695,20.038474,,,10,5,5,0.001112470797641562
KASR,KANAS ROAD,85.7428,20.06205,,,9,5,4,0.0010012237178774058
MWQ,MOTARI HALT,85.72919200000001,20.090583,,,8,4,4,0.0008899766381132495
HPGM,HARIPUR GRAM,85.707856,20.133571999999997,,,7,4,3,0.0007787295583490933
NQR,NARAJ MARTHAPUR,85.779525,20.459324,,,6,3,3,0.0006674824785849371
SPSR,SARPESWAR PH,85.744973,20.482906,,,4,2,2,0.00044498831905662476
GHNH,GHANTIKHAL NIDHIPUR,85.736186,20.510921999999997,,,4,2,2,0.00044498831905662476
RQP,RADHAKISHOREPUR,85.754538,20.559919999999998,,,6,3,3,0.0006674824785849371
RJGR,RAJTHAGARH,85.741633,20.576104,,,10,5,5,0.001112470797641562
JRZ,JORANDA ROAD,85.640413,20.623365,,,5,2,3,0.000556235398820781
KSRK,KASRAK HALT,79.684256,28.025029999999997,,,7,3,4,0.0007787295583490933
SCPR,SHYAMA CHARANPUR HALT,85.616279,20.642413,,,5,3,2,0.000556235398820781
MZM,MUZZAMPUR NARAIN,78.222356,29.58301,,,12,6,6,0.0013349649571698743
DOKY,DUKHERI,76.8839,30.294992,,,6,4,2,0.0006674824785849371
KES,KESRI,76.933887,30.264574,,,6,2,4,0.0006674824785849371
TDW,TANDWAL,76.98871199999999,30.23388,,,8,4,4,0.0008899766381132495
RAA,BARARA,77.035501,30.213325,,,11,4,7,0.001223717877405718
MFB,MUSTAFABAD,77.123303,30.181009,,,8,5,3,0.0008899766381132495
DZP,DARAZPUR,77.195721,30.152546,,,6,4,2,0.0006674824785849371
JUDW,JAGADHRI WORKSHOP,77.240819,30.135558,,,9,4,5,0.0010012237178774058
JUD,YAMUNANAGAR-JAGADHRI,77.287602,30.116844,,,10,5,5,0.001112470797641562
KNZ,KALANOUR,77.341227,30.082428,,,8,6,2,0.0008899766381132495
SSW,SARSAWA,77.42396000000001,30.024226,,,8,2,6,0.0008899766381132495
PKY,PILKHANI,77.472879,29.997528,,,11,5,6,0.001223717877405718
SRE,SAHARANPUR,77.54173899999999,29.960529,,,14,8,6,0.0015574591166981867
HNC,HINDAN CABIN,77.597212,29.940002,,,11,6,5,0.001223717877405718
BAE,BALIAKHERI,77.63368,29.9285,,,9,4,5,0.0010012237178774058
SNKE,SUNEHTI KHARKHARI,77.683524,29.913102000000002,,,11,4,7,0.001223717877405718
YJUD,YAMUNANAGAR JAGADHARI,77.28757996649999,30.1174255334,,,6,4,2,0.0006674824785849371
BHAW,BLOCK HUT A (BHA),80.98059500000001,26.802226,,,9,4,5,0.0010012237178774058
UTR,UTRAHTIA,80.974031,26.763061,,,11,5,6,0.001223717877405718
BHDH,BAHADURPUR HALT,79.7825431824,27.9522550839,,,5,3,2,0.000556235398820781
BTRA,BANTHRA,79.82818,27.929239,,,6,3,3,0.0006674824785849371
SPN,SHAHJEHANPUR,79.904605,27.894224,,,10,6,4,0.001112470797641562
SXK,SHAJAHANPURCORT,79.913517,27.890862000000002,,,9,5,4,0.0010012237178774058
ROZA,ROZA JN,79.956038,27.853121,,,12,6,6,0.0013349649571698743
PRPM,PT RAM PRASAD BISMIL,79.957596,27.814705,,,8,4,4,0.0008899766381132495
MGMY,MUGHAL SARAI MARSHALING YARD,83.1361698425,25.287126389900003,,,10,5,5,0.001112470797641562
KKRH,KARAHIA,83.771397,25.471614,,,16,9,7,0.001779953276226499
GMR,GAHMAR,83.80443100000001,25.488685,,,12,5,7,0.0013349649571698743
BQW,BARAKALAN,83.8494928638,25.4915162541,,,11,6,5,0.001223717877405718
CSA,CHAUSA,83.89633140379999,25.4984911003,,,13,6,7,0.0014462120369340306
KH,KAHILIYA,79.960138,27.775896,,,6,3,3,0.0006674824785849371
AIG,ALGAWAN,79.963236,27.700598000000003,,,5,2,3,0.000556235398820781
AJI,ANJHI SHAHABAD,79.973314,27.643994,,,7,3,4,0.0007787295583490933
SHRM,SHARMA,80.003288,27.603853,,,7,4,3,0.0007787295583490933
TDP,TODARPUR,80.020029,27.579601,,,5,2,3,0.000556235398820781
BEG,BEHTAGOKUL,80.054854,27.530433600000002,,,5,2,3,0.000556235398820781
LBH,DILKUSHA CABIN,80.966867,26.83113,,,17,9,8,0.0018912003559906554
ZBD,ZAFARABAD JN,82.719014,25.708436,,,17,7,10,0.0018912003559906554
SIQ,SARKONI,82.75211999999999,25.643114,,,8,3,5,0.0008899766381132495
JLL,JALALGANJ,82.772465,25.612516,,,7,3,4,0.0007787295583490933
TLMD,TRILOCHAN MAHDO,82.804378,25.564702,,,7,4,3,0.0007787295583490933
KSF,KHALISPUR,82.83174700000001,25.525798,,,6,4,2,0.0006674824785849371
PDRD,PINDRA ROAD,82.851162,25.497052,,,5,2,3,0.000556235398820781
BTP,BABATPUR,82.8800248,25.453616,,,6,3,3,0.0006674824785849371
BRPT,BIRAPATTI,82.917265,25.398912999999997,,,9,4,5,0.0010012237178774058
SOP,SHIUPUR,82.946972,25.355419,,,11,7,4,0.001223717877405718
BSBY,VARANASI YARD,82.9751998096,25.3252123487,,,19,10,9,0.0021136945155189675
PWXP,PAWANI KUMARPUR HALT,83.9359635205,25.5276889185,,,8,4,4,0.0008899766381132495
BXR,BUXAR,83.982184,25.562067,,,15,7,8,0.0016687061964623428
BUE,BARUNA,84.08917199999999,25.569781000000003,,,15,4,11,0.0016687061964623428
BKKS,BAKAS,81.051489,26.776082000000002,,,8,4,4,0.0008899766381132495
APG,ANUPGANJ,81.126093,26.757292,,,8,5,3,0.0008899766381132495
RMNR,RAHMAT NAGAR,81.1558950446,26.744797359499998,,,5,3,2,0.000556235398820781
CDRL,CHHANDRAULI,81.23044,26.699202,,,4,2,2,0.00044498831905662476
TEG,TIRBEDIGANJ,81.281105,26.667533,,,4,2,2,0.00044498831905662476
HGH,HAIDERGARH,81.363162,26.621533,,,5,2,3,0.000556235398820781
CHBS,CHAUBISI,81.43362396730001,26.576806771900003,,,5,2,3,0.000556235398820781
AKJ,AKBARGANJ,81.501628,26.531456000000002,,,4,2,2,0.00044498831905662476
SYW,SINDURWA,81.56944,26.492121,,,4,2,2,0.00044498831905662476
NHH,NIHALGARH,81.632581,26.460131,,,7,3,4,0.0007787295583490933
WGJ,WARIS GANJ HALT,81.6954767206,26.434504081500002,,,8,4,4,0.0008899766381132495
AHZ,ADHINPUR,81.726848,26.418478,,,7,4,3,0.0007787295583490933
MFKA,MUSAFIR KHANA,81.79981699999999,26.379585,,,4,2,2,0.00044498831905662476
SHNG,SHIVNAGAR,81.882608,26.336305000000003,,,4,2,2,0.00044498831905662476
BDKN,BANDHUA KALAN,81.99539200000001,26.271965,,,4,2,2,0.00044498831905662476
SLN,SULTANPUR,82.066106,26.263027,,,10,5,5,0.001112470797641562
PKX,PAKHRULI,82.122568,26.205027,,,4,2,2,0.00044498831905662476
BDIN,BHADAIYAN,82.169148,26.171113000000002,,,5,2,3,0.000556235398820781
LBA,LAMBHUA,82.223283,26.133687000000002,,,6,3,3,0.0006674824785849371
MWP,MAHRANI PACHHIM,82.288578,26.087672,,,7,4,3,0.0007787295583490933
CHDA,CHANDA (HALT),82.30754300000001,26.063822,,,8,4,4,0.0008899766381132495
KEPR,KOIRIPUR,82.33959499999999,26.02164,,,8,4,4,0.0008899766381132495
NIMG,NIMA GOPALPUR,82.364038,25.992862000000002,,,8,4,4,0.0008899766381132495
HRPG,HARPALGANJ,82.405421,25.947582999999998,,,6,3,3,0.0006674824785849371
SKN,SRIKRISHNA NAGAR,82.447803,25.88403,,,6,3,3,0.0006674824785849371
SVZ,SARAI HARKHU,82.506309,25.835891,,,6,3,3,0.0006674824785849371
BKSA,BAKHSHA,82.57318000000001,25.78236,,,4,2,2,0.00044498831905662476
JOP,JAUNPUR CITY,82.666999,25.734125,,,6,3,3,0.0006674824785849371
JNUK,JAUNPUR KUTCHERRY,82.692607,25.725186,,,8,4,4,0.0008899766381132495
ARA,ARA,84.66259600000001,25.548889,,,10,5,5,0.001112470797641562
JMIR,JAMIRA HALT,84.70946636229999,25.558928076100003,,,8,4,4,0.0008899766381132495
KUA,KULHARIA,84.757807,25.568172999999998,,,8,3,5,0.0008899766381132495
DURE,DUMRAON,84.14386499999999,25.571984,,,11,7,4,0.001223717877405718
TWG,TWINING GANJ,84.218022,25.568766,,,11,6,5,0.001223717877405718
VKDH,VEER KUNWAR HALT,84.254875,25.567584999999998,,,8,4,4,0.0008899766381132495
RPR,RAGHUNATHPUR,84.305227,25.565439,,,14,7,7,0.0015574591166981867
SKRI,SIKARIA,84.34768584109999,25.5633290199,,,8,4,4,0.0008899766381132495
BYN,BANAHI,84.389916,25.561301,,,11,5,6,0.001223717877405718
ASJP,AMAR SAHEED JAGDEV P HALT,84.409699,25.560087000000003,,,8,4,4,0.0008899766381132495
BEA,BIHIYA,84.448984,25.558893,,,14,6,8,0.0015574591166981867
RNTE,RAMANAND,84.49105300000001,25.554842,,,6,3,3,0.0006674824785849371
XSAN,SARVODAYA HALT,84.5006828052,25.554117487,,,4,2,2,0.00044498831905662476
KYA,KAURIYA,84.5212854932,25.5509123644,,,6,3,3,0.0006674824785849371
KRS,KARISATH,84.563141,25.549488,,,12,5,7,0.0013349649571698743
JGWL,JAGJIVAN HALT,84.630119,25.547891999999997,,,8,4,4,0.0008899766381132495
KWR,KOELWAR,84.792055,25.5687,,,7,3,4,0.0007787295583490933
VHCH,BLOCK CABIN CHAKKI,84.806277,25.559662,,,9,4,5,0.0010012237178774058
BTA,BIHTA,84.8740874,25.560948600000003,,,12,7,5,0.0013349649571698743
PATL,PATEL HALT,84.89852553829999,25.5647952991,,,10,5,5,0.001112470797641562
SDE,SADISOPUR,84.916992,25.566169000000002,,,12,6,6,0.0013349649571698743
GNHI,GANDHI HALT,84.961546925,25.5720007108,,,11,6,5,0.001223717877405718
NEO,NEORA,84.986523,25.57459,,,8,3,5,0.0008899766381132495
DNR,DANAPUR,85.044629,25.581921,,,10,3,7,0.001112470797641562
PWS,PHULWARI SHARIF,85.07942999999999,25.586297,,,9,5,4,0.0010012237178774058
SCY,SACHIWALAY HALT,85.1173521326,25.5962020296,,,13,9,4,0.0014462120369340306
CP,KOLKATA,88.375198,22.566792999999997,,,2,1,1,0.00022249415952831238
TALA,TALLA,88.37956299999999,22.606458,,,4,2,2,0.00044498831905662476
BBR,BAGH BAZAR,88.36524556,22.60512587,,,4,2,2,0.00044498831905662476
SOLA,SOVABAZAR-AHIRI,88.35493799999999,22.597663999999998,,,4,2,2,0.00044498831905662476
BZB,BARRA BAZAR,88.351803,22.590907,,,4,2,2,0.00044498831905662476
BBDB,BENOY BADAL DINESH GARDENS,88.34685800000001,22.577047,,,3,1,2,0.0003337412392924686
EDG,EDEN GARDENS,88.339472,22.565207,,,2,1,1,0.00022249415952831238
PPGT,PRINCEP GHAT,88.33202200000001,22.557153999999997,,,2,1,1,0.00022249415952831238
KIRP,KHIDIRPUR,88.315889,22.5357,,,2,1,1,0.00022249415952831238
RMTR,REMOUNT ROAD,88.316273,22.525427999999998,,,2,1,1,0.00022249415952831238
MJT,MAJERHAT,88.322256,22.518978,,,4,2,2,0.00044498831905662476
NACC,NEW ALIPUR (CALCUTTA),88.33492,22.510862,,,4,2,2,0.00044498831905662476
TLG,TOLLY GANJ,88.346908,22.507909,,,4,2,2,0.00044498831905662476
MILE,MILE-FIVEB,88.343231,22.509943999999997,,,2,1,1,0.00022249415952831238
LKF,LAKE GARDENS,88.35237095000001,22.50794733,,,4,2,2,0.00044498831905662476
BLN,BALLYGUNGE JN,88.37206854,22.51983196,,,6,3,3,0.0006674824785849371
PQS,PARK CIRCUS,88.374176,22.541428999999997,,,5,2,3,0.000556235398820781
DNKL,DHENKANAL,85.59087799999999,20.676825,,,4,2,2,0.00044498831905662476
DKUR,DOKUR,77.85341299999999,16.592578000000003,,,8,3,5,0.0008899766381132495
RJAP,RAJAPUR,78.163648,16.859603,,,6,3,3,0.0006674824785849371
DNDL,DANDI MAL,85.53418,20.715235,,,5,3,2,0.000556235398820781
SBP,SAMBALPUR,83.9603252667,21.4830514376,,,21,10,11,0.00233618867504728
SBPD,SAMBALPUR ROAD,83.9757114679,21.4779003477,,,27,15,12,0.003003671153632217
SSPR,SADASHIBAPUR,85.504693,20.735286,,,5,3,2,0.000556235398820781
MHDB,MAHADIA PH,85.475883,20.750947,,,5,2,3,0.000556235398820781
HND,HINDOL ROAD,85.424456,20.768563,,,5,3,2,0.000556235398820781
NBT,NAYABAGIRTHIPUR,85.382445,20.781585,,,6,2,4,0.0006674824785849371
MRDL,MERAMANDOLIL,85.30494300000001,20.802387,,,7,4,3,0.0007787295583490933
BDPK,BURHAPANKA,85.25582286000001,20.853156679999998,,,7,4,3,0.0007787295583490933
TLHD,TALCHER ROAD,85.207934,20.886651,,,6,3,3,0.0006674824785849371
ANGL,ANGUL,85.099994,20.859445,,,9,4,5,0.0010012237178774058
KPJG,KEREJANGA,84.97670600000001,20.855813,,,10,5,5,0.001112470797641562
JRPD,JARAPADA,84.887597,20.885087,,,5,2,3,0.000556235398820781
BONA,BOINDA,84.74820639999999,20.9200366,,,5,2,3,0.000556235398820781
HNPA,HANDAPA,84.684665,20.943324,,,4,2,2,0.00044498831905662476
SRGP,SARAGIPALLI,84.565386,20.98404,,,4,2,2,0.00044498831905662476
BAMR,BAMUR,84.475865,21.006738,,,4,2,2,0.00044498831905662476
RAIR,RAIRAKHOL,84.333562,21.046744999999998,,,7,4,3,0.0007787295583490933
CHAR,CHARMAL,84.204417,21.095391,,,12,6,6,0.0013349649571698743
JUJA,JUJUMURA,84.134611,21.239342,,,6,3,3,0.0006674824785849371
HATB,HATIBARI,84.11793899999999,21.309386,,,6,3,3,0.0006674824785849371
MANE,MANESWAR,84.04398800000001,21.411344,,,5,2,3,0.000556235398820781
SBPY,SAMBALPUR CITY,84.0076171613,21.4770222859,,,14,8,6,0.0015574591166981867
JSME,JASIDIH JN,86.644255,24.514517,,,13,6,7,0.0014462120369340306
TTN,TULSITANR,86.6144068317,24.568995679700002,,,6,3,3,0.0006674824785849371
LHB,LAHABON,86.6001380908,24.6403400956,,,10,5,5,0.001112470797641562
TLB,TALWA BAZAR,86.55630277830001,24.694736735,,,6,3,3,0.0006674824785849371
STL,SIMULTALA,86.541782,24.713365,,,10,5,5,0.001112470797641562
GHN,GHORPARAN,86.4985295715,24.741624780800002,,,6,3,3,0.0006674824785849371
NRGO,NARGANJO HALT,86.4578033173,24.7439751193,,,11,5,6,0.001223717877405718
RJLA,RAJLA,86.4230669043,24.7563630003,,,5,3,2,0.000556235398820781
JAJ,JHAJHA,86.399854,24.779456,,,10,4,6,0.001112470797641562
DPX,DADPUR,86.34907600000001,24.829399000000002,,,9,5,4,0.0010012237178774058
GHR,GIDHAUR,86.324005,24.856169,,,6,3,3,0.0006674824785849371
CUX,CHAURA,86.287062,24.918896,,,9,3,6,0.0010012237178774058
JMU,JAMUI,86.25477500000001,24.971949,,,11,7,4,0.001223717877405718
KDER,KUNDER HALT,86.1856142041,25.0513208329,,,9,5,4,0.0010012237178774058
BFM,BHALUI,86.172874585,25.0732160325,,,8,5,3,0.0008899766381132495
MNP,MANANPUR,86.15540512449999,25.1049319287,,,8,3,5,0.0008899766381132495
BLHR,BALAHAPUR HALT,86.14781537840001,25.1202705418,,,6,2,4,0.0006674824785849371
BSQP,BANSIPUR,86.1448204578,25.1245132245,,,8,4,4,0.0008899766381132495
LCK,LAKHOCHAK HALT,86.13641071170001,25.139184912599998,,,8,4,4,0.0008899766381132495
MHLT,MAHESH LETA HALT,86.1301575793,25.1511094241,,,12,6,6,0.0013349649571698743
MOR,MOR,85.8567601593,25.43034549,,,15,7,8,0.0016687061964623428
GZH,GULZARBAGH,85.205232,25.597542,,,10,4,6,0.001112470797641562
PNC,PATNA SAHEB,85.230942,25.585856,,,12,5,7,0.0013349649571698743
DDGJ,DEEDARGANJ,85.2575111389,25.5695431489,,,12,8,4,0.0013349649571698743
BKG,BANKA GHAT,85.27274200000001,25.547008,,,9,5,4,0.0010012237178774058
FUT,FATWA,85.305488,25.50144,,,13,5,8,0.0014462120369340306
BCYN,BUDHDEVCHAK Y NAGAR,85.3313080389,25.4968269712,,,8,4,4,0.0008899766381132495
HDE,HARDAS BIGHA,85.3276678,25.496924,,,13,7,6,0.0014462120369340306
KOO,KHUSROPUR,85.387309,25.484893,,,12,5,7,0.0013349649571698743
MJM,MANJHAULIGRAM H,85.422051,25.478252,,,10,5,5,0.001112470797641562
KWO,KARAUTA,85.46824000000001,25.468639,,,11,4,7,0.001223717877405718
SMBH,SALIM PUR BIHAR,85.44577199999999,25.473618,,,11,6,5,0.001223717877405718
TKBG,TEKA BIGHA HALT,85.485186,25.465009000000002,,,9,5,4,0.0010012237178774058
BKP,BAKHTIYARPUR JN,85.52956400000001,25.456110000000002,,,12,7,5,0.0013349649571698743
JPML,JAI PRAKASH MAHULI,85.600631,25.453799999999998,,,10,5,5,0.001112470797641562
ATL,ATHMAL GOLA,85.6213724115,25.453014977800002,,,11,4,7,0.001223717877405718
ACU,ACHUARA HALT,85.661087,25.45273,,,8,4,4,0.0008899766381132495
BARH,BARH,85.70942600000001,25.46165,,,11,6,5,0.001223717877405718
SHT,SAHARI HALT,85.7277666345,25.475692697299998,,,6,3,3,0.0006674824785849371
RLE,RAILEY ENGLISH HALT,85.75569245480001,25.4829711754,,,4,2,2,0.00044498831905662476
LEB,LEMUABAD,85.7783575873,25.482271329699998,,,6,3,3,0.0006674824785849371
PHK,PUNARAKH,85.803757,25.481495000000002,,,11,5,6,0.001223717877405718
MMKB,MEMRAKHABAD,85.82685199999999,25.472507999999998,,,8,5,3,0.0008899766381132495
KNHP,KANHAIPUR,85.838512,25.45827,,,8,5,3,0.0008899766381132495
BHAD,BARHAPUR HALT,85.86024300000001,25.427352,,,6,3,3,0.0006674824785849371
SIVN,SIVNAR HALT,85.880824,25.40468,,,7,4,3,0.0007787295583490933
MKA,MOKAMEH JN,85.91304899999999,25.391885,,,16,7,9,0.001779953276226499
ANAH,AUNTA HALT,85.94936398009999,25.3804334414,,,11,5,6,0.001223717877405718
PNBE,PATNA JN,85.136824,25.60256,,,20,9,11,0.002224941595283124
RJPB,RAJENDRA NAGAR BIHAR,85.162449,25.603351,,,13,6,7,0.0014462120369340306
KBQ,KUMRABAD ROHINI,86.64534800000001,24.467308,,,4,2,2,0.00044498831905662476
SNQ,SANKARPUR,86.637552,24.427623,,,4,2,2,0.00044498831905662476
MUW,MATHURAPUR,86.631692,24.386518000000002,,,4,2,2,0.00044498831905662476
NPZ,NAWAPATRA,86.64786699999999,24.318387,,,6,3,3,0.0006674824785849371
MDP,MADHUPUR JN,86.642183,24.270633,,,10,6,4,0.001112470797641562
JRW,JORAMOW,86.707773,24.201663,,,5,3,2,0.000556235398820781
MNC,MADANKATA,86.70195,24.140881,,,4,2,2,0.00044498831905662476
VDS,VIDYASAGAR,86.69841500000001,24.103820000000002,,,6,3,3,0.0006674824785849371
KEE,KASEETAR,86.75251,24.004444,,,7,3,4,0.0007787295583490933
JMT,JAMTARA,86.805183,23.958904,,,8,5,3,0.0008899766381132495
BM,BODMA,86.852624,23.897286,,,11,6,5,0.001223717877405718
CRJ,CHITTARANJAN,86.878036,23.857138000000003,,,7,4,3,0.0007787295583490933
RNPR,RUPNARAYANPUR,86.885481,23.818703000000003,,,4,2,2,0.00044498831905662476
SLS,SALANPUR,86.876395,23.760355,,,7,4,3,0.0007787295583490933
CPY,CHAPRAMARI,88.39220399999999,22.600493,,,13,9,4,0.0014462120369340306
PTKR,PATIPUKUR,88.395055,22.605667999999998,,,8,4,4,0.0008899766381132495
GNT,GUNTUR JN,80.44197299999999,16.300784,,,8,4,4,0.0008899766381132495
NLPD,NALLAPADU,80.397756,16.308263,,,6,3,3,0.0006674824785849371
PRCA,PERECHERLA,80.339519,16.319601000000002,,,5,3,2,0.000556235398820781
PPM,PHIRANGIPURAM,80.255894,16.292376,,,6,3,3,0.0006674824785849371
NDPU,NUDURUPADU,80.193376,16.273407,,,5,2,3,0.000556235398820781
STUR,SATULUR,80.13881099999999,16.254465,,,4,2,2,0.00044498831905662476
NRT,NARASARAOPET,80.041607,16.231527,,,4,2,2,0.00044498831905662476
MUK,MUNUMAKA,79.981319,16.190922,,,5,2,3,0.000556235398820781
SAB,SANTAMAGULUR,79.91505599999999,16.147071,,,7,3,4,0.0007787295583490933
VLE,VELLALCHERUVU H,79.8886640826,16.1317836869,,,6,3,3,0.0006674824785849371
SYM,SAVALYAPURAM,79.81953,16.102801,,,6,3,3,0.0006674824785849371
VKN,VINUKONDA,79.748004,16.050748,,,4,2,2,0.00044498831905662476
CEM,CHEEKATEEGALPLM,79.682842,16.011698,,,4,2,2,0.00044498831905662476
GKM,GUNDALUKAMMA,79.645362,15.985909,,,4,2,2,0.00044498831905662476
KCD,KURICHEDU,79.572175,15.913391,,,4,2,2,0.00044498831905662476
POO,POTLAPADU,79.523864,15.873337,,,4,2,2,0.00044498831905662476
DKD,DONAKONDA,79.484112,15.834631000000002,,,4,2,2,0.00044498831905662476
GJJ,GAJJELAKONDA,79.401298,15.777382,,,4,2,2,0.00044498831905662476
KOAA,KOLKATA CHITPUR,88.385179,22.601174999999998,,,26,8,18,0.002892424073868061
INCI,ISHAN CHANDI HALT,87.7396679724,23.3336497763,,,12,6,6,0.0013349649571698743
GLI,GALSI,87.681236,23.358032,,,11,7,4,0.001223717877405718
PAJ,PARAJ,87.62750500000001,23.387863,,,7,3,4,0.0007787295583490933
MNAE,MANKAR,87.555822,23.420373,,,6,3,3,0.0006674824785849371
PAN,PANAGARH,87.439587,23.443034,,,6,2,4,0.0006674824785849371
RBH,RAJBANDH,87.372314,23.476136,,,9,5,4,0.0010012237178774058
DGR,DURGAPUR,87.297902,23.495046000000002,,,11,6,5,0.001223717877405718
DCOP,DURGAPUR COKE OVEN PLANT EXCHANGE YARD SDG WARIA,87.298232,23.505136,,,12,6,6,0.0013349649571698743
OYR,WARIA,87.246177,23.537562,,,10,5,5,0.001112470797641562
POL,PINJRAPOL,87.232307,23.549642,,,6,3,3,0.0006674824785849371
EOC,UDL EAST OUTER CABIN,87.20360799999999,23.569452000000002,,,4,2,2,0.00044498831905662476
UDLE,ANDAL-EAST/CABIN,87.199696,23.57172,,,9,4,5,0.0010012237178774058
UDL,ANDAL JN,87.181194,23.579012000000002,,,18,10,8,0.0020024474357548117
UDLW,ANDAL WEST CABIN,87.168796,23.584024,,,10,5,5,0.001112470797641562
CCK,CHICHAKI,85.9917268481,24.053224666,,,15,6,9,0.0016687061964623428
GRBH,GAREA BIHAR,85.9155275354,24.1289485964,,,8,4,4,0.0008899766381132495
BHN,BHULI,86.39469277709999,23.8022772592,,,6,3,3,0.0006674824785849371
TET,TETULMARI,86.34357,23.814441,,,6,2,4,0.0006674824785849371
NPJE,NICHITPUR,86.28776500000001,23.825908,,,6,2,4,0.0006674824785849371
MRQ,MATARI,86.239035,23.840519,,,8,4,4,0.0008899766381132495
GMO,GOMOH JN,86.14823,23.873106,,,19,9,10,0.0021136945155189675
BLME,BHOLLDIH,86.116898,23.898444,,,11,6,5,0.001223717877405718
NMG,NIMIAGHAT,86.07621300000001,23.932092,,,11,5,6,0.001223717877405718
PNME,PARASNATH,86.037862,23.987971,,,9,6,3,0.0010012237178774058
CEME,CHEGRO,85.964766012,24.0842485151,,,8,4,4,0.0008899766381132495
CDB,CHAUDHRIBANDH,85.9464457367,24.1118528783,,,11,5,6,0.001223717877405718
KRMB,KARMABAD BH,85.973866,24.07875,,,8,4,4,0.0008899766381132495
HZD,HAZARIBAGH ROAD,85.892035,24.174583,,,15,10,5,0.0016687061964623428
KSHR,KESHWARI,85.86420199999999,24.194872999999998,,,8,4,4,0.0008899766381132495
CBH,CHAUBE,85.8160239368,24.2372952691,,,12,7,5,0.0013349649571698743
DSME,DASARA,85.790855545,24.274602265600002,,,8,4,4,0.0008899766381132495
PSB,PARSABAD,85.73873,24.307559,,,8,4,4,0.0008899766381132495
YDD,YADUDIH,85.70089899999999,24.329874999999998,,,4,2,2,0.00044498831905662476
SMND,SARMATANR,85.65550400000001,24.344874,,,5,2,3,0.000556235398820781
HRE,HIRODIH,85.596658,24.38304,,,8,4,4,0.0008899766381132495
LRB,LARABAD,85.562123,24.407020999999997,,,6,3,3,0.0006674824785849371
KQR,KODERMA,85.52945799999999,24.434741000000002,,,8,4,4,0.0008899766381132495
GJD,GUJHANDI,85.463683,24.498121,,,7,4,3,0.0007787295583490933
LBZ,LALBAG BH,85.446702,24.509662,,,4,2,2,0.00044498831905662476
DLW,DILWA,85.41970863,24.53731788,,,8,5,3,0.0008899766381132495
NGY,NATH GANJ,85.385094,24.545616,,,4,2,2,0.00044498831905662476
BSCP,BASKATWA B. H.,85.366148,24.547613,,,4,2,2,0.00044498831905662476
YGM,YADUGRAM BH,85.32401399999999,24.543289,,,4,2,2,0.00044498831905662476
GAP,GURPA,85.29708,24.562542,,,9,4,5,0.0010012237178774058
PRP,PAHARPUR,85.204571,24.624931999999998,,,8,4,4,0.0008899766381132495
BNSL,BANSINALA HALT,85.16182409000001,24.66529241,,,6,2,4,0.0006674824785849371
TKN,TANKUPPA,85.119402,24.704046,,,7,4,3,0.0007787295583490933
BNF,BANDHUA,85.06620037,24.75197374,,,6,4,2,0.0006674824785849371
MPO,MANPUR JN,85.044738,24.807111000000003,,,8,3,5,0.0008899766381132495
SICY,SHAHEED ISHWAR CHOWDHARY HALT,85.01490964999999,24.80741419,,,9,5,4,0.0010012237178774058
GAYA,GAYA JN,84.999294,24.803978,,,13,4,9,0.0014462120369340306
WCB,WEST CABIN GAYA,84.971299,24.798676,,,7,4,3,0.0007787295583490933
KSTA,KASTHA,84.921751,24.802484,,,10,6,4,0.001112470797641562
PRY,PARAIYA,84.85079200000001,24.809464,,,7,3,4,0.0007787295583490933
GRRU,GURARU,84.791831,24.811113,,,5,2,3,0.000556235398820781
IMGE,ISMAILPUR,84.723433,24.815523000000002,,,4,2,2,0.00044498831905662476
RFJ,RAFIGANJ,84.634804,24.819694000000002,,,6,3,3,0.0006674824785849371
DORD,DEO ROAD,84.5634225305,24.823073676299998,,,9,4,5,0.0010012237178774058
JHN,JAKHIM,84.52567784239999,24.8288034748,,,7,4,3,0.0007787295583490933
PES,PHESAR,84.41808499999999,24.845489,,,7,4,3,0.0007787295583490933
AUBR,ANUGRAHA NARAYAN ROAD,84.3298444,24.855955599999998,,,9,5,4,0.0010012237178774058
CPBH,CHIRAILA,84.269003,24.863478,,,8,4,4,0.0008899766381132495
SEB,SON NAGAR,84.22927299999999,24.882212999999997,,,12,6,6,0.0013349649571698743
ADSR,ADSR,84.19221399999999,24.909345,,,6,3,3,0.0006674824785849371
DOS,DEHRI ON SONE,84.185434,24.914894999999998,,,6,3,3,0.0006674824785849371
PHE,PAHALEJA HALT,84.144817,24.932644,,,6,3,3,0.0006674824785849371
MRK,MARKAPUR ROAD,79.301115,15.714678,,,5,3,2,0.000556235398820781
RAI,RAIBHA,77.803634,27.181549999999998,,,4,2,2,0.00044498831905662476
BCP,BICHPURI,77.91435,27.176397,,,6,2,4,0.0006674824785849371
IDH,IDGAH AGRA JN,77.997807,27.17265,,,17,8,9,0.0018912003559906554
AF,AGRA FORT,78.0191,27.183308,,,13,5,8,0.0014462120369340306
JAB,YAMUNA BRIDGE AGRA,78.03812699999999,27.191512,,,14,8,6,0.0015574591166981867
CHLR,CHHALESAR,78.084141,27.212079000000003,,,9,4,5,0.0010012237178774058
KBP,KUBERPUR,78.128812,27.221966,,,11,4,7,0.001223717877405718
ETUE,ETMADPUR,78.197973,27.221535999999997,,,10,6,4,0.001112470797641562
COI,CHEOKI,81.864916,25.379668,,,15,7,8,0.0016687061964623428
KCN,KARCHANA,81.916127,25.313666,,,16,9,7,0.001779953276226499
BEP,BHEERPUR,81.98924,25.265024,,,14,5,9,0.0015574591166981867
MJA,MEJA ROAD,82.089337,25.221545,,,10,5,5,0.001112470797641562
UND,UNCHDIH,82.1633748193,25.1924197817,,,13,5,8,0.0014462120369340306
JIA,JIGNA,82.32555500000001,25.157891,,,10,4,6,0.001112470797641562
GAE,GAIPURA,82.38624899999999,25.16045,,,10,5,5,0.001112470797641562
BEO,BIROHE,82.449749,25.173789,,,7,3,4,0.0007787295583490933
BKN,BIKANER JN,73.31659800000001,28.014139,,,11,6,5,0.001223717877405718
UMS,UDRAMSAR,73.3438365942,27.922973867499998,,,4,2,2,0.00044498831905662476
PAE,PALANA,73.273605,27.845285999999998,,,4,2,2,0.00044498831905662476
DSO,DESHNOK,73.338483,27.791303,,,5,2,3,0.000556235398820781
SPO,SURPURA,73.442249,27.706677000000003,,,5,3,2,0.000556235398820781
NOK,NOKHA,73.47484800000001,27.556203,,,4,2,2,0.00044498831905662476
CLO,CHILO,73.52546099999999,27.446624,,,4,2,2,0.00044498831905662476
SBLJ,SHRI BALAJI,73.5373822888,27.416761083900003,,,4,2,2,0.00044498831905662476
ALAI,ALAI,73.58576799999999,27.337097,,,5,2,3,0.000556235398820781
BWS,BADWASI,73.663015,27.311355,,,5,3,2,0.000556235398820781
NGO,NAGAUR,73.72357199999999,27.199991,,,5,2,3,0.000556235398820781
MDW,MARWAR MUNDWA,73.815965,27.063606,,,5,2,3,0.000556235398820781
KJW,KHAJWANA,73.861764,26.923262,,,6,3,3,0.0006674824785849371
DSL,DESWAL,73.885443,26.850374000000002,,,6,3,3,0.0006674824785849371
MCPE,MARWAR CHAPRI,73.9073942175,26.7834880329,,,5,3,2,0.000556235398820781
GADJ,GANDHINAGAR JAIPUR,75.79827999999999,26.873067000000002,,,8,4,4,0.0008899766381132495
BMH,BETAMCHERLA,78.148636,15.449372,,,4,2,2,0.00044498831905662476
GTJT,GETOR JAGATPURA,75.832384,26.836925,,,7,3,4,0.0007787295583490933
KWP,KHATIPURA,75.89049800000001,26.835709,,,8,4,4,0.0008899766381132495
KUT,KANAUTA,75.955996106,26.842216007599998,,,8,4,4,0.0008899766381132495
BAI,BASSI,76.047213,26.840616999999998,,,7,2,5,0.0007787295583490933
JHIR,JHIR,76.1146920331,26.852187381900002,,,6,4,2,0.0006674824785849371
KXI,KURUMURTHI,77.863463,16.494924,,,5,3,2,0.000556235398820781
BSKO,BANSKHO,76.142206,26.856115,,,6,3,3,0.0006674824785849371
TLU,TARLUPADU,79.21946200000001,15.660536,,,5,2,3,0.000556235398820781
JW,JATWARA,76.2140548169,26.8688202925,,,8,4,4,0.0008899766381132495
CBM,CUMBUM,79.110832,15.592947,,,5,3,2,0.000556235398820781
KRNT,KURNOOL TOWN,78.032655,15.833715,,,10,5,5,0.001112470797641562
ALPR,ALAMPUR ROAD,78.047012,15.895657,,,10,5,5,0.001112470797641562
BNDN,BHANDANA,76.25247399999999,26.878914,,,6,3,3,0.0006674824785849371
SBBJ,JOGULAMBA HALT,78.04160499999999,15.915692,,,8,4,4,0.0008899766381132495
MOA,MANOPAD,77.941968,15.994114,,,9,5,4,0.0010012237178774058
IKI,ITKYALA,77.852531,16.074589,,,6,3,3,0.0006674824785849371
DO,DAUSA,76.330336,26.900046999999997,,,6,3,3,0.0006674824785849371
PDNA,PEDDADINNE,77.83502,16.100078,,,5,3,2,0.000556235398820781
PDO,PUDURU,77.820931,16.153896999999997,,,4,2,2,0.00044498831905662476
GWD,GADWAL,77.80967199999999,16.22509,,,4,2,2,0.00044498831905662476
BAK,BHAN KARI,76.4094554639,26.962546793999998,,,6,4,2,0.0006674824785849371
ARPL,AREPALLI HALT,77.862369,16.270533999999998,,,5,2,3,0.000556235398820781
SRNR,SRIRAMNAGAR,77.865894,16.306568,,,7,4,3,0.0007787295583490933
AJK,AJAKOLLU,77.8736361627,16.3467833327,,,8,4,4,0.0008899766381132495
KVGM,KOLVAGRAM,76.46876528439999,26.9894838995,,,4,2,2,0.00044498831905662476
WPR,WANPARTI ROAD,77.88514998289999,16.3820535896,,,8,3,5,0.0008899766381132495
KONN,KONNUR,77.884404,16.424621000000002,,,7,5,2,0.0007787295583490933
KQQ,KAUKUNTLA,77.850451,16.538962,,,6,2,4,0.0006674824785849371
DKC,DEVARKADRE,77.838261,16.630504,,,9,5,4,0.0010012237178774058
KTKA,KOTAKADRA,77.869477,16.668744,,,6,3,3,0.0006674824785849371
MQN,MANYAMKONDA,77.904883,16.683425,,,7,4,3,0.0007787295583490933
MHBT,MAHBUBNAGAR TOWN HALT,77.982649,16.742879000000002,,,8,4,4,0.0008899766381132495
MBNR,MAHBUBNAGAR,77.999429,16.757768,,,9,5,4,0.0010012237178774058
YNG,YENUGONDA,78.036337,16.758073,,,8,4,4,0.0008899766381132495
BKI,BANDIKUI JN,76.56672300000001,27.039271,,,11,6,5,0.001223717877405718
JBK,JAGGAMBOTLA KRISHNAPURAM,79.071072,15.551155999999999,,,5,2,3,0.000556235398820781
SDV,SOMIDEVIPALLE,79.038111,15.4534,,,5,3,2,0.000556235398820781
GMA,GUDIMETTA,79.010485,15.424449000000001,,,5,2,3,0.000556235398820781
GID,GIDDALUR,78.925583,15.379008,,,8,5,3,0.0008899766381132495
KSTE,KISTAMSETTIPALI,78.883844,15.372380000000001,,,5,2,3,0.000556235398820781
DMT,DIGUVAMETTA,78.826206,15.394929999999999,,,6,3,3,0.0006674824785849371
CMZ,CHALAMA,78.695312,15.422638000000001,,,5,3,2,0.000556235398820781
GZL,GAZULAPALLI,78.600125,15.430850000000001,,,4,2,2,0.00044498831905662476
NDL,NANDYAL,78.472545,15.468024,,,4,2,2,0.00044498831905662476
PNM,PANYAM,78.339158,15.50076,,,5,3,2,0.000556235398820781
ARNA,ARNIA,76.5171796234,27.0101287751,,,8,2,6,0.0008899766381132495
KEF,KRISHNAMA KONA,78.267907,15.505221,,,5,2,3,0.000556235398820781
BEY,B CEMENT NAGAR,78.19541209,15.48632233,,,4,2,2,0.00044498831905662476
RGM,RANGAPURAM,78.059153,15.406776,,,5,3,2,0.000556235398820781
MLK,MALKAPURAM,77.96755599999999,15.368943999999999,,,5,2,3,0.000556235398820781
BVO,BOGOLU,77.914295,15.473393,,,6,3,3,0.0006674824785849371
DHNE,DHONE,77.865727,15.396729,,,9,4,5,0.0010012237178774058
VDI,VELDURTI,77.927621,15.553699,,,7,3,4,0.0007787295583490933
UKD,ULINDAKONDA,77.968687,15.652934,,,8,4,4,0.0008899766381132495
DUU,DUPADU,78.01325899999999,15.742888,,,10,5,5,0.001112470797641562
KOLA,KOTLA,78.03755196290001,15.8120341064,,,4,2,2,0.00044498831905662476
DTP,DIVITI PALLI,78.08417499999999,16.740883,,,8,4,4,0.0008899766381132495
CDAE,CHANDANPUR,88.17617700000001,22.8813,,,11,4,7,0.001223717877405718
PBZ,PORABAZAR,88.15914000000001,22.916427,,,15,7,8,0.0016687061964623428
BMAE,BELMURI,88.15233111,22.93272742,,,18,10,8,0.0020024474357548117
DNHL,DHANIAKHALI,88.143651,22.95019,,,14,4,10,0.0015574591166981867
SHBC,SIBAICHANDI,88.13369,22.974465,,,8,5,3,0.0008899766381132495
CRAE,CHERAGRAM BH.,88.126806,22.993969,,,17,9,8,0.0018912003559906554
HIH,HAJIGARH,88.121403,23.007032,,,9,4,5,0.0010012237178774058
GRAE,GURAP,88.112282,23.02534,,,8,4,4,0.0008899766381132495
JPQ,JHAPANDANGA,88.091187,23.064129,,,6,3,3,0.0006674824785849371
JRAE,JAUGRAM,88.080887,23.078737,,,6,2,4,0.0006674824785849371
NBAE,NABAGRAM,88.06690900000001,23.09918,,,13,5,8,0.0014462120369340306
MSAE,MASAGRAM,88.042182,23.134791,,,16,9,7,0.001779953276226499
CHC,CHANCHAI,88.025521,23.157905,,,11,5,6,0.001223717877405718
PRAE,PALLA ROAD,88.00912100000001,23.179393,,,8,4,4,0.0008899766381132495
DKAE,DANKUNI,88.291491,22.677422,,,12,6,6,0.0013349649571698743
GBRA,GOBRA,88.279274,22.695504,,,7,4,3,0.0007787295583490933
JOX,JANAI ROAD,88.26510999999999,22.722379,,,9,3,6,0.0010012237178774058
BPAE,BEGUMPUR,88.255644,22.737627,,,12,6,6,0.0013349649571698743
BRPA,BARUIPARA,88.237381,22.766787,,,11,5,6,0.001223717877405718
MBE,MIRZAPUR BANKIPUR,88.224626,22.78738,,,11,5,6,0.001223717877405718
BLAE,BALARAMBATI,88.21216842,22.8068127,,,13,4,9,0.0014462120369340306
KQU,KAMARKUNDU,88.205127,22.821631,,,18,10,8,0.0020024474357548117
KQLS,KAMARKUNDU,88.204309,22.820899,,,12,6,6,0.0013349649571698743
MDSE,MADHU SUDANPUR,88.193499,22.845108,,,13,8,5,0.0014462120369340306
SDAH,KOLKATA SEALDAH,88.374713,22.566758,,,17,8,9,0.0018912003559906554
NKG,NARKALDENGA COACHING YARD,88.37910995610001,22.5719746424,,,7,5,2,0.0007787295583490933
KGK,KANKURGACHHI ROAD,88.385079,22.572603,,,6,3,3,0.0006674824785849371
BNXR,BIDHAN NAGAR,88.391045,22.592432,,,9,4,5,0.0010012237178774058
DDJ,DUM DUM,88.392835,22.621717,,,11,6,5,0.001223717877405718
BARN,BARANAGAR ROAD,88.37831077,22.6530928,,,4,2,2,0.00044498831905662476
DAKE,DAKSHINESWAR,88.36363519999999,22.6534841,,,4,2,2,0.00044498831905662476
BLYG,BALLY GHAT,88.347431,22.652173,,,4,2,2,0.00044498831905662476
BLYH,BALIHALT,88.33860800000001,22.652604,,,4,2,2,0.00044498831905662476
RCD,RAJCHANDRAPUR,88.321219,22.652739,,,6,3,3,0.0006674824785849371
CCRL,CC RLY LINK CAB,88.315286,22.652855,,,8,4,4,0.0008899766381132495
CCLW,CCLINK-WEST,88.305512,22.657411,,,6,3,3,0.0006674824785849371
GGSY,GANGA SAHAI,86.018783,25.269767,,,9,5,4,0.0010012237178774058
DMRX,DUMRI HALT,86.0283957056,25.2459362417,,,8,4,4,0.0008899766381132495
JCL,JADCHERLA,78.141972,16.752658,,,7,3,4,0.0007787295583490933
DJS,DHURANT JWAS HALT,86.047715,25.220474,,,7,3,4,0.0007787295583490933
JYG,JAYNAGAR,86.134871,26.589465,,,5,2,3,0.000556235398820781
SPJ,SAMASTIPUR JN,85.78736,25.858304,,,16,7,9,0.001779953276226499
KRHA,KORAHIA,86.15361374000001,26.529839579999997,,,4,2,2,0.00044498831905662476
KJI,KHAJAULI,86.1614216113,26.4839415697,,,6,3,3,0.0006674824785849371
GHX,GARHARA,86.0053080969,25.4409119004,,,13,6,7,0.0014462120369340306
LLPR,LALIT LAKSHMIPR,86.1562,26.436785,,,4,2,2,0.00044498831905662476
RJA,RAJANAGAR,86.152987,26.401801,,,4,2,2,0.00044498831905662476
HTZU,HATHIDAH UPPER,85.987422,25.351823,,,11,5,6,0.001223717877405718
MGPI,MANGARPATTI HALT,86.1100315369,26.371005066000002,,,3,2,1,0.0003337412392924686
MBI,MADHUBANI,86.076784,26.348165,,,4,2,2,0.00044498831905662476
BLRI,BELARI HALT,85.79465626460001,25.845989179900002,,,12,6,6,0.0013349649571698743
SPRN,SALEMPUR HALT,86.0816757483,26.30637807,,,4,2,2,0.00044498831905662476
UJP,UJIARPUR,85.799605,25.780378,,,9,6,3,0.0010012237178774058
PDW,PANDAUL,86.0866355896,26.2804866136,,,6,3,3,0.0006674824785849371
NAZJ,NAZIRGANJ,85.80632700000001,25.724315,,,9,4,5,0.0010012237178774058
UGNA,UGNA HALT,86.0925137378,26.2506466399,,,4,2,2,0.00044498831905662476
BSRA,BASARHIA HALT,85.8109824023,25.6921049276,,,10,5,5,0.001112470797641562
SKI,SAKRI JN,86.078137,26.208947000000002,,,14,7,7,0.0015574591166981867
DSS,DALSINGH SARAI,85.84146519999999,25.6647486,,,11,6,5,0.001223717877405718
SSNS,SHAHEED S N SINGH HALT,86.04289692260001,26.2010198369,,,6,3,3,0.0006674824785849371
TRS,TARSARAI,86.013311,26.194364999999998,,,8,4,4,0.0008899766381132495
BJIH,BIJULI HALT,85.976126,26.186676,,,4,2,2,0.00044498831905662476
KKHT,KAKARGHATTI,85.94826499999999,26.183484,,,8,4,4,0.0008899766381132495
STJT,SATHAJAGAT,85.86778899539999,25.631007269799998,,,7,2,5,0.0007787295583490933
BCA,BACHWARA JN,85.90014240000001,25.5812576,,,11,6,5,0.001223717877405718
DKGS,SIMARIA,86.014464,25.411453,,,9,4,5,0.0010012237178774058
MPNH,MAJNUPUR NAWADA,85.9312678741,25.5321961227,,,7,3,4,0.0007787295583490933
TGA,TEGHRA,85.941774,25.511020000000002,,,11,4,7,0.001223717877405718
BUJ,BARAUNI FLAG,85.96507848819999,25.4735905867,,,17,9,8,0.0018912003559906554
DBG,DARBHANGA JN,85.907575,26.157088,,,14,5,9,0.0015574591166981867
LSI,LAHERIA SARAI,85.903825,26.110633,,,4,2,2,0.00044498831905662476
TLWA,THALWARA,85.89750699999999,26.072734999999998,,,4,2,2,0.00044498831905662476
HYT,HAIAGHAT,85.87821199999999,26.020321,,,4,2,2,0.00044498831905662476
RBZ,RAMBHADDARPUR,85.86518199999999,25.977172,,,6,3,3,0.0006674824785849371
KSP,KISHANPUR,85.840384,25.925351000000003,,,17,11,6,0.0018912003559906554
MKPR,MUKTAPUR,85.79556,25.884676,,,6,3,3,0.0006674824785849371
KRPA,KHARIAPIPRA HALT,86.626717,25.242819,,,8,4,4,0.0008899766381132495
TALL,TALL JN,85.9546829749,25.3787000521,,,15,8,7,0.0016687061964623428
RDUM,RAMPUR DUMRA,86.0006415784,25.3308632845,,,9,4,5,0.0010012237178774058
BRYA,BARHIYA,86.01507679999999,25.2832026,,,11,6,5,0.001223717877405718
MKB,MANKATHA,86.056352,25.207216,,,7,4,3,0.0007787295583490933
LKR,LUCKEESARAI JN,86.093210587,25.1716617005,,,9,4,5,0.0010012237178774058
KIUL,KIUL JN,86.106198,25.171504,,,13,7,6,0.0014462120369340306
RMPR,RAMPUR HALT,86.1406539392,25.1721586608,,,14,7,7,0.0015574591166981867
DNRE,DHANAURI,86.1591750293,25.1719686608,,,10,5,5,0.001112470797641562
PWBN,PAWAI BROHMASTHAN HALT,86.1965221936,25.1712233008,,,7,3,4,0.0007787295583490933
UREN,UREN,86.2142016541,25.1712379405,,,11,6,5,0.001223717877405718
KJH,KAJRA,86.261571,25.182766,,,6,3,3,0.0006674824785849371
GIBP,GHOGHI BARIARPUR,86.3040822156,25.2058083716,,,6,3,3,0.0006674824785849371
AHA,ABHAIPUR,86.32307245909999,25.2159864584,,,7,3,4,0.0007787295583490933
MSDN,MASUDAN,86.3578830731,25.2352713892,,,8,4,4,0.0008899766381132495
DRH,DHARHARA,86.4115380682,25.2578934114,,,7,4,3,0.0007787295583490933
DRTP,DASHARATHPUR,86.46453228029999,25.265181819000002,,,9,5,4,0.0010012237178774058
SRB,SAROBAG,86.4765552539,25.273371220999998,,,11,6,5,0.001223717877405718
JMP,JAMALPUR JN,86.492285,25.313906,,,11,4,7,0.001223717877405718
PATM,PATAM HALT,86.5327701855,25.323255198600002,,,6,3,3,0.0006674824785849371
RPUR,RATANPUR,86.57608,25.279794000000003,,,7,4,3,0.0007787295583490933
RIKD,RISHIKUND,86.5623576038,25.294435959199998,,,6,3,3,0.0006674824785849371
BUP,BARIARPUR,86.5740372229,25.2810286076,,,9,5,4,0.0010012237178774058
KPRD,KALYANPUR ROAD,86.5806353711,25.275564886399998,,,12,5,7,0.0013349649571698743
KAPP,KHARIAPIPRA HALT,86.627487,25.243589,,,7,4,3,0.0007787295583490933
GNNA,GANGANI,86.593002,25.265514,,,9,5,4,0.0010012237178774058
KMGH,KAMARGANJ,86.6457233716,25.2369518098,,,6,3,3,0.0006674824785849371
SGG,SULTANGANJ,86.736175,25.24085,,,10,5,5,0.001112470797641562
AJUG,ABJUGANJ,86.775451,25.242369,,,5,2,3,0.000556235398820781
MVV,MAHESHI,86.799239,25.236912,,,6,3,3,0.0006674824785849371
AKN,AKBARNAGAR,86.8345333624,25.234880766899998,,,12,6,6,0.0013349649571698743
CTMP,CHHIT MAKHANPUR,86.87393632569999,25.234493190600002,,,6,3,3,0.0006674824785849371
MPY,MURARPUR,86.886908,25.232759,,,11,7,4,0.001223717877405718
NAT,NATHNAGAR,86.935373,25.237052000000002,,,9,5,4,0.0010012237178774058
BGP,BHAGALPUR,86.9767918,25.241909300000003,,,13,5,8,0.0014462120369340306
SBO,SABAUR,87.045918,25.239083,,,7,3,4,0.0007787295583490933
LMM,LAILAKH MAMLKHA,87.1050667084,25.21827008,,,9,5,4,0.0010012237178774058
GGA,GHOGA,87.16086164,25.2103054225,,,6,3,3,0.0006674824785849371
EKC,EKCHARI,87.2138658521,25.227623048199998,,,5,2,3,0.000556235398820781
CLG,KAHALGAON,87.2337518945,25.2621879424,,,4,2,2,0.00044498831905662476
BKSL,BIKRAM SHILA,87.3002182,25.30004436,,,4,2,2,0.00044498831905662476
SVRP,SHIVANARAYANPUR,87.3330938318,25.2937259592,,,6,3,3,0.0006674824785849371
LKB,LAKSHMIPUR BHORANG,87.36336,25.288258000000003,,,11,6,5,0.001223717877405718
PPT,PIRPAINTI,87.4218244568,25.2903753934,,,8,4,4,0.0008899766381132495
AMPL,AMMAPALLI HALT,87.4585745682,25.2724414889,,,11,6,5,0.001223717877405718
MZC,MIRZA CHEUKI,87.4979796002,25.2587767836,,,6,3,3,0.0006674824785849371
KRMA,KARAMTOLA,87.5531429022,25.2554212612,,,5,2,3,0.000556235398820781
SBG,SAHIBGANJ JN,87.63457700000001,25.241391999999998,,,7,4,3,0.0007787295583490933
SLJ,SAKRIGALI JN,87.715967,25.243358999999998,,,8,5,3,0.0008899766381132495
MJP,MOHARAJPUR,87.74030800000001,25.219587,,,8,4,4,0.0008899766381132495
KPTO,KARANPUR ATO,87.7340281628,25.136401449999997,,,9,4,5,0.0010012237178774058
TLJ,TALJHARI,87.7416879089,25.0823504143,,,12,5,7,0.0013349649571698743
KXE,KALIAN CHAK,87.736758,25.03452,,,8,4,4,0.0008899766381132495
TPH,TINPAHAR JN,87.7438070306,24.996925863999998,,,14,6,8,0.0015574591166981867
DDX,DHAMDHAMIA,87.7615573059,24.9603876804,,,9,5,4,0.0010012237178774058
GLY,GOLLAPALLY,78.157285,16.818903000000002,,,8,4,4,0.0008899766381132495
SNT,SAINTHIA,87.68120499999999,23.949741,,,7,3,4,0.0007787295583490933
GHLE,GADADHARPUR,87.691891,24.013197,,,7,4,3,0.0007787295583490933
MLV,MALLARPUR,87.726275,24.080029,,,10,4,6,0.001112470797641562
TPF,TARAPITH ROAD,87.7522050836,24.1265252897,,,11,6,5,0.001223717877405718
RPH,RAMPUR HAT,87.78214700000001,24.179797,,,8,4,4,0.0008899766381132495
SDLE,SWADINPUR,87.822587,24.253477999999998,,,7,3,4,0.0007787295583490933
NHT,NALHATI JN,87.83867000000001,24.295706,,,10,4,6,0.001112470797641562
CTR,CHATRA,87.849257,24.372846,,,6,3,3,0.0006674824785849371
MRR,MURARAI,87.85865299999999,24.440886,,,4,2,2,0.00044498831905662476
BSBR,BANSHLAI BRIDGE,87.862439,24.502610999999998,,,6,2,4,0.0006674824785849371
RJG,RAJGRAM,87.86763599999999,24.544607,,,13,6,7,0.0014462120369340306
NGF,NAGARNABI,87.8680748517,24.590321491500003,,,13,6,7,0.0014462120369340306
PKR,PAKUR,87.856054,24.638002,,,11,7,4,0.001223717877405718
TBB,TILBHITA,87.842581,24.677287999999997,,,14,7,7,0.0015574591166981867
KLP,KOTALPUKUR,87.823724,24.741141,,,8,4,4,0.0008899766381132495
GMAN,GUMANI,87.8052776343,24.798952096399997,,,11,5,6,0.001223717877405718
JTL,JHAPATER DHAL,87.750181,23.367646,,,7,4,3,0.0007787295583490933
BPS,BANPAS,87.74725106999999,23.40073073,,,7,4,3,0.0007787295583490933
NRX,NOADAR DHAL,87.745014,23.433926999999997,,,4,2,2,0.00044498831905662476
GKH,GUSKARA,87.733397,23.489998,,,6,3,3,0.0006674824785849371
PCQ,PICHKURIRDHAL,87.720914,23.54342,,,4,2,2,0.00044498831905662476
BDH,BHEDIA,87.711813,23.586642,,,5,2,3,0.000556235398820781
BHP,BOLPUR SHANTINIKETAN,87.698136,23.657804000000002,,,6,3,3,0.0006674824785849371
PNE,PRANTIK,87.693501,23.694435000000002,,,7,4,3,0.0007787295583490933
KPLE,KOPAI,87.689548,23.759063,,,7,4,3,0.0007787295583490933
AMP,AHMADPUR JN,87.6928410938,23.8325090573,,,7,3,4,0.0007787295583490933
BSLE,BATASPUR,87.6806814746,23.8802785594,,,5,3,2,0.000556235398820781
SKG,SAKTIGARH,87.971782,23.205879,,,13,6,7,0.0014462120369340306
GRP,GANGPUR,87.928116,23.223525000000002,,,17,9,8,0.0018912003559906554
BWN,BARDDHAMAN JN,87.87028099999999,23.249718,,,13,7,6,0.0014462120369340306
PLAE,PALSIT,88.00322154050001,23.197030709800003,,,4,2,2,0.00044498831905662476
TIT,TALIT,87.819122,23.29331,,,8,4,4,0.0008899766381132495
RSLR,RASULPUR,88.039994,23.187229000000002,,,4,2,2,0.00044498831905662476
KAN,KHANA JN,87.769547,23.320577,,,20,10,10,0.002224941595283124
NMF,NIMO,88.069346,23.180297999999997,,,4,2,2,0.00044498831905662476
MYM,MEMARI,88.095637,23.172935,,,5,3,2,0.000556235398820781
BDC,BANDEL JN,88.3793623,22.9236565,,,12,6,6,0.0013349649571698743
BGF,BAGILA,88.12200441,23.16014581,,,5,2,3,0.000556235398820781
HGY,HOOGHLY,88.375632,22.904835,,,6,3,3,0.0006674824785849371
DBP,DEBIPUR,88.15599765809999,23.1446129567,,,5,3,2,0.000556235398820781
CNS,CHUCHURA,88.3695,22.890190999999998,,,5,2,3,0.000556235398820781
BOI,BAINCHI,88.196286,23.1191243,,,6,3,3,0.0006674824785849371
CGR,CHANDAN NAGAR,88.354421,22.867469999999997,,,4,2,2,0.00044498831905662476
BCGM,BAINCHIGRAM,88.21629817,23.10588031,,,5,2,3,0.000556235398820781
MUU,MANKUNDU,88.346368,22.846462000000002,,,4,2,2,0.00044498831905662476
SLG,SIMLAGARH,88.23121300000001,23.095679,,,5,3,2,0.000556235398820781
PDA,PUNDOOAH,88.270115,23.070861999999998,,,5,2,3,0.000556235398820781
BHR,BHADRESHWAR,88.34153486,22.8279397,,,5,2,3,0.000556235398820781
KHN,KHANYAN,88.314472,23.046222,,,5,3,2,0.000556235398820781
BBAE,BAIDYABATI,88.33203765,22.79549199,,,5,3,2,0.000556235398820781
TLO,TALANDU,88.345088,23.009788,,,5,2,3,0.000556235398820781
MUG,MAGRA,88.36829,22.983124999999998,,,5,3,2,0.000556235398820781
SHE,SEORAPHULI,88.328809,22.774749,,,6,3,3,0.0006674824785849371
ADST,ADI SAPTAGRAM,88.378872,22.95447,,,6,3,3,0.0006674824785849371
SRP,SERAMPORE,88.338031,22.753967999999997,,,4,2,2,0.00044498831905662476
RIS,RISHRA,88.343378,22.726146,,,4,2,2,0.00044498831905662476
KOG,KONNAGAR,88.34183442140001,22.6994528322,,,4,2,2,0.00044498831905662476
HMZ,HIND MOTOR,88.341605,22.683736,,,4,2,2,0.00044498831905662476
UPA,UTTARPARA,88.34131699999999,22.667652,,,5,3,2,0.000556235398820781
BLY,BALLY,88.3406065536,22.6552655812,,,14,5,9,0.0015574591166981867
BEQ,BELUR,88.33950084,22.635912010000002,,,7,3,4,0.0007787295583490933
LLH,LILUAH,88.339559,22.621521,,,9,6,3,0.0010012237178774058
SYAE,LILUAH (SORTING YARD),88.336795,22.609028,,,13,7,6,0.0014462120369340306
HWHG,HOWRAH GOODS,88.33468799799999,22.5900953465,,,15,9,6,0.0016687061964623428
HWH,HOWRAH JN,88.34099900000001,22.584077999999998,,,44,24,20,0.004894871509622872
BKLE,BAKUDI,87.7749068933,24.9345107267,,,6,3,3,0.0006674824785849371
BHW,BARHARWA JN,87.77449299999999,24.857748,,,8,4,4,0.0008899766381132495
BDLC,BONIDANGA LINK CABIN,87.798331,24.822167,,,8,4,4,0.0008899766381132495
KRPU,KORAPUT,82.719436,18.792189999999998,,,7,3,4,0.0007787295583490933
KRPB,KORAPUT B CABIN B.H.,82.72400599999999,18.797786,,,5,3,2,0.000556235398820781
DMRT,DUMURIPUT,82.803933,18.780367000000002,,,4,2,2,0.00044498831905662476
DMNJ,DAMANJODI,82.865768,18.767771,,,4,2,2,0.00044498831905662476
BGUA,BAIGUDA,82.96578736,18.827043709999998,,,4,2,2,0.00044498831905662476
KKGM,KAKIRIGUMMA,83.007309,18.923382,,,4,2,2,0.00044498831905662476
LKMR,LAXMIPUR ROAD,83.104298,19.003986,,,4,2,2,0.00044498831905662476
SGRM,SINGARAM,83.10500400000001,19.110931,,,4,2,2,0.00044498831905662476
TKRI,TIKIRI,83.09910500000001,19.177667000000003,,,4,2,2,0.00044498831905662476
RUL,RAULI,83.16728,19.230268,,,4,2,2,0.00044498831905662476
LLGM,LELIGUMA,83.208299,19.304006,,,4,2,2,0.00044498831905662476
BLMK,BHALUMASKA,83.29429956000001,19.32812783,,,4,2,2,0.00044498831905662476
SKPI,SIKARPAI,83.32010335,19.391899549999998,,,4,2,2,0.00044498831905662476
KTGA,KEUTGUDA,83.368072,19.303471000000002,,,4,2,2,0.00044498831905662476
RGDA,RAYAGADA,83.410505,19.175642,,,4,2,2,0.00044498831905662476
SPRD,SINGAPURAM ROAD,83.403066,19.258673,,,6,3,3,0.0006674824785849371
THV,THERUBALI,83.42130900000001,19.335826,,,7,4,3,0.0007787295583490933
BMCK,BISSAMCUTTACK,83.458973,19.487437999999997,,,9,3,6,0.0010012237178774058
SNRL,SANSARTALI,83.47977300000001,19.529222,,,10,5,5,0.001112470797641562
MNGD,MUNIGUDA,83.488343,19.62753,,,8,5,3,0.0008899766381132495
DKLU,DOIKALLU,83.48161132000001,19.74188249,,,6,2,4,0.0006674824785849371
AMB,AMBODALA,83.45635247989999,19.8363234649,,,4,2,2,0.00044498831905662476
LJR,LANJIGARH ROAD,83.4003416858,19.9434221772,,,4,2,2,0.00044498831905662476
NRLR,NORLA ROAD,83.373301,20.041394,,,4,2,2,0.00044498831905662476
RPRD,RUPRA ROAD,83.330956,20.08447,,,4,2,2,0.00044498831905662476
KDLR,KANDEL ROAD,83.27892999999999,20.126381000000002,,,4,2,2,0.00044498831905662476
KSNG,KESINGA,83.224709,20.188102999999998,,,5,3,2,0.000556235398820781
RRGA,RANGAREDDY GUDA,78.18083299999999,16.901936,,,8,4,4,0.0008899766381132495
DPP,DHIRPUR,76.84405122380001,30.0663927023,,,7,4,3,0.0007787295583490933
DHMZ,DHOLA MAZRA,76.854437,30.120677999999998,,,8,4,4,0.0008899766381132495
SHDM,SHAHBAD MARKNDA,76.861554,30.166186,,,8,4,4,0.0008899766381132495
MOY,MOHRI,76.850054,30.255264,,,10,5,5,0.001112470797641562
PGMD,PRAGATI MAIDAN,77.247277,28.615267999999997,,,12,5,7,0.0013349649571698743
BJA,BIJROTHA,78.4216048,24.9469398,,,13,6,7,0.0014462120369340306
FDB,FARIDABAD,77.30734799999999,28.411473,,,11,4,7,0.001223717877405718
NZM,DELHI H NIZAMUDDIN,77.254249,28.587329999999998,,,32,21,11,0.003559906552452998
TKJ,TILAK BRIDGE,77.237995,28.627633,,,13,7,6,0.0014462120369340306
CSB,SHIVAJI BRIDGE,77.226612,28.634101,,,13,7,6,0.0014462120369340306
NDLS,NEW DELHI,77.22000399999999,28.642314,,,24,14,10,0.0026699299143397486
DSB,DELHI SADAR BAZAR,77.216852,28.658656,,,12,7,5,0.0013349649571698743
SZM,SUBZI MANDI,77.199696,28.668683,,,8,4,4,0.0008899766381132495
DAZ,DELHI AZADPUR,77.176713,28.702645999999998,,,4,2,2,0.00044498831905662476
AMIN,AMIN,76.900028,29.904968,,,6,3,3,0.0006674824785849371
DHKR,DHODA KHEDI,76.842512,30.018915000000003,,,7,3,4,0.0007787295583490933
CORD,BILASPUR CHORD CABIN,82.125212,22.082796000000002,,,7,4,3,0.0007787295583490933
USL,USALAPUR,82.111546,22.102548,,,4,2,2,0.00044498831905662476
GTK,GHUTKU,82.085321,22.16819,,,4,2,2,0.00044498831905662476
KLTR,KALMITAR,82.0576347339,22.2342458973,,,4,2,2,0.00044498831905662476
KGB,KARGI ROAD,82.026832,22.297935,,,4,2,2,0.00044498831905662476
SLKR,SALKAROAD,82.010606,22.36745,,,5,2,3,0.000556235398820781
BIG,BELGAHNA,82.032374,22.431085,,,5,3,2,0.000556235398820781
TGQ,TENGANMADA,81.99575,22.507027,,,4,2,2,0.00044498831905662476
KGS,KHONGSARA,81.934151,22.551352,,,4,2,2,0.00044498831905662476
BHTK,BHANWAR TONK,81.897794,22.607916,,,4,2,2,0.00044498831905662476
KOI,KHODRI,81.93569600000001,22.665094,,,4,2,2,0.00044498831905662476
SBRA,SARBAHARA,81.91042900000001,22.710501999999998,,,4,2,2,0.00044498831905662476
PND,PENDRA ROAD,81.89917,22.755824999999998,,,4,2,2,0.00044498831905662476
HRB,HARRI,81.882604,22.82794,,,4,2,2,0.00044498831905662476
VKR,VENKATNAGRA,81.872187,22.923269,,,4,2,2,0.00044498831905662476
NIQ,NIGAURA,81.874215,22.961546000000002,,,4,2,2,0.00044498831905662476
JTI,JAITHARI,81.7970919489,23.0451865524,,,4,2,2,0.00044498831905662476
CLF,CHHULHA,81.73707,23.106724,,,4,2,2,0.00044498831905662476
APR,ANUPPUR JN,81.695967,23.117312,,,6,3,3,0.0006674824785849371
AAL,AMLAI,81.593507,23.173469,,,5,2,3,0.000556235398820781
BUH,BURHAR,81.528406,23.213203999999998,,,6,3,3,0.0006674824785849371
CHDX,CHHADA,81.47142699999999,23.237624,,,9,5,4,0.0010012237178774058
SNGP,SINGHPUR,81.4075072687,23.253960575599997,,,7,3,4,0.0007787295583490933
SDL,SHAHDOL,81.36407299999999,23.285961999999998,,,6,4,2,0.0006674824785849371
BDWA,BADHWA BARA,81.28636818000001,23.2939334,,,5,2,3,0.000556235398820781
GGT,GHUNGHUTI,81.1862407697,23.3436391121,,,6,3,3,0.0006674824785849371
MDXR,MUDARIA,81.0950669171,23.3586036574,,,6,2,4,0.0006674824785849371
BRS,BIRSINGHPUR,81.0433529,23.367211700000002,,,5,3,2,0.000556235398820781
NRZB,NOWROZABAD,80.980363,23.394425,,,5,2,3,0.000556235398820781
KKI,KARKELI,80.919056,23.460957,,,6,3,3,0.0006674824785849371
UMR,UMARIA,80.823244,23.52273,,,6,4,2,0.0006674824785849371
LOA,LORHA,80.75161299999999,23.581228,,,7,3,4,0.0007787295583490933
CHD,CHANDIA ROAD,80.701436,23.6454399,,,6,2,4,0.0006674824785849371
VYK,VILAYATKALAN RD,80.610102,23.708924,,,5,3,2,0.000556235398820781
RPD,RUPAUND,80.573345,23.731755,,,5,2,3,0.000556235398820781
JLW,JHALWARA,80.473608,23.772191,,,7,4,3,0.0007787295583490933
BABR,BALANAGAR,78.188891,16.947622000000003,,,7,4,3,0.0007787295583490933
ULM,URLAM,83.989515,18.435565999999998,,,14,8,6,0.0015574591166981867
TIU,TILARU,84.0726809924,18.4704858205,,,12,5,7,0.0013349649571698743
HCM,HARISHCHANDRAPURAM,84.1214378076,18.4790934357,,,14,8,6,0.0015574591166981867
KBM,KOTABOMMALI,84.199842,18.488355,,,16,9,7,0.001779953276226499
DGB,DINDU GOPALA PURAM HALT,84.241768,18.542976,,,19,14,5,0.0021136945155189675
NWP,NAUPADA JN,84.2829220099,18.5794097271,,,18,7,11,0.0020024474357548117
RMZ,ROUTHPURAM HALT,84.3356803912,18.6209643431,,,13,6,7,0.0014462120369340306
PUN,PUNDI,84.370679,18.665917999999998,,,16,9,7,0.001779953276226499
PSA,PALASA,84.42209100000001,18.756782,,,17,8,9,0.0018912003559906554
SUDV,SUMMADEVI,84.467259,18.808896999999998,,,15,8,7,0.0016687061964623428
MMS,MANDASA ROAD,84.494113,18.840628000000002,,,14,7,7,0.0015574591166981867
BAV,BARUVA,84.554233,18.900748,,,15,6,9,0.0016687061964623428
SPT,SOMPETA,84.58149999999999,18.981296999999998,,,17,12,5,0.0018912003559906554
JPI,JHADUPUDI,84.613031,19.028201,,,15,4,11,0.0016687061964623428
IPM,ICHCHPURAM,84.680427,19.110752,,,10,5,5,0.001112470797641562
SLRD,SURLA ROAD,84.719145,19.177016000000002,,,9,5,4,0.0010012237178774058
GTA,GOLANTHRA,84.740668,19.219065,,,13,6,7,0.0014462120369340306
BAM,BRAHMAPUR,84.7966912,19.2961348,,,12,4,8,0.0013349649571698743
JNP,JAGAN NATHAPUR,84.8681439825,19.330648607,,,12,5,7,0.0013349649571698743
NRSP,NARASIMHAPURA,84.9387492847,19.3632939389,,,17,11,6,0.0018912003559906554
CAP,CHATRAPUR,84.97327299999999,19.3589572,,,19,10,9,0.0021136945155189675
CAPC,CHATRAPUR COURT,84.982543,19.358941,,,15,5,10,0.0016687061964623428
GAM,GANJAM,85.046719,19.395827,,,16,9,7,0.001779953276226499
HMA,HUMMA,85.07588799999999,19.443283,,,21,12,9,0.00233618867504728
RBA,RAMBHA,85.09407900000001,19.537957,,,17,10,7,0.0018912003559906554
KIT,KHALLIKOT,85.128091,19.611204999999998,,,15,6,9,0.0016687061964623428
KLJI,KALIJAI,85.151414,19.647603999999998,,,20,11,9,0.002224941595283124
CLKA,CHILKA,85.17991400000001,19.686694,,,24,13,11,0.0026699299143397486
BALU,BALUGAON,85.200953,19.747366,,,20,12,8,0.002224941595283124
SLZ,SOLARI,85.24778599999999,19.800255,,,13,5,8,0.0014462120369340306
GNGD,GANGADHARPUR,85.29323500000001,19.815673,,,9,5,4,0.0010012237178774058
KUU,KUHURI,85.3527,19.859987,,,8,3,5,0.0008899766381132495
KAPG,KALUPARA GHAT,85.40365100000001,19.896585,,,15,7,8,0.0016687061964623428
MKTP,MUKETASHWAR,85.437914,19.919138,,,15,5,10,0.0016687061964623428
BSDP,BHUSANDPUR,85.4764825,19.951792700000002,,,15,7,8,0.0016687061964623428
NKP,NIRAKARPUR,85.53046400000001,19.991740999999998,,,13,8,5,0.0014462120369340306
GLBA,GOLABAI,85.555928,20.016866,,,12,6,6,0.0013349649571698743
TAP,TAPANG,85.580989,20.052879,,,11,4,7,0.001223717877405718
DLMH,DHAULIMUHAN,85.60477200000001,20.079331999999997,,,11,6,5,0.001223717877405718
KPXR,KAIPADA ROAD,85.639666,20.10484,,,13,7,6,0.0014462120369340306
ARGL,ARGUL,85.67088007,20.12442672,,,18,8,10,0.0020024474357548117
VSKP,VISHAKAPATNAM,83.289514,17.72159,,,12,6,6,0.0013349649571698743
MIPM,MARRIPALEM,83.252629,17.7363,,,20,9,11,0.002224941595283124
SCM,SIMHACHALAM,83.220449,17.744667,,,9,5,4,0.0010012237178774058
SCMN,SIMHACHALAM NORTH,83.209636,17.752094,,,21,9,12,0.00233618867504728
PDT,PENDURTI,83.195211,17.813498,,,20,11,9,0.002224941595283124
KTV,KOTTAVALASA,83.18509999999999,17.892374999999998,,,15,8,7,0.0016687061964623428
KPL,KANTAKAPALLE,83.20820499999999,17.954718999999997,,,18,11,7,0.0020024474357548117
ALM,ALAMANDA,83.271604,18.012510000000002,,,16,8,8,0.001779953276226499
KUK,KORUKONDA,83.320296,18.054196,,,14,6,8,0.0015574591166981867
VZM,VIZIANAGRAM JN,83.39558600000001,18.111374,,,19,10,9,0.0021136945155189675
NML,NELLIMARIA,83.456046,18.183131,,,16,8,8,0.001779953276226499
GUL,GUJJANGIVALASA,83.5108882898,18.230678746400002,,,10,5,5,0.001112470797641562
GVI,GARIVIDI,83.5308410095,18.2732681907,,,15,7,8,0.0016687061964623428
CPP,CHIPURUPALLE,83.569608,18.316259000000002,,,15,7,8,0.0016687061964623428
BTVA,BATUVA,83.62409646,18.34308678,,,16,7,9,0.001779953276226499
SGDM,SIGADAM,83.68144099999999,18.360601,,,18,12,6,0.0020024474357548117
PDU,PONDURU,83.776548,18.362876,,,17,8,9,0.0018912003559906554
DUSI,DUSI,83.857682,18.369969,,,15,9,6,0.0016687061964623428
CHE,SRIKAKULAM ROAD,83.903771,18.408679,,,12,4,8,0.0013349649571698743
SHNR,SHADNAGAR,78.213273,17.064646,,,7,3,4,0.0007787295583490933
CUL,CHULI,71.340823,23.006336,,,5,3,2,0.000556235398820781
SRBR,SURBARI,70.696477,23.231063000000002,,,5,3,2,0.000556235398820781
KCG,KACHEGUDA,78.499756,17.389561,,,8,3,5,0.0008899766381132495
MXT,MALAKPET KACHEGUDA,78.494244,17.375398,,,7,3,4,0.0007787295583490933
DQR,KACHEGUDA DBR,78.490284,17.366083,,,10,5,5,0.001112470797641562
HPG,HUPPUGUDA,78.48196499999999,17.34071,,,7,4,3,0.0007787295583490933
FM,KACHEGUDA FALAKNUMA,78.474481,17.332197,,,11,5,6,0.001223717877405718
TMX,TIMMAPUR,78.288344,17.169347000000002,,,7,4,3,0.0007787295583490933
UR,UMDANAGAR,78.393143,17.262932000000003,,,5,2,3,0.000556235398820781
BDVL,BUDVEL,78.4245182,17.3093773,,,6,3,3,0.0006674824785849371
ADI,AHMEDABAD JN,72.601516,23.025515,,,23,10,13,0.0025586828345755923
KKF,KANKARIA,72.607102,23.008817,,,13,8,5,0.0014462120369340306
MAN,MANI NAGAR,72.610413,23.000142,,,13,5,8,0.0014462120369340306
VTA,VATVA,72.6294363164,22.959728549199998,,,9,5,4,0.0010012237178774058
GER,GERATPUR,72.65515099999999,22.917292,,,11,4,7,0.001223717877405718
BJD,BAREJADI,72.6778863,22.895426699999998,,,15,10,5,0.0016687061964623428
KANJ,KANIL,72.705473,22.867203999999997,,,12,6,6,0.0013349649571698743
NEP,NENPUR,72.725207,22.847183,,,13,6,7,0.0014462120369340306
MHD,MAHEMDAVAD KHEDA RD,72.752481,22.819556000000002,,,12,6,6,0.0013349649571698743
GTE,GOTHAJ,72.8013557965,22.759953846400002,,,10,4,6,0.001112470797641562
ND,NADIAD JN,72.855718,22.694105999999998,,,17,7,10,0.0018912003559906554
UTD,UTARSANDA,72.88880999999999,22.654716,,,13,6,7,0.0014462120369340306
KBRV,KANJARI BORIYAV,72.921535,22.614849,,,10,6,4,0.001112470797641562
NOL,NIYOL,72.902305,21.160311,,,4,2,2,0.00044498831905662476
CHM,CHALTHAN,72.95617,21.157909,,,5,3,2,0.000556235398820781
BGMR,BAGUMRA,72.996091,21.149694,,,8,5,3,0.0008899766381132495
GGAR,GANGADHARA,73.043566,21.141419000000003,,,7,4,3,0.0007787295583490933
BIY,BARDOLI,73.1058944,21.1342405,,,6,3,3,0.0006674824785849371
TBV,TIMBARVA,73.144398,21.146312,,,7,4,3,0.0007787295583490933
MGRL,MANGROLLA,73.182172,21.156258,,,9,4,5,0.0010012237178774058
MID,MADHI,73.24268000000001,21.145672,,,6,3,3,0.0006674824785849371
KRAI,KAHET,73.294162,21.137196,,,6,3,3,0.0006674824785849371
LTV,LOTARVA,73.202399,21.153797,,,10,5,5,0.001112470797641562
VYA,VYARA,73.383847,21.118142,,,6,3,3,0.0006674824785849371
KKRD,KIKAKUI ROAD,73.481234,21.12908,,,5,2,3,0.000556235398820781
DSD,DOSVADA,73.502728,21.130512,,,8,3,5,0.0008899766381132495
USD,UKAI SONGADH,73.55554,21.147743,,,8,5,3,0.0008899766381132495
LKKD,LAKKADKOT,73.603025,21.163562,,,5,3,2,0.000556235398820781
BBAI,BHADBHUNJA,73.693754,21.166264,,,4,2,2,0.00044498831905662476
NWU,NAVAPUR,73.771183,21.166844,,,6,2,4,0.0006674824785849371
KFF,KOLDA,73.893108,21.165523,,,8,3,5,0.0008899766381132495
CPD,CHINCHPADA,73.93924200000001,21.206379000000002,,,8,5,3,0.0008899766381132495
KHTG,KHATGAON,73.992081,21.26417,,,9,4,5,0.0010012237178774058
KBH,KHANDBAARA,74.101865,21.324398,,,8,4,4,0.0008899766381132495
BAWD,BHADWAD,74.09831697,21.323159150000002,,,10,5,5,0.001112470797641562
DWD,DHEKVAD,74.13857,21.339179,,,6,3,3,0.0006674824785849371
NDB,NANDURBAR,74.246482,21.374812,,,8,3,5,0.0008899766381132495
CUE,CHOUPALE,74.319097,21.377019,,,9,6,3,0.0010012237178774058
TISI,TISI,74.364777,21.382994,,,8,4,4,0.0008899766381132495
RNL,RANALA,74.47179,21.372813,,,8,3,5,0.0008899766381132495
DDE,DONDAICHA,74.563104,21.331414,,,10,3,7,0.001112470797641562
VKH,VIKHRAN ROAD,74.617881,21.302739000000003,,,10,5,5,0.001112470797641562
SNSL,SONSHELU,74.66225600000001,21.274379,,,10,5,5,0.001112470797641562
SNK,SINDKHEDA,74.73536700000001,21.234022,,,9,4,5,0.0010012237178774058
HOL,HOL,74.784857,21.198376,,,5,3,2,0.000556235398820781
NDN,NARDANA,74.82874699999999,21.178209,,,4,2,2,0.00044498831905662476
BEW,BETAVAD,74.886199,21.149244,,,8,5,3,0.0008899766381132495
PDP,PADSE,74.924335,21.132043,,,10,7,3,0.001112470797641562
BRTK,BHORTEX,74.995996,21.102507999999997,,,10,4,6,0.001112470797641562
AN,AMALNER,75.057314,21.049008999999998,,,12,6,6,0.0013349649571698743
TKHE,TAKARKHEDE,75.167017,21.03491,,,10,6,4,0.001112470797641562
BHNE,BHONE,75.22247700000001,21.018946,,,12,6,6,0.0013349649571698743
DXG,DHARANGAON,75.286092,21.006447,,,11,5,6,0.001223717877405718
CHLK,CHAVALKHEDE,75.352237,21.024084000000002,,,8,5,3,0.0008899766381132495
PLD,PALDHI,75.46157,21.022831999999998,,,8,4,4,0.0008899766381132495
MIB,NAGPUR MOTI BAGH,79.088986,21.146062,,,8,5,3,0.0008899766381132495
RVH,RAIPUR R-V BLOCK,81.64428199999999,21.26848,,,6,3,3,0.0006674824785849371
MNDH,MANDIR HASAUD,81.772807,21.226191999999998,,,5,2,3,0.000556235398820781
LAE,LAKHOLI,81.890652,21.201827,,,5,2,3,0.000556235398820781
ANMD,ARANG MAHANADI,81.955513,21.189614,,,4,2,2,0.00044498831905662476
BLSN,BELSONDA,82.03562500000001,21.155027,,,6,4,2,0.0006674824785849371
MSMD,MAHASAMUND,82.10389,21.113138000000003,,,6,2,4,0.0006674824785849371
ARN,ARAND,82.183013,21.102097,,,4,2,2,0.00044498831905662476
BMKJ,BHIMKHOJ,82.289327,21.080325,,,4,2,2,0.00044498831905662476
BGBR,BAGBAHRA,82.3841486,21.0462946,,,4,2,2,0.00044498831905662476
KMK,KOMAKHAN,82.45769200000001,20.979703,,,5,3,2,0.000556235398820781
KRAR,KHARIAR ROAD,82.510513277,20.901385555799997,,,5,3,2,0.000556235398820781
NPD,NAWAPARA ROAD,82.562564,20.809717,,,4,2,2,0.00044498831905662476
LKNA,LAKHNA,82.662489,20.729266,,,4,2,2,0.00044498831905662476
HSK,HARISHANKER RD,82.7660362524,20.6267890734,,,4,2,2,0.00044498831905662476
TIG,TITLAGARH,83.154382,20.284399,,,10,5,5,0.001112470797641562
TRKR,TUREKALA ROAD,82.8147164221,20.563094809,,,4,2,2,0.00044498831905662476
SFK,SIKIR,83.199696,20.337936,,,6,2,4,0.0006674824785849371
KBJ,KANTABANJI,82.906517,20.474059,,,4,2,2,0.00044498831905662476
BUDM,BADMAL,83.27114900000001,20.384900000000002,,,7,4,3,0.0007787295583490933
MRBL,MURIBAHAL,83.016704,20.385885000000002,,,4,2,2,0.00044498831905662476
SFC,SAINTALA,83.335045,20.433878,,,7,3,4,0.0007787295583490933
RNBT,RAHENBATA,83.08993099999999,20.329013,,,5,3,2,0.000556235398820781
DFR,DEOGAN ROAD,83.430063,20.554779,,,5,2,3,0.000556235398820781
BLGR,BALANGIR,83.494207,20.688591,,,6,3,3,0.0006674824785849371
BNRD,BALANGIR ROAD,83.498557,20.715094,,,8,5,3,0.0008899766381132495
LSX,LOISINGHA,83.514083,20.852667,,,7,3,4,0.0007787295583490933
KHPL,KHALIPALI,83.536231,20.950218,,,6,3,3,0.0006674824785849371
DJX,DUNGRIPADI,83.559213,21.060872999999997,,,6,3,3,0.0006674824785849371
BRPL,BARPALI,83.59487580000001,21.183637700000002,,,6,4,2,0.0006674824785849371
BRGA,BARGARH ROAD,83.642586,21.332902999999998,,,5,3,2,0.000556235398820781
ATS,ATTABIRA,83.792637,21.388039,,,5,2,3,0.000556235398820781
GBQ,GODBHAGA,83.856969,21.416457,,,6,3,3,0.0006674824785849371
HKG,HIRAKUD,83.905097,21.479827,,,6,2,4,0.0006674824785849371
JSRY,JHARSUGUDA R YARD,84.0718776697,21.8876435594,,,20,11,9,0.002224941595283124
DTV,DHUTRA,84.09109799999999,21.896881999999998,,,10,6,4,0.001112470797641562
PNPL,PANPALI,84.139173,21.915685999999997,,,9,4,5,0.0010012237178774058
BEH,BAGDIHI,84.18631,21.951046,,,8,4,4,0.0008899766381132495
DIH,DHARUADIHI,84.223691,21.995145,,,7,4,3,0.0007787295583490933
BMB,BAMRA,84.291044,22.051355,,,9,5,4,0.0010012237178774058
TGM,TANGARMUNDA,84.35861200000001,22.09407,,,7,2,5,0.0007787295583490933
GPH,GARPOS,84.418434,22.134204,,,4,2,2,0.00044498831905662476
SOGR,SOGRA,84.459478,22.153756,,,4,2,2,0.00044498831905662476
SXN,SONAKHAN,84.519562,22.166579000000002,,,5,2,3,0.000556235398820781
GP,RAJ GANGPUR,84.58205099999999,22.186062000000003,,,6,2,4,0.0006674824785849371
KXN,KANSHBAHAL,84.66628899999999,22.215278,,,9,6,3,0.0010012237178774058
TLHR,TALCHER,85.200385,20.932262,,,4,2,2,0.00044498831905662476
TLTM,TALCHER THERMAL,85.21416081,20.91053519,,,14,7,7,0.0015574591166981867
TTPT,TALCHER THERMAL,85.21712600000001,20.905032,,,12,6,6,0.0013349649571698743
KLG,KALUNGA,84.73367300000001,22.222144,,,10,5,5,0.001112470797641562
PPO,PANPOSH,84.804627,22.228538,,,9,3,6,0.0010012237178774058
ROU,ROURKELA,84.86313200000001,22.22844,,,17,7,10,0.0018912003559906554
BNDM,BONDAMUNDA,84.92505809999999,22.2355174,,,25,12,13,0.002781176994103905
BGKA,BANGURKELA,84.9552704382,22.3505683976,,,10,5,5,0.001112470797641562
BSPK,BISPUR,84.9464074011,22.3740198995,,,12,6,6,0.0013349649571698743
NXN,NUAGAON,84.94203300000001,22.386583,,,13,6,7,0.0014462120369340306
ORGA,ORGA,84.91578,22.448548,,,10,6,4,0.001112470797641562
PBB,PARBATONIA,84.949201,22.497616999999998,,,6,3,3,0.0006674824785849371
TATI,TATI,84.918457,22.558381999999998,,,6,3,3,0.0006674824785849371
BRBR,BARBERA,84.8694214429,22.5755618647,,,8,4,4,0.0008899766381132495
KNRN,KANAROAN,84.877026,22.600484,,,8,4,4,0.0008899766381132495
BANO,BANO,84.90298541140001,22.6647837973,,,11,6,5,0.001223717877405718
MCZ,MAHABUANG,84.9352760571,22.7199286684,,,6,3,3,0.0006674824785849371
KRKR,KURKURA,84.931238,22.763217,,,4,2,2,0.00044498831905662476
PKC,PAKRA,84.93690600000001,22.828158,,,6,3,3,0.0006674824785849371
PKF,POKLA,84.951364,22.89496,,,10,5,5,0.001112470797641562
BKPR,BAKASPUR,84.9537296552,22.9810196446,,,8,4,4,0.0008899766381132495
JGX,JARIAGARH,84.9866928088,23.0088422742,,,10,5,5,0.001112470797641562
GBX,GOVINDPUR ROAD,85.0435794019,23.061857490599998,,,10,5,5,0.001112470797641562
KRRA,KARRA,85.1327416565,23.1219323537,,,8,4,4,0.0008899766381132495
BNGO,BINGAON,85.1658139636,23.1666884029,,,7,4,3,0.0007787295583490933
LOM,LODHMA,85.2001212549,23.2233502762,,,6,3,3,0.0006674824785849371
BLRG,BALASIRING,85.2812029169,23.2691273563,,,10,7,3,0.001112470797641562
HTE,HATIA,85.308218,23.311612999999998,,,21,6,15,0.00233618867504728
ITR,ITWARI,79.11923700000001,21.157819,,,10,5,5,0.001112470797641562
MTD,MERTA ROAD JN,73.917896,26.728077000000003,,,11,4,7,0.001223717877405718
KQW,KHEDULI,74.014573,26.759393000000003,,,7,3,4,0.0007787295583490933
REN,REN,74.07446200000001,26.788798,,,7,4,3,0.0007787295583490933
JAC,JALSU,74.194547,26.844883,,,8,3,5,0.0008899766381132495
JACN,JALSU NANAK,74.250429,26.868694,,,10,5,5,0.001112470797641562
DNA,DEGANA JN,74.316388,26.897349,,,12,6,6,0.0013349649571698743
GCH,GACHHIPURA,74.454426,26.953522,,,5,3,2,0.000556235398820781
BSRL,BESROLI,74.560725,26.990674000000002,,,5,2,3,0.000556235398820781
BOW,BORAWAR,74.66939656189999,27.0283068063,,,6,3,3,0.0006674824785849371
MKN,MAKRANA JN,74.72314899999999,27.037532,,,6,2,4,0.0006674824785849371
KMNC,KUCHAMAN CITY,74.8514568066,27.0535465396,,,5,3,2,0.000556235398820781
THMR,THATHANA MITHRI,74.8979728705,27.055138193999998,,,6,3,3,0.0006674824785849371
NYK,NAYA KHARADIA,74.93509671199999,27.0383856624,,,7,4,3,0.0007787295583490933
NAC,NAWA CITY,74.99883200000001,27.029479,,,5,3,2,0.000556235398820781
GVMR,GOVINDI MARWAR,75.093144,27.03169,,,4,2,2,0.00044498831905662476
GA,GUDHA,75.128292,26.950042,,,6,3,3,0.0006674824785849371
SBR,SAMBHAR LAKE,75.179915,26.904308,,,6,3,3,0.0006674824785849371
FL,PHULERA JN,75.24545599999999,26.872814,,,17,8,9,0.0018912003559906554
HDA,HIRNODA,75.327459,26.885336000000002,,,11,7,4,0.001223717877405718
DHND,DHINDA,75.361206,26.890931,,,10,5,5,0.001112470797641562
JU,JODHPUR JN,73.02319,26.283765,,,18,8,10,0.0020024474357548117
RKB,RAIKA BAGH,73.039744,26.291628000000003,,,11,6,5,0.001223717877405718
JUCT,JODHPUR CANTT,73.075277,26.304264,,,10,8,2,0.001112470797641562
BNO,BANAR,73.146431,26.33951,,,8,5,3,0.0008899766381132495
JWL,JAJIWAL,73.2228278314,26.3680583662,,,7,3,4,0.0007787295583490933
AAS,ASRANADA,73.30532500000001,26.397374,,,7,3,4,0.0007787295583490933
KSW,KHERI SALWA,73.3907543195,26.4285105345,,,7,3,4,0.0007787295583490933
PPR,PIPAR ROAD JN,73.448703,26.452849999999998,,,6,3,3,0.0006674824785849371
SWF,SATHIN ROAD,73.509748,26.48978,,,4,2,2,0.00044498831905662476
UMED,UMED,73.605896,26.549322,,,6,4,2,0.0006674824785849371
KXG,KHARIA KHANGARH,73.686313,26.609843,,,7,4,3,0.0007787295583490933
GOTN,GOTAN,73.737284,26.652200999999998,,,7,4,3,0.0007787295583490933
JOM,JOGI MAGRA,73.818142,26.697862,,,6,4,2,0.0006674824785849371
SWM,SAWAI MADHOPUR,76.35622,26.018279,,,12,6,6,0.0013349649571698743
KTA,KUSHTALA,76.326705,25.961351,,,10,4,6,0.001112470797641562
RWJ,RAWANIA DUNGAR,76.313705,25.887841,,,14,8,6,0.0015574591166981867
AMLI,AMLI,76.286156,25.828156,,,13,8,5,0.0014462120369340306
JOB,ASALPUR JOBNER,75.423467,26.900084,,,9,6,3,0.0010012237178774058
IDG,INDARGARH,76.232938,25.727874,,,10,4,6,0.001112470797641562
BOBS,BOBAS,75.4980458,26.9056364,,,7,2,5,0.0007787295583490933
SHNX,SHEO SINGH PURA,75.567278,26.913378,,,11,3,8,0.001223717877405718
LKE,LAKHERI,76.192147,25.639864,,,10,7,3,0.001112470797641562
MSO,MISROD,77.45804600000001,23.168701000000002,,,14,11,3,0.0015574591166981867
HBJ,HABIBGANJ,77.43942899999999,23.221979,,,9,4,5,0.0010012237178774058
BPL,BHOPAL JN,77.4131428577,23.266884384300003,,,12,6,6,0.0013349649571698743
BIH,BAIRAGARH,77.33622,23.273607199999997,,,8,5,3,0.0008899766381132495
BQE,BAKANIAN BHAUNR,77.252499,23.261737,,,8,4,4,0.0008899766381132495
LBN,LABAN,76.207965,25.574304,,,7,3,4,0.0007787295583490933
KPZ,KAPREN,76.08649199999999,25.444815000000002,,,6,3,3,0.0006674824785849371
KTSC,KOTA JN SOUTH C,75.88511100000001,25.198051,,,6,3,3,0.0006674824785849371
DKNT,DAKANIYA TALAV,75.865501,25.145187999999997,,,7,4,3,0.0007787295583490933
DDV,DADHDEVI,75.898016,25.077840000000002,,,8,5,3,0.0008899766381132495
ALNI,ALNIYA,75.90874587280001,25.0316757156,,,7,3,4,0.0007787295583490933
DKQ,DHANI KASAR,75.93221182010001,24.9874595619,,,6,3,3,0.0006674824785849371
RDT,RAVTHA ROAD,75.958203,24.933449,,,8,4,4,0.0008899766381132495
DARA,DARA,76.005784,24.832608999999998,,,11,6,5,0.001223717877405718
KIW,KANWALPURA,75.98301000000001,24.788625,,,11,3,8,0.001223717877405718
MKX,MORAK,75.97333900000001,24.730953,,,11,5,6,0.001223717877405718
RMA,RAMGANJ MANDI,75.939411,24.644606,,,17,7,10,0.0018912003559906554
JHW,JHALAWAR ROAD,75.919686,24.541893,,,11,5,6,0.001223717877405718
DKRA,DHUANKHERI,75.89805,24.504973000000003,,,6,4,2,0.0006674824785849371
BWM,BHAWANI MANDI,75.82981,24.419472000000003,,,6,3,3,0.0006674824785849371
KRLS,KURLAS,75.7260090143,24.354200582,,,10,5,5,0.001112470797641562
GOH,GAROT,75.68432197690001,24.2790919912,,,11,7,4,0.001223717877405718
SGZ,SHAMGARH,75.642842,24.191141000000002,,,10,5,5,0.001112470797641562
HNU,HANSPURA,75.64670478090001,24.1312068327,,,6,3,3,0.0006674824785849371
SVA,SUWASRA,75.64834400000001,24.069844,,,10,5,5,0.001112470797641562
NKH,NATHUKHERI,75.64345572270001,24.0200433795,,,10,4,6,0.001112470797641562
CMU,CHAU MAHLA,75.60086100000001,23.948204999999998,,,12,6,6,0.0013349649571698743
TLZ,TALAVLI,75.596821,23.903499,,,8,5,3,0.0008899766381132495
THUR,THURIA,75.55457,23.833165,,,6,2,4,0.0006674824785849371
VMA,VIKRAMGARH ALOT,75.53837899999999,23.765121,,,6,3,3,0.0006674824785849371
LNR,LUNI RICHHA,75.51367,23.660393,,,9,4,5,0.0010012237178774058
MEP,MAHIDPUR ROAD,75.500338,23.567509,,,9,6,3,0.0010012237178774058
RLK,ROHAL KHURD,75.460561,23.482264,,,12,6,6,0.0013349649571698743
PUD,PHANDA,77.189255,23.232986,,,4,2,2,0.00044498831905662476
PNWN,PACHWAN,77.128302,23.208785000000002,,,4,2,2,0.00044498831905662476
DNK,DHANAKYA,75.605607,26.91819,,,14,8,6,0.0015574591166981867
SEH,SEHORE,77.07788199999999,23.215095,,,5,2,3,0.000556235398820781
BDYK,BINDAYAKA,75.659572,26.924224,,,17,9,8,0.0018912003559906554
KKU,KANAKPURA,75.702559,26.92883,,,12,7,5,0.0013349649571698743
BKTL,BAKTAL,77.038514,23.234083000000002,,,5,3,2,0.000556235398820781
PRB,PARBATI,77.012393,23.250527,,,4,2,2,0.00044498831905662476
JBX,JABRI,76.889341,23.294103999999997,,,5,2,3,0.000556235398820781
KPP,KALAPIPAL,76.834002,23.332775,,,5,2,3,0.000556235398820781
CKOD,CHAKROD,76.779716546,23.3530905936,,,4,2,2,0.00044498831905662476
SJP,SHUJALPUR,76.72347500000001,23.381235999999998,,,4,2,2,0.00044498831905662476
UJN,UJJAIN JN,75.781403,23.178154,,,10,5,5,0.001112470797641562
MQE,MOHAMMADKHERA,76.665757,23.384268,,,4,2,2,0.00044498831905662476
AKD,AKODIA,76.599245,23.378255,,,5,3,2,0.000556235398820781
BLX,BOLAI,76.4864047449,23.361400652599997,,,5,3,2,0.000556235398820781
KSH,KALI SINDH,76.430306,23.344476,,,4,2,2,0.00044498831905662476
KONY,KISONI,76.371773,23.301733000000002,,,4,2,2,0.00044498831905662476
BCH,BERCHHA,76.33419289999999,23.282480800000002,,,8,4,4,0.0008899766381132495
PUO,PIR UMROD,76.2299643091,23.2558608677,,,6,2,4,0.0006674824785849371
MKC,MAKSI,76.159116,23.251625,,,11,6,5,0.001223717877405718
SVT,SHIVPURA,76.0076378418,23.2563508677,,,7,2,5,0.0007787295583490933
TJP,TAJPUR,75.9235679364,23.2169677672,,,7,3,4,0.0007787295583490933
PLW,PINGLESHWAR,75.8603440417,23.2111360434,,,5,2,3,0.000556235398820781
UJNC,UJN C CABIN,75.801153,23.184543,,,12,7,5,0.0013349649571698743
DPZ,DEVPURA,76.251747,26.03271,,,8,2,6,0.0008899766381132495
SURL,SURELI,76.077102,26.118939,,,6,2,4,0.0006674824785849371
ISA,ISARDA,76.030637,26.170515,,,6,3,3,0.0006674824785849371
SRAS,SIRAS,76.00108138670001,26.2571138478,,,7,4,3,0.0007787295583490933
BNLW,BANSTHALI NIWAI,75.93511006349999,26.383927808699998,,,7,4,3,0.0007787295583490933
CHNN,CHANNANI,75.920457,26.49509,,,7,3,4,0.0007787295583490933
CKS,CHAKSU,75.910778,26.592917999999997,,,6,2,4,0.0006674824785849371
SAS,SHIVDASPURA PADAMPURA,75.88328200000001,26.71363,,,5,3,2,0.000556235398820781
BTSD,BHATISUDA,75.421478,23.392187,,,7,5,2,0.0007787295583490933
PPG,PIPLODA BAGLA,75.433639,23.357472,,,4,2,2,0.00044498831905662476
UNL,UNHEL,75.472209,23.316776,,,4,2,2,0.00044498831905662476
PSO,PALSORA MAKRAWA,75.5315691821,23.260650211799998,,,4,2,2,0.00044498831905662476
ASL,ASLAODA,75.60816015629999,23.231264309,,,4,2,2,0.00044498831905662476
GRFB,GAMBHIR BR,75.637187,23.226323,,,6,3,3,0.0006674824785849371
NKI,NAIKHERI,75.689198,23.196778,,,4,2,2,0.00044498831905662476
SNGN,SANGANER,75.772245,26.814113,,,5,2,3,0.000556235398820781
DPA,DURGAPURA,75.786436,26.855947,,,5,3,2,0.000556235398820781
BSGD,BAIS GODAM,75.7898479,26.90199441,,,5,2,3,0.000556235398820781
GNQ,GODHANI,79.068176,21.21103,,,13,6,7,0.0014462120369340306
BWRA,BHARATWADA,79.0171081,21.231695,,,13,5,8,0.0014462120369340306
KSWR,KALMESHWAR,78.91586099999999,21.229072,,,13,6,7,0.0014462120369340306
KOHL,KOHLI,78.807616,21.273749,,,11,7,4,0.001223717877405718
SNKB,SONKHAMB,78.725612,21.274259,,,7,3,4,0.0007787295583490933
MER,METPANJRA,78.65915899999999,21.26917,,,10,6,4,0.001112470797641562
KATL,KATOL,78.590664,21.263201,,,9,3,6,0.0010012237178774058
KLBA,KALAMBHA,78.558413,21.344635,,,9,5,4,0.0010012237178774058
TNH,TINKHEDA,78.523446,21.407727,,,16,7,9,0.001779953276226499
NRKR,NARKHER,78.52481399999999,21.468725,,,21,12,9,0.00233618867504728
DDMT,DARIMETA,78.5411,21.536803,,,12,6,6,0.0013349649571698743
PAR,PANDHURNA,78.525394,21.589996,,,13,6,7,0.0014462120369340306
TEO,TEEGAON,78.460308,21.637046,,,14,7,7,0.0015574591166981867
GDKP,GHUNDANKHAPA,78.42563,21.655105000000002,,,10,5,5,0.001112470797641562
CCD,CHICHONDA,78.352032,21.709709,,,10,5,5,0.001112470797641562
HTN,HATNA PUR,78.334344,21.761852,,,8,3,5,0.0008899766381132495
MTY,MULTAI,78.26283000000001,21.783543,,,10,5,5,0.001112470797641562
AMLA,AMLA JN,78.123187,21.919717000000002,,,13,4,9,0.0014462120369340306
MALK,MALKAPUR ROAD,77.967468,21.904426,,,8,3,5,0.0008899766381132495
BZU,BETUL,77.90589700000001,21.896393,,,11,7,4,0.001223717877405718
MJY,MARAMJHIRI,77.883002,21.946123,,,11,4,7,0.001223717877405718
DHQ,DHARAKHOH,77.949934,22.009297,,,12,6,6,0.0013349649571698743
GDYA,GHORADONGRI,78.001987,22.126423,,,18,11,7,0.0020024474357548117
BBTR,BARBATPUR,77.920758,22.197033,,,22,6,16,0.002447435754811436
MGRD,MAGARDOH,77.894738,22.248104,,,10,5,5,0.001112470797641562
DOH,DHODRA MOHAR,77.875226,22.281504,,,16,4,12,0.001779953276226499
POX,POLA-PATTHAR,77.85334900000001,22.347657,,,4,2,2,0.00044498831905662476
KQE,KALA AKHAR,77.818115,22.394548999999998,,,13,5,8,0.0014462120369340306
SAHL,SAHELI,77.819849,22.488281,,,13,8,5,0.0014462120369340306
TAKU,TAKU,77.8158087866,22.5155599418,,,9,5,4,0.0010012237178774058
KSLA,KESLA,77.8065090723,22.541216959,,,4,2,2,0.00044498831905662476
KRTH,KIRATGARH,77.77251,22.538155,,,16,11,5,0.001779953276226499
JHP,JUHJARPUR,77.755836,22.598117000000002,,,4,2,2,0.00044498831905662476
HN,HATHBANDH,81.846233,21.632219,,,10,5,5,0.001112470797641562
BYT,BHATAPARA,81.946062,21.732464,,,12,6,6,0.0013349649571698743
NPI,NIPANIA,82.044275,21.826434,,,14,6,8,0.0015574591166981867
DGS,DAGORI,82.069143,21.905693,,,12,5,7,0.0013349649571698743
SLRA,SARALA,84.017534,21.511822,,,13,7,6,0.0014462120369340306
SSN,SASON,84.03917034669999,21.5595350543,,,11,6,5,0.001223717877405718
RGL,RENGALI,84.042299,21.636895,,,8,4,4,0.0008899766381132495
LPG,LAPANGA,84.03998,21.732794,,,6,2,4,0.0006674824785849371
BXQ,BRUNDAMAL,84.016216,21.806503000000003,,,8,3,5,0.0008899766381132495
JSGR,JHARSUGUDA ROAD,84.010526,21.850125,,,11,5,6,0.001223717877405718
BBSN,BHUBANESWAR NEW,85.83518699999999,20.382175,,,23,14,9,0.0025586828345755923
GBK,GOPALPUR BALKDA,85.87790899999999,20.432634999999998,,,16,9,7,0.001779953276226499
KTJI,KATHA JORI,85.896353,20.45107,,,12,6,6,0.0013349649571698743
CTC,CUTTACK,85.90156,20.466587999999998,,,21,9,12,0.00233618867504728
KNPR,KENDRAPARA ROAD,85.917437,20.498481,,,25,14,11,0.002781176994103905
NRG,NERGUNDI,85.959078,20.538381,,,26,12,14,0.002892424073868061
MZY,MACHAPUR,85.768912,20.569003,,,10,4,6,0.001112470797641562
GJTA,GARUDIJHATIA,85.828478,20.570067,,,5,2,3,0.000556235398820781
BDPG,BADA PADAGAON,85.87382799,20.570588309999998,,,5,3,2,0.000556235398820781
CBT,CHARBATIA,85.9113306,20.569383900000002,,,5,2,3,0.000556235398820781
SQQ,SALAGAON,85.957487,20.56434,,,6,3,3,0.0006674824785849371
SVK,SIVARAKOTTAI,77.986107,9.738427999999999,,,6,3,3,0.0006674824785849371
SLGM,SANKARALINGAPRM,77.88414,9.524914,,,3,2,1,0.0003337412392924686
CPM,CHOLAPURAM,77.57086691235357,9.354660443863636,,,2,1,1,0.00022249415952831238
MDU,MADURAI JN,78.11031399999999,9.919907,,,15,6,9,0.0016687061964623428
TDN,TIRUPARANKNDRM,78.065958,9.879446999999999,,,7,4,3,0.0007787295583490933
TMQ,TIRUMANGALAM,77.99090199999999,9.824778,,,7,3,4,0.0007787295583490933
KGD,KALLIGUDI,77.97402,9.695381000000001,,,9,5,4,0.0010012237178774058
VPT,VIRUDUNAGAR JN,77.95773700000001,9.596405,,,8,3,5,0.0008899766381132495
SCT,SENGOTTAI,77.24185,8.9874125,,,3,1,2,0.0003337412392924686
TSI,TENKASI JN,77.30733799999999,8.963993,,,4,2,2,0.00044498831905662476
KDNL,KADAYNALLUR,77.36319769999999,9.085394,,,4,2,2,0.00044498831905662476
PBKS,PAMBA KOVIL SHANDY,77.431001,9.130538,,,4,2,2,0.00044498831905662476
SNKL,SANKARANKOVIL,77.525924,9.176539,,,4,2,2,0.00044498831905662476
RJPM,RAJAPALAYAM,77.561026,9.452404,,,4,2,2,0.00044498831905662476
SVPR,SRIVILLIPUTTUR,77.64494,9.497497,,,4,2,2,0.00044498831905662476
SVKS,SIVAKASI,77.78924400000001,9.463321,,,4,2,2,0.00044498831905662476
TTL,TIRUTTANGAL,77.8108864374,9.4772991528,,,4,2,2,0.00044498831905662476
MKSP,MUKHASA PARUR,79.240919,11.566638000000001,,,6,3,3,0.0006674824785849371
KKTI,KUTTAKUDI,79.154962,11.591907,,,4,2,2,0.00044498831905662476
PRV,PUKKIRIVARI,78.989079,11.633792,,,4,2,2,0.00044498831905662476
SRVT,SIRUVATTUR,78.943922,11.636294000000001,,,6,3,3,0.0006674824785849371
CHSM,CHINNA SALEM,78.873821,11.631062,,,6,3,3,0.0006674824785849371
MLYR,MELNARIYAPANUR,78.814791,11.615910999999999,,,4,2,2,0.00044498831905662476
TVS,TALAIVASAL,78.75084,11.596392,,,4,2,2,0.00044498831905662476
ATU,ATTUR,78.592092,11.594788,,,6,3,3,0.0006674824785849371
PDKM,PEDANAYAKANPALAYAM,78.5053,11.647063000000001,,,8,4,4,0.0008899766381132495
MGSJ,MAGNESITE JN,78.096286,11.696253,,,14,7,7,0.0015574591166981867
ETP,ETTAPUR ROAD,78.468545,11.651009,,,6,3,3,0.0006674824785849371
SA,SALEM JN,78.113415,11.671726000000001,,,19,12,7,0.0021136945155189675
VGE,VALAPPADI G HLT,78.400452,11.654623999999998,,,6,3,3,0.0006674824785849371
MPLI,MINNAMPALLI,78.2849851605,11.671079675900002,,,8,4,4,0.0008899766381132495
APN,AYODHYAPATTANAM,78.233642,11.671392,,,6,3,3,0.0006674824785849371
SLME,SALEM EAST,78.178121,11.662932,,,4,2,2,0.00044498831905662476
SXT,SALEM TOWN,78.162096,11.660046,,,4,2,2,0.00044498831905662476
SAMT,SALEM MARKET,78.142621,11.654084,,,4,2,2,0.00044498831905662476
OML,OMALUR,78.04678001590001,11.7385543,,,11,6,5,0.001223717877405718
TOS,TOLASAMPATTI,77.979547,11.761619,,,4,2,2,0.00044498831905662476
MCRD,MECHERI ROAD,77.921857,11.804210999999999,,,6,3,3,0.0006674824785849371
MTDM,METUR DAM,77.83200799999999,11.807081,,,2,1,1,0.00022249415952831238
